id_starname,teff,teff_err,logg,logg_err,feh,feh_err,parallax,parallax_err,kmag,kmag_err,ra,dec,band,dust,comments
KIC1435467,6215.0483,140.4457,4.10421835486515,0.00881104362027405,0.00075433217,0.08088637,0.007337584408721481,3.017258342924623e-05,7.718,0.017,292.0826387546914,37.05987401545169,kmag,allsky,using APOGEE DR14 m_h and teff
KIC2010607,6315.1045,142.2364,3.796332261917653,0.09450497794189244,0.06549585,0.083319224,0.001628592276149511,2.6386132806215326e-05,10.155,0.019,290.50559137541734,37.45893516017856,kmag,allsky,using APOGEE DR14 m_h and teff
KIC2309595,5074.0425,88.33419,3.7279188244519843,0.009461670274024678,-0.01529737,0.036552176,0.0025978996763661847,2.7855535546288746e-05,9.5,0.018000000000000002,292.9014487360415,37.62450961132608,kmag,allsky,using APOGEE DR14 m_h and teff
KIC2450729,6004.721,136.88783,3.9786084282443683,0.04782983784896823,-0.13752252,0.07598133,0.003686056444792692,2.9286424557973688e-05,9.283,0.018000000000000002,293.0736309167399,37.71658174566087,kmag,allsky,using APOGEE DR14 m_h and teff
KIC2837475,6374.808000000001,148.83867,4.181247812268579,0.008216691379543312,-0.05169815,0.08475317,0.008297790541507515,2.8966141777005033e-05,7.4639999999999995,0.027000000000000003,287.54857383346314,38.082133584002044,kmag,allsky,using APOGEE DR14 m_h and teff
KIC2849125,6069.326,138.8985,3.817344102029428,0.017629529069782168,0.29047602,0.09000496,0.0016848882360613964,2.5075703269819563e-05,10.037,0.018000000000000002,290.7306604068038,38.08566498955752,kmag,allsky,using APOGEE DR14 m_h and teff
KIC2852862,6115.3374,140.58768,3.9528846273512666,0.009760349481898923,-0.11996241,0.07850149,0.0026223523626434137,2.3537137303475008e-05,9.511000000000001,0.018000000000000002,291.52574513998627,38.04342678382253,kmag,allsky,using APOGEE DR14 m_h and teff
KIC2991448,5588.1626,118.91807,3.9863358463438363,0.009457087074829515,-0.03417071,0.0672645,0.0035872019531703637,2.9688377756963982e-05,9.225,0.021,291.8246955697834,38.113118330002926,kmag,allsky,using APOGEE DR14 m_h and teff
KIC2998253,6122.4883,137.04503,4.235605305606861,0.05248853331763252,-0.00462104,0.07871389,0.003963774677866837,2.4479853933468452e-05,9.396,0.018000000000000002,293.29146028171164,38.107248884604296,kmag,allsky,using APOGEE DR14 m_h and teff
KIC3112152,5937.899,130.73898,4.040597722433964,0.02026950399123071,-0.022780257999999998,0.074551165,0.002128475534915428,2.3514654637248268e-05,10.442,0.018000000000000002,290.34301932049607,38.286899144920675,kmag,allsky,using APOGEE DR14 m_h and teff
KIC3112889,6143.901999999999,144.92775,3.901392326191054,0.033392586897529136,-0.21463376,0.07911252,0.002339925816955447,3.0353271541793525e-05,9.925,0.018000000000000002,290.5380106789846,38.24198422575043,kmag,allsky,using APOGEE DR14 m_h and teff
KIC3115178,4882.763,78.35863499999999,3.5435447765295742,0.009550583565419437,0.13854305,0.030216700000000003,0.002230802699163827,2.3389227326496412e-05,9.421,0.018000000000000002,291.11691830325594,38.213817615945956,kmag,allsky,using APOGEE DR14 m_h and teff
KIC3223000,5979.4927,136.42706,4.3656997625991565,0.09528194930142564,-0.15295815,0.07541221,0.008064882276846326,7.006927110081627e-05,8.156,0.034,287.9627852603288,38.39566597017495,kmag,allsky,using APOGEE DR14 m_h and teff
KIC3241581,5599.9614,111.08939,4.389316849793406,0.06148446367453056,0.2623322,0.06755555,0.007733148039824818,3.8620954055524035e-05,8.711,0.018000000000000002,293.0853050465206,38.34166868111962,kmag,allsky,using APOGEE DR14 m_h and teff
KIC3329196,4912.5283,80.697914,3.5511249656334103,0.03158346666127232,-0.24998295,0.03781235,0.003687585299183595,2.104483439160869e-05,8.478,0.018000000000000002,287.6139781083662,38.48114279439915,kmag,allsky,using APOGEE DR14 m_h and teff
KIC3424541,6328.444,136.86223999999999,3.853818538402363,0.008544427857317786,0.24082085,0.08367235,0.003198730322999267,2.8134528388818565e-05,8.613999999999999,0.024,285.17906527017163,38.57362018548515,kmag,allsky,using APOGEE DR14 m_h and teff
KIC3427720,5992.9775,131.7569,4.3912982069205615,0.011060698603970723,0.008969495,0.07577853,0.010707861664233377,2.632074417220617e-05,7.8260000000000005,0.017,286.4382560026279,38.52262835693347,kmag,allsky,using APOGEE DR14 m_h and teff
KIC3429205,4996.9717,84.27175,3.4856656835022215,0.007705731793985731,0.0037456090000000004,0.034630593,0.0034410391191519504,2.3558042629147076e-05,8.183,0.02,287.0070337616333,38.52538571912825,kmag,allsky,using APOGEE DR14 m_h and teff
KIC3430893,6046.743,134.81552,4.188113808459457,0.023440375051846662,-0.024308372,0.07697412,0.003481765864196545,2.3377313744692613e-05,9.519,0.017,287.62135117974776,38.538486509213726,kmag,allsky,using APOGEE DR14 m_h and teff
KIC3437637,5374.771,106.38018999999998,3.853559627267935,0.02437601348440364,-0.15563336,0.046895735,0.002677070740577992,2.9209311975746182e-05,9.682,0.018000000000000002,289.76039294023775,38.575285918186395,kmag,allsky,using APOGEE DR14 m_h and teff
KIC3438633,6313.0596,149.9049,3.951533994470136,0.0180311509669469,-0.15694915,0.08317987,0.002346962642649052,2.779121561906524e-05,9.922,0.017,290.02825727825206,38.59797388242753,kmag,allsky,using APOGEE DR14 m_h and teff
KIC3545753,5935.5073,149.77103,3.8282987540909534,0.039056135580974,-0.26089337,0.06866702,0.0021695310623933667,2.3641097556435684e-05,9.675,0.018000000000000002,291.7271257694145,38.689477715274045,kmag,allsky,using APOGEE DR14 m_h and teff
KIC3630240,5041.6553,89.59494000000001,3.3219475293385883,0.012019734660931564,-0.5496945,0.04725237,0.0017076015186085903,2.6273681416432124e-05,9.73,0.017,286.51700433122045,38.72657875626482,kmag,allsky,using APOGEE DR14 m_h and teff
KIC3632418,6106.7866,140.9437,3.7987565619587147,0.021623133359230468,-0.14064604,0.078294255,0.009235910602542276,3.230708740761089e-05,6.945,0.018000000000000002,287.36196731685897,38.71413838052882,kmag,allsky,using APOGEE DR14 m_h and teff
KIC3633847,6075.4927,130.49477,4.015237221398071,0.0343029908825399,0.14459234,0.07767128,0.0035613612598080968,5.6342212231332684e-05,8.972000000000001,0.018000000000000002,287.8961603529516,38.74379584761459,kmag,allsky,using APOGEE DR14 m_h and teff
KIC3633889,6234.848000000001,147.2917,4.267579266740039,0.01451055762285644,-0.17584002,0.081279285,0.005195750046215034,2.521205806241453e-05,8.946,0.018000000000000002,287.9141350847669,38.73456885165679,kmag,allsky,using APOGEE DR14 m_h and teff
KIC3642422,5163.997,93.084335,3.617238611650656,0.04352694307038068,0.05365563,0.037121292,0.00273427257562015,5.0669349385215325e-05,8.493,0.018000000000000002,290.5399483790872,38.760306531400225,kmag,allsky,using APOGEE DR14 m_h and teff
KIC3643774,5975.07,124.95198,4.150013581659911,0.015823190677519118,0.20834333,0.075421065,0.005358582286245501,2.6679888179404904e-05,8.572000000000001,0.017,290.9470668778781,38.77706175365137,kmag,allsky,using APOGEE DR14 m_h and teff
KIC3656476,5583.028,109.90648,4.226422268583652,0.00803295733595025,0.28696409999999994,0.06722105,0.008735325993096062,2.5428765949993292e-05,8.008,0.017,294.2039287839221,38.71591251963522,kmag,allsky,using APOGEE DR14 m_h and teff
KIC3657002,5972.0654,126.948494,4.1591339367396785,0.026478321885019213,0.13935064,0.07534578,0.006061532772919417,2.9322508029842923e-05,8.427,0.02,294.33265110237653,38.74471821259211,kmag,allsky,using APOGEE DR14 m_h and teff
KIC3661135,5542.7446,114.75131999999999,3.941181922109525,0.01457176920980921,0.061983887,0.06640086,0.003458845974828332,3.357828480433447e-05,9.241,0.017,295.26355752691325,38.74576478606007,kmag,allsky,using APOGEE DR14 m_h and teff
KIC3730801,5767.245,124.30084,4.121445980454768,0.016844514307710716,0.22452693,0.07723251,0.002751533518299869,2.253401401133213e-05,10.015,0.015,286.11974867103766,38.81169925578071,kmag,allsky,using APOGEE DR14 m_h and teff
KIC3733735,6509.709,156.03395,4.296924668668829,0.0096980849768486,-0.08574915,0.08816296,0.00977741180592977,2.7185261446399504e-05,7.374,0.021,287.2581560064136,38.899730155758455,kmag,allsky,using APOGEE DR14 m_h and teff
KIC3735871,5960.385,131.76004,4.404093513987837,0.0122145866415655,-0.029105559,0.07504323,0.008213453724282702,2.613130909246497e-05,8.477,0.018000000000000002,288.06919662698033,38.81757141752832,kmag,allsky,using APOGEE DR14 m_h and teff
KIC3761840,5918.376,146.97963000000001,3.7635856686664284,0.03052997648800192,0.02165013,0.058475364,0.0018491191695441357,2.6582280622992008e-05,9.584,0.018000000000000002,295.17490810966336,38.802256475923116,kmag,allsky,using APOGEE DR14 m_h and teff
KIC3854781,5567.6387,108.367455,4.011976860073056,0.01375835593115033,0.3272665,0.066917695,0.0030444461630352738,2.8633967065165162e-05,9.634,0.018000000000000002,292.63968809497464,38.91403197192479,kmag,allsky,using APOGEE DR14 m_h and teff
KIC3942719,5653.2954,126.50254,3.83861232956371,0.0129406524970641,-0.31492338,0.060011942,0.0030784353656663965,4.543535908389475e-05,9.131,0.018000000000000002,287.9924951449109,39.03704189015113,kmag,allsky,using APOGEE DR14 m_h and teff
KIC3952307,6025.6973,133.27448,3.887852187937965,0.029336895297301636,-0.0007737037,0.07650756,0.0029424392644576062,2.909528476433522e-05,9.248,0.018000000000000002,290.9361423530763,39.000647146137226,kmag,allsky,using APOGEE DR14 m_h and teff
KIC3952580,6108.7397,165.04321000000002,3.7577552464214263,0.014618739797136038,-0.008717369,0.06636339999999999,0.0024639781261735355,2.879345337855644e-05,9.001,0.018000000000000002,291.0203567708545,39.01637935472562,kmag,allsky,using APOGEE DR14 m_h and teff
KIC3967859,5969.2925,140.58989,4.153637748715628,0.05640095274394525,-0.29230508,0.07510497,0.0050341271473956116,3.73243279342521e-05,9.231,0.017,294.9674846394449,39.047628649549814,kmag,allsky,using APOGEE DR14 m_h and teff
KIC4038445,5018.2207,87.28645999999999,3.6098394398407736,0.00926244985413579,-0.751761,0.050968815,0.00218192107358911,3.089348110191545e-05,9.682,0.016,285.51669653815065,39.11428328468201,kmag,allsky,using APOGEE DR14 m_h and teff
KIC4049576,5847.8667,141.68868999999998,3.9297457473825763,0.05755762677827336,-0.17933336,0.06248189999999999,0.002236214393130909,2.236139873118517e-05,9.993,0.018000000000000002,289.4498097716263,39.186912651602036,kmag,allsky,using APOGEE DR14 m_h and teff
KIC4064447,5165.07,114.25941999999999,3.381815461404241,0.03323771462931571,-0.12356336400000001,0.039207692999999995,0.0012157423711984556,2.5501089231828112e-05,9.71,0.018000000000000002,293.43099672892595,39.15178435155021,kmag,allsky,using APOGEE DR14 m_h and teff
KIC4072740,4868.7754,77.54584,3.3278725607823105,0.007862803152636414,0.21078569,0.028848522999999997,0.003884245372439582,2.4153183290274896e-05,7.535,0.024,295.41806747291224,39.17299444806633,kmag,allsky,using APOGEE DR14 m_h and teff
KIC4165030,5384.305,136.37001,3.972297812853603,0.016335871406978526,-0.38620338,0.050858497999999995,0.002886185550076736,2.217419048010064e-05,9.943,0.018000000000000002,293.3704352611008,39.26274754821213,kmag,allsky,using APOGEE DR14 m_h and teff
KIC4243623,4934.7476,81.85186,3.606853085355869,0.011135505086234912,-0.27526405,0.03881184,0.002879974159301737,2.576420885559036e-05,9.149,0.017,285.50848678159235,39.35136088740829,kmag,allsky,using APOGEE DR14 m_h and teff
KIC4247542,6312.3335,159.03603999999999,4.047636319254004,0.059099282943306186,-0.40931916,0.08298466,0.0023469985692470617,2.1224471998963286e-05,10.264000000000001,0.018000000000000002,287.06838862459057,39.35524847951939,kmag,allsky,using APOGEE DR14 m_h and teff
KIC4346201,5821.338000000001,140.06609,3.9299245947480954,0.020568398596478885,-0.32449338,0.06649288,0.0039291205032288105,9.378442577607279e-05,8.609,0.02,285.2860172897109,39.49827279019023,kmag,allsky,using APOGEE DR14 m_h and teff
KIC4347652,4954.782,81.92105,3.3292957755289154,0.05122564907936513,0.10293718,0.032073744,0.001767942857225425,2.853839660367949e-05,9.17,0.017,285.9073487836037,39.40626202089854,kmag,allsky,using APOGEE DR14 m_h and teff
KIC4351319,4908.248,79.208275,3.4983881073893643,0.007864487008098348,0.30846334,0.02800717,0.0038622168492948978,2.238460893615121e-05,7.909,0.02,287.39870343931386,39.49752934960674,kmag,allsky,using APOGEE DR14 m_h and teff
KIC4378838,4929.959,80.24826999999999,3.5104562821944465,0.013103480964061096,0.31073147,0.028318696,0.002238465924435421,2.650162278754133e-05,8.93,0.017,295.00919840487165,39.46422226170151,kmag,allsky,using APOGEE DR14 m_h and teff
KIC4446300,5243.063,97.80203,3.853066999437927,0.016259241513965704,-0.0041933693,0.040077865,0.004060480389967332,2.7243598374366227e-05,8.838,0.017,285.35843473482487,39.565502910072155,kmag,allsky,using APOGEE DR14 m_h and teff
KIC4450844,5757.8535,128.54033,4.080208140799064,0.009194489612858237,-0.16246301,0.07065006,0.004483143542281449,2.266878593626859e-05,9.033,0.023,287.3148859026392,39.53831763368832,kmag,allsky,using APOGEE DR14 m_h and teff
KIC4457351,5266.6953,100.036446,3.964329840306272,0.017045383451039328,-0.27984336,0.04706973,0.0033188668191208495,3.5356781903282225e-05,9.424,0.016,289.5538465014463,39.56550614915529,kmag,allsky,using APOGEE DR14 m_h and teff
KIC4465324,5677.1255,128.36606,4.183508307819267,0.018193202489730442,0.091694556,0.07808723,0.0034378864532094936,2.8408566679834886e-05,9.902000000000001,0.019,291.8913898051817,39.58118129190865,kmag,allsky,using APOGEE DR14 m_h and teff
KIC4465529,6310.7563,143.11141999999998,4.109848973973104,0.02198880601970183,0.034715846,0.083204284,0.004567936206759274,2.4060255647165655e-05,8.731,0.019,291.94718172829374,39.58432457316167,kmag,allsky,using APOGEE DR14 m_h and teff
KIC4543171,6022.8438,127.216705,4.128347933923036,0.021606158022311396,0.18913656,0.07648510000000001,0.004127223488241538,2.58942606520363e-05,9.062999999999999,0.02,285.2371779543625,39.66641176283297,kmag,allsky,using APOGEE DR14 m_h and teff
KIC4571351,5850.8296,131.82402,4.062111357533508,0.050556053642130325,0.20010391,0.08273272,0.0037312854579630837,2.671045585544836e-05,9.48,0.018000000000000002,294.2964897119716,39.695934257922566,kmag,allsky,using APOGEE DR14 m_h and teff
KIC4571904,6012.0186,154.03398,3.842057929070228,0.021066572592727668,-0.02118101,0.0944898,0.0015225288472804936,0.0003022058033081099,10.306,0.022000000000000002,294.4362762282043,39.64271772085058,kmag,allsky,using APOGEE DR14 m_h and teff
KIC4574610,5943.3813,149.96976,3.7928669867235265,0.021736263365388524,-0.14904337,0.06498037,0.004261153598772278,3.0208946164606624e-05,7.686,0.024,295.06439472619763,39.682891304168685,kmag,allsky,using APOGEE DR14 m_h and teff
KIC4577484,5380.1895,106.66881000000001,3.8452430690550536,0.0584466355059127,0.17720947,0.063324854,0.0027044433623008655,3.32772723574819e-05,9.283,0.013999999999999999,295.68290735770273,39.618849411240134,kmag,allsky,using APOGEE DR14 m_h and teff
KIC4586099,6353.01,151.24152,4.020559052081413,0.015601890356591213,-0.14555915,0.084167756,0.005509982592045252,2.950665359887846e-05,7.98,0.026000000000000002,297.4098620518977,39.6463552804419,kmag,allsky,using APOGEE DR14 m_h and teff
KIC4638884,6452.174,149.43567,4.052062425659766,0.009318318681359926,0.025291748,0.08672988400000001,0.003932303020226733,2.4994028626253574e-05,8.752,0.017,286.4077527189409,39.719398840828376,kmag,allsky,using APOGEE DR14 m_h and teff
KIC4641621,5865.4805,145.16325,3.609043986073412,0.045137676560704165,-0.19664337,0.06354118,0.0013283461244715205,2.003958364799081e-05,10.177999999999999,0.018000000000000002,287.58883225978286,39.71147159826272,kmag,allsky,using APOGEE DR14 m_h and teff
KIC4672403,5704.347,119.650444,3.988670283213736,0.020542992042892838,0.16845077,0.07202872,0.0027580515679220324,3.154653774156632e-05,9.699,0.013999999999999999,296.1616215928645,39.78177709864818,kmag,allsky,using APOGEE DR14 m_h and teff
KIC4739932,5744.6147,121.35682,4.003100941416133,0.037177213402201835,0.06319562,0.07045939999999999,0.0022582633775015066,2.338255881339056e-05,10.176,0.018000000000000002,289.7565029602037,39.8720242975967,kmag,allsky,using APOGEE DR14 m_h and teff
KIC4755204,5887.441,128.33461,4.082405125323732,0.014715825080030496,-0.003971815,0.07346006,0.003991338497849052,4.23394766513371e-05,9.263,0.018000000000000002,294.1491090249452,39.81192203910828,kmag,allsky,using APOGEE DR14 m_h and teff
KIC4756112,5878.9897,144.09355,3.777159267055117,0.04508027144991959,-0.11382337,0.06143371,0.001948142535679065,2.670444188180816e-05,9.59,0.022000000000000002,294.37733055100466,39.855695785772326,kmag,allsky,using APOGEE DR14 m_h and teff
KIC4841753,5933.415,131.13432,3.88858468846384,0.04092478218340241,0.1626918,0.08015336,0.0018161544405801925,2.361621917367921e-05,10.312999999999999,0.017,293.52514582699143,39.99118294932861,kmag,allsky,using APOGEE DR14 m_h and teff
KIC4842436,5675.514,114.85506000000001,4.070661512632729,0.059743094614905685,0.21167392,0.06906824,0.0030985448422735425,4.0238712983383084e-05,9.874,0.018000000000000002,293.72769027355616,39.90733619554557,kmag,allsky,using APOGEE DR14 m_h and teff
KIC4846457,5926.3240000000005,120.7326,3.7966098870896943,0.038203871054071116,0.29383177,0.07435218,0.0018853327989424612,2.92215886186925e-05,9.771,0.024,294.7394102024715,39.998093942555506,kmag,allsky,using APOGEE DR14 m_h and teff
KIC4914923,5782.4487,120.81551999999999,3.7869060842499263,0.021518051557626015,0.12559848,0.071260646,0.008217493631851603,9.0186391019956e-05,7.935,0.023,289.1454889245425,40.0480745377673,kmag,allsky,using APOGEE DR14 m_h and teff
KIC4915148,4902.0728,79.26132,3.665789637609496,0.008717732523010623,0.14573988,0.030431323,0.003792755899296645,2.169261080748916e-05,8.609,0.018000000000000002,289.21022402809456,40.0191251618955,kmag,allsky,using APOGEE DR14 m_h and teff
KIC4947253,5890.434,145.15536,3.9161410856204872,0.023430136373305738,-0.12801337,0.06231266,0.0026290554734164097,2.4874177633916388e-05,9.621,0.02,297.5143175319795,40.05043795204371,kmag,allsky,using APOGEE DR14 m_h and teff
KIC5021689,6267.3896,144.03023000000002,4.038385386323027,0.01492318937541871,-0.043609515,0.082123935,0.005586635143963099,2.4799901495212492e-05,8.196,0.021,294.7196964754528,40.15347221624359,kmag,allsky,using APOGEE DR14 m_h and teff
KIC5033245,5060.9517,87.13492600000001,3.54603824615106,0.009443086722335554,0.18923664,0.03253734,0.002439214686279623,3.9573005916451935e-05,8.927999999999999,0.018000000000000002,297.13011963177644,40.19169911275739,kmag,allsky,using APOGEE DR14 m_h and teff
KIC5084157,5656.4136,114.77474,4.196619110904116,0.012317252380128495,0.19258219,0.06867985,0.002936443875983261,2.1242161663020963e-05,10.175,0.018000000000000002,286.6882469172991,40.233242032369354,kmag,allsky,using APOGEE DR14 m_h and teff
KIC5095159,5139.7534,91.388664,3.68640004961676,0.06860970442227382,0.18764663,0.034087177,0.0026170493665788556,2.491958094895659e-05,9.196,0.042,290.52196152408663,40.24413737623214,kmag,allsky,using APOGEE DR14 m_h and teff
KIC5110725,4808.3174,74.35481,3.4103153864865554,0.0094516915327304,0.4213604,0.024931055,0.0026093804036159195,2.4436613979136424e-05,8.769,0.018000000000000002,294.9226663938278,40.284672855763496,kmag,allsky,using APOGEE DR14 m_h and teff
KIC5214711,6227.793000000001,142.8018,3.9647634442389874,0.05428173347548609,-0.05396121,0.08116956,0.002719153007305382,2.5568577733734083e-05,9.615,0.018000000000000002,298.3646223477048,40.34362316289415,kmag,allsky,using APOGEE DR14 m_h and teff
KIC5253542,5579.5156,111.00313999999999,4.31915741661515,0.027448783850249032,0.24207060000000002,0.06715003,0.0058396473648444965,2.425688678726834e-05,9.068999999999999,0.02,283.72177369582823,40.491768387112,kmag,allsky,using APOGEE DR14 m_h and teff
KIC5265656,5090.264,88.21499,3.6654883515471193,0.09394548096314677,0.39372665,0.029695397000000002,0.002778872986463435,2.1093856354066898e-05,9.004,0.019,288.91450828871837,40.41912793685249,kmag,allsky,using APOGEE DR14 m_h and teff
KIC5344612,6052.5435,136.90753,4.064931830933067,0.03769143031947631,-0.08205943,0.07708269,0.002608253950690805,2.7940738519426376e-05,9.849,0.017,285.3908688411218,40.51716866965096,kmag,allsky,using APOGEE DR14 m_h and teff
KIC5353186,6135.28,133.15639,3.904813698116656,0.014322590895130596,0.1299604,0.07904516,0.0018318078658552633,2.085003323329624e-05,10.156,0.016,288.9116188595277,40.59505542352288,kmag,allsky,using APOGEE DR14 m_h and teff
KIC5371516,6404.28,143.47383,3.975826245835427,0.014965458692574462,0.13680086,0.08554593,0.007532083306847771,3.136390631730387e-05,7.202000000000001,0.018000000000000002,294.36531821376695,40.58874654209039,kmag,allsky,using APOGEE DR14 m_h and teff
KIC5390438,4823.157999999999,75.40191,3.3850515012823315,0.00919156953376238,0.22938894,0.02783787,0.0028904985246739957,4.890860089748168e-05,8.377,0.018000000000000002,298.6342977464512,40.597683530667204,kmag,allsky,using APOGEE DR14 m_h and teff
KIC5429911,5074.494000000001,88.19539,3.577631511115163,0.024569716962384046,0.04886963,0.035333943,0.004394786389666975,2.661732056218091e-05,7.5329999999999995,0.017,285.0525451314505,40.6117814793989,kmag,allsky,using APOGEE DR14 m_h and teff
KIC5431016,6191.74,175.0579,3.95502226712027,0.04597515280877039,-0.29813337,0.08126758,0.002311130737839568,4.6267838535656096e-05,9.613999999999999,0.017,285.5891210631675,40.60526191890258,kmag,allsky,using APOGEE DR14 m_h and teff
KIC5450445,5997.003000000001,129.99358,3.988094947814152,0.0186905780372708,0.06979641,0.07588545,0.004251314846016598,2.6338000866301613e-05,8.502,0.019,292.452380208253,40.631652101468504,kmag,allsky,using APOGEE DR14 m_h and teff
KIC5512589,5670.946,118.12488,4.05923208379785,0.0109251322301319,0.090092376,0.06895674,0.0053381794581172475,2.5532235988979703e-05,8.562999999999999,0.018000000000000002,283.7329288393197,40.77556301193342,kmag,allsky,using APOGEE DR14 m_h and teff
KIC5516982,6274.6133,145.95193,4.197554641247464,0.013078473219948124,-0.090724595,0.082278445,0.005335579720946718,2.4593837281951254e-05,8.594,0.017,285.9149285670851,40.704933203962284,kmag,allsky,using APOGEE DR14 m_h and teff
KIC5523099,5388.8525,106.79375,3.797524368993616,0.019637583652132213,0.0008776299699999999,0.043495234,0.0021694124966159284,2.1201123466956032e-05,9.934,0.018000000000000002,288.46794719580816,40.75781614667841,kmag,allsky,using APOGEE DR14 m_h and teff
KIC5530375,5833.513000000001,140.41756999999998,3.6901359824104905,0.020698279789315453,-0.16822337,0.061597593,0.0028368840719475005,0.00015441374994926043,8.991,0.017,290.7542372725873,40.724473109253296,kmag,allsky,using APOGEE DR14 m_h and teff
KIC5543462,6074.047,153.77295,4.206310841251144,0.07098889282662774,-0.20924458,0.087372735,0.003676145652031341,2.8239107107703527e-05,9.824,0.025,294.6389416111113,40.70651477108459,kmag,allsky,using APOGEE DR14 m_h and teff
KIC5607242,5377.783,106.48798000000001,3.762214471899077,0.007757614083617519,-0.12883337,0.046310615,0.0029479806118021803,2.0331823210577084e-05,9.031,0.018000000000000002,287.6464041981885,40.843211141078974,kmag,allsky,using APOGEE DR14 m_h and teff
KIC5629080,5097.9473,91.06107,3.5526705718535103,0.009996498237144135,-0.22352336,0.04133518,0.0031922156864006147,2.7572017497294364e-05,8.487,0.024,294.47863578523413,40.83172346939164,kmag,allsky,using APOGEE DR14 m_h and teff
KIC5636956,6327.8057,141.33046000000002,3.973253232754747,0.017684685297731654,0.10733085,0.083640404,0.0023859474550295048,2.36103795721123e-05,9.602,0.012,296.4064310415427,40.83686266606571,kmag,allsky,using APOGEE DR14 m_h and teff
KIC5683538,6060.409000000001,160.41451999999998,3.793022763951256,0.07623652987284307,-0.5289010999999999,0.08309355,0.0018593810165261633,2.0176709648156104e-05,10.115,0.023,283.14851800934366,40.98829532526419,kmag,allsky,using APOGEE DR14 m_h and teff
KIC5689219,6443.9126,166.57863999999998,4.08539080358305,0.040145069996500964,-0.44453916,0.08622191,-0.000536800669351708,0.0006912018514591012,8.697000000000001,0.015,285.94557650699386,40.92056120782009,kmag,allsky,using APOGEE DR14 m_h and teff
KIC5723165,5236.8945,97.490486,3.684107147030083,0.008384856940946204,-0.02270737,0.040330496,0.0031797384326804137,2.7889616615525584e-05,8.749,0.012,296.5618894420668,40.99550768149771,kmag,allsky,using APOGEE DR14 m_h and teff
KIC5773155,6201.6816,134.80336,4.037522607148332,0.01858581207899774,0.15565923,0.08060653,0.0034233399166024767,2.7512738644278812e-05,9.101,0.017,285.34822924467073,41.019839457255934,kmag,allsky,using APOGEE DR14 m_h and teff
KIC5773345,6182.325,130.60974,4.0053452321436245,0.008775739413668162,0.26371825,0.08015799,0.005547873118767912,2.33961592842433e-05,7.946000000000001,0.017,285.4378322369741,41.08068118825256,kmag,allsky,using APOGEE DR14 m_h and teff
KIC5822889,5184.0103,94.43386,3.4017062807563425,0.012166579945117998,-0.026246369,0.03918645,0.0017023897464350573,3.761170123830725e-05,9.056000000000001,0.017,299.49272568872027,41.06972572969498,kmag,allsky,using APOGEE DR14 m_h and teff
KIC5892169,5216.679,95.99002,3.619311705268265,0.01031458827495943,0.09245063,0.037491005,0.003804349350187652,2.563176226673801e-05,8.031,0.021,296.22027083122777,41.11473024402526,kmag,allsky,using APOGEE DR14 m_h and teff
KIC5950854,5914.0347,134.6,4.237158310328287,0.009835588893366536,-0.17308477,0.07396448,0.00435470296963703,2.7379627657518224e-05,9.547,0.019,288.78362158579137,41.29887104678695,kmag,allsky,using APOGEE DR14 m_h and teff
KIC5955122,5945.695,133.1466,3.8885618048009865,0.008044252933107435,-0.090174586,0.074695796,0.005582213610288653,2.110498709512735e-05,7.919,0.024,290.122312484516,41.29148429874814,kmag,allsky,using APOGEE DR14 m_h and teff
KIC5961597,6434.7905,147.45586,4.0721666515331885,0.026290917424084653,0.07654185,0.08682292,0.003095587247229808,2.5685739906204125e-05,9.182,0.019,292.25753187066096,41.24146630520699,kmag,allsky,using APOGEE DR14 m_h and teff
KIC6034893,5152.064,92.693146,3.448946133214396,0.015040231245093441,-0.050184373,0.038961083,0.0019027293350737649,2.1813727468139838e-05,9.009,0.017,289.3651204677922,41.370785623610885,kmag,allsky,using APOGEE DR14 m_h and teff
KIC6035199,4900.4854,80.45201999999999,3.4258757799215735,0.01575768299825876,-0.38276535,0.040326363999999996,0.0025253281722443324,4.5595955878048765e-05,8.943999999999999,0.018000000000000002,289.46845553993626,41.33182745112699,kmag,allsky,using APOGEE DR14 m_h and teff
KIC6047087,6023.329000000001,139.19588000000002,4.250626898988266,0.028246355315136282,-0.18617213,0.07637286,0.005116880110268238,2.286011590758217e-05,9.125,0.018000000000000002,293.2660820673912,41.39232004203185,kmag,allsky,using APOGEE DR14 m_h and teff
KIC6049366,6256.464,147.15515,3.999780703053928,0.05141424485378459,-0.14652172,0.08181338,0.0025947049019551596,2.5082758081562817e-05,9.868,0.018000000000000002,293.9328704277111,41.31670210032685,kmag,allsky,using APOGEE DR14 m_h and teff
KIC6116048,6003.9927,138.76748999999998,4.278763580183012,0.00833041047824793,-0.19593534,0.07593448,0.0134173175274146,2.941585025347226e-05,7.121,0.017,289.44288473735287,41.41055332021363,kmag,allsky,using APOGEE DR14 m_h and teff
KIC6129877,6015.3667,132.58902,4.244154966625323,0.02747377505713487,0.008736171,0.07627871,0.005589637297667284,3.7487336256354726e-05,8.762,0.021,293.77497591077736,41.4198078925887,kmag,allsky,using APOGEE DR14 m_h and teff
KIC6145937,5262.388000000001,99.651855,3.7427645757757633,0.012241735272037516,-0.23976338,0.045956917,0.003647296726979845,2.900833777885511e-05,8.423,0.031,297.67635249439303,41.473111087928594,kmag,allsky,using APOGEE DR14 m_h and teff
KIC6232600,6442.8364,159.63261,4.257661641349873,0.0224901652591713,-0.26389915,0.08634357,0.008934785470832608,2.476361143561149e-05,7.755,0.024,298.87177945682964,41.58331279950416,kmag,allsky,using APOGEE DR14 m_h and teff
KIC6287060,5743.2207,121.78911000000001,4.1508352783279765,0.056619004139467764,0.046762355,0.0704263,0.004488643273706962,3.14757425134869e-05,8.891,0.017,292.4581382038523,41.69850980954124,kmag,allsky,using APOGEE DR14 m_h and teff
KIC6290627,5016.363,85.87001,3.422113988117069,0.010950984042142928,-0.23274645,0.03972804,0.0022960036443019157,2.641414106545168e-05,9.017000000000001,0.017,293.5943719516441,41.60625745061184,kmag,allsky,using APOGEE DR14 m_h and teff
KIC6308642,5622.2393,123.544426,3.8056013433689175,0.01534607028484116,-0.15679337,0.05416453,0.003023579759379273,2.1428985462676043e-05,9.039,0.018000000000000002,298.04659845214763,41.66639921512067,kmag,allsky,using APOGEE DR14 m_h and teff
KIC6313425,5611.9130000000005,122.25423400000001,3.740059851565397,0.008941202537040172,-0.01317637,0.049872216,0.0020075394094531533,2.9243183739006006e-05,9.737,0.02,299.080970095453,41.69447876166375,kmag,allsky,using APOGEE DR14 m_h and teff
KIC6370489,6325.255,158.8022,3.928156924103016,0.010660189207623166,-0.38696915,0.083319224,0.006850778394844858,2.797447008590441e-05,7.529,0.017,293.84150909689515,41.77650489127883,kmag,allsky,using APOGEE DR14 m_h and teff
KIC6430804,4920.994000000001,80.247925,3.473286141129353,0.012897673281710669,0.111631535,0.03132198,0.0021234443985155204,1.8475251445733015e-05,9.366,0.018000000000000002,287.50898793632575,41.88938999866377,kmag,allsky,using APOGEE DR14 m_h and teff
KIC6442183,5575.422,120.47685,3.778989062192633,0.02155132524654642,-0.103785396,0.06698653,0.01107888776236103,2.4303067354245056e-05,6.983,0.016,291.5800673469364,41.86991691413756,kmag,allsky,using APOGEE DR14 m_h and teff
KIC6508366,6323.2466,147.11931,3.9508842988133823,0.00836684190092028,-0.06563015,0.08347354,0.005546270509790096,2.3018764249750086e-05,7.801,0.024,286.93163372684074,41.93773511197378,kmag,allsky,using APOGEE DR14 m_h and teff
KIC6520835,6260.352,141.2969,3.9163085724172193,0.023174094071590573,0.028214073,0.08197935,0.0034398503515261094,2.047124562942719e-05,8.786,0.013999999999999999,291.31609726830743,41.91677054606697,kmag,allsky,using APOGEE DR14 m_h and teff
KIC6529109,5576.1777,113.57770500000001,3.9970427232478736,0.013832727519525764,0.14344005,0.067073144,0.0031072271451743298,2.5187487234733687e-05,9.557,0.013999999999999999,293.92404135464716,41.952581131429355,kmag,allsky,using APOGEE DR14 m_h and teff
KIC6530901,6239.996,142.26203999999998,4.169090239517312,0.04827184974096516,-0.023879759,0.081472896,0.0042422017711137815,3.3907558402584425e-05,9.013,0.016,294.43527828426164,41.903276603710864,kmag,allsky,using APOGEE DR14 m_h and teff
KIC6531928,5046.7734,88.60670999999999,3.578273524441693,0.01092948238961423,-0.6703838000000001,0.05004767,0.00326102363258224,2.536163846151714e-05,8.833,0.024,294.71256628975897,41.96604081217391,kmag,allsky,using APOGEE DR14 m_h and teff
KIC6592305,6091.53,132.76439,3.8822118988163865,0.01842340161378158,0.09161963,0.07802796,0.003612918535690101,2.6187024950987428e-05,8.625,0.011000000000000001,287.2529241765191,42.05480833351256,kmag,allsky,using APOGEE DR14 m_h and teff
KIC6593620,5582.858,123.68943,4.045513280822439,0.029706111595191743,-0.20614672,0.06708496,0.0032919838409229203,2.400767630157136e-05,9.762,0.011000000000000001,287.77565459171024,42.04551557946144,kmag,allsky,using APOGEE DR14 m_h and teff
KIC6603624,5424.1636,105.603935,4.311165460115629,0.008359340939778529,0.26920536,0.06415602599999999,0.012204592362716673,2.079640771050877e-05,7.566,0.024,291.04645954865845,42.05254163836772,kmag,allsky,using APOGEE DR14 m_h and teff
KIC6605673,6116.2285,144.9599,4.055710525317055,0.03209142007171078,-0.24826062,0.07845077,0.003046588162508959,2.5413205349296143e-05,9.704,0.016,291.67260853863337,42.06151368025952,kmag,allsky,using APOGEE DR14 m_h and teff
KIC6612225,6471.9272,162.03717,4.018945232921685,0.013392339936970706,-0.29161915,0.08706421,0.0032434299637006765,3.676579459628418e-05,9.237,0.012,293.58985495846275,42.08681631879463,kmag,allsky,using APOGEE DR14 m_h and teff
KIC6671492,5881.564,143.14752,3.824724735964436,0.028654824683631418,0.17025663,0.052891925,0.001867913504177679,2.576405265732701e-05,9.96,0.016,284.59616301409415,42.11882866972714,kmag,allsky,using APOGEE DR14 m_h and teff
KIC6688822,5594.0566,108.90338999999999,3.8582928824019302,0.0261856827879864,0.33720517,0.067438565,0.0035612839437566906,7.849411519580419e-05,8.543,0.011000000000000001,291.00157878382544,42.14608301074197,kmag,allsky,using APOGEE DR14 m_h and teff
KIC6689943,6061.0757,133.17252,4.1833713154298655,0.01830298170868544,0.04355281,0.077320784,0.004595026046211892,2.302431541809421e-05,8.872,0.013999999999999999,291.352812497018,42.123622026219365,kmag,allsky,using APOGEE DR14 m_h and teff
KIC6693861,5604.8047,122.93966,3.8366726830368174,0.008585444182619681,-0.33805338,0.05907504,0.0022935684898291696,2.393739425623073e-05,9.974,0.017,292.5372094942204,42.153935664697975,kmag,allsky,using APOGEE DR14 m_h and teff
KIC6766513,6021.3584,157.7335,3.8981511071374815,0.012796917231518837,-0.25830337,0.07207158,0.001988702122204865,2.2309108730206082e-05,10.103,0.018000000000000002,288.2697122641904,42.25708226308305,kmag,allsky,using APOGEE DR14 m_h and teff
KIC6802438,5196.967000000001,95.67622,3.678848253773519,0.012742467538505315,-0.20154336,0.043351967000000005,0.002963907738634712,2.627199945789874e-05,8.87,0.012,298.0107424770336,42.20221306720447,kmag,allsky,using APOGEE DR14 m_h and teff
KIC6806100,5198.2754,94.37125,3.883549139738309,0.08451680388371406,0.30912665,0.033063065,0.0022453419127383615,6.575180023365555e-05,9.501,0.018000000000000002,298.78797306994096,42.21627816565551,kmag,allsky,using APOGEE DR14 m_h and teff
KIC6837853,5749.8516,116.92076999999999,4.219830397318587,0.03316353790336109,0.22357191,0.07059406,0.004004639007247923,1.9038237033507375e-05,9.61,0.019,282.0069232120291,42.35321723059389,kmag,allsky,using APOGEE DR14 m_h and teff
KIC6848299,5239.8066,114.89268500000001,3.903875954189076,0.014492089745746818,-0.28703338,0.045086275999999995,0.0031922397353471633,2.142520022274059e-05,9.571,0.013999999999999999,286.8205812464422,42.31260146042114,kmag,allsky,using APOGEE DR14 m_h and teff
KIC6853020,6206.241,137.28978,3.9707255224202127,0.04189728853555081,0.08517118,0.08070129,0.002567589775123687,2.610500339088907e-05,9.502,0.013999999999999999,288.6733101455193,42.34251564451787,kmag,allsky,using APOGEE DR14 m_h and teff
KIC6863041,5576.5454,110.10108000000001,3.838375703386917,0.023328308909449345,0.27226478,0.06709285,9.040106078317152e-05,0.00028012912405343376,9.898,0.015,291.8135393631154,42.362093844669936,kmag,allsky,using APOGEE DR14 m_h and teff
KIC6933899,5771.83,123.26603,4.0889037355022415,0.007915033164453245,0.02974477,0.07101619,0.006232995393205254,3.125894004322696e-05,8.171,0.021,286.74285376207405,42.435392462787405,kmag,allsky,using APOGEE DR14 m_h and teff
KIC6947945,5334.438,103.4667,3.7940632161626073,0.01100358534042036,-0.04151237,0.043106824,0.00286682557917845,3.7864732785466064e-05,9.328,0.015,291.6013069926766,42.48449151948921,kmag,allsky,using APOGEE DR14 m_h and teff
KIC7038145,5963.5366,121.58793,3.8302793268539994,0.02591049989887196,0.30739075,0.07516895,0.0016289847733398058,2.3018132656648743e-05,10.267000000000001,0.018000000000000002,293.1982500722225,42.5555801554328,kmag,allsky,using APOGEE DR14 m_h and teff
KIC7103006,6333.727,143.39272,4.035312298618142,0.008569029141557261,0.05426385,0.08377316,0.006401729340537688,2.4502073896832013e-05,7.702000000000001,0.021,286.7330618145741,42.671972945533454,kmag,allsky,using APOGEE DR14 m_h and teff
KIC7106245,5874.2173,131.65811000000002,4.338911591764382,0.011847995859876032,-0.12670973,0.073126405,0.005058833579325963,2.137381514692332e-05,9.419,0.011000000000000001,288.00930296833616,42.67220189709535,kmag,allsky,using APOGEE DR14 m_h and teff
KIC7107778,5070.146,87.7299,3.6509458225211064,0.010264876600069035,0.14378664,0.033510454,0.0016632553847167962,2.299812740515897e-05,9.381,0.013999999999999999,288.57750916207215,42.64702094112845,kmag,allsky,using APOGEE DR14 m_h and teff
KIC7133688,6403.149,152.7022,4.024597162612015,0.05868356251537901,-0.009555151999999999,0.08907014,0.002240435140823192,3.667393284863189e-05,9.943,0.012,296.1565337470145,42.60727569281262,kmag,allsky,using APOGEE DR14 m_h and teff
KIC7174470,5979.2393,124.85548999999999,3.9237387462713738,0.03883425272179753,0.21631902,0.075514145,0.0025130005528583442,2.2340626973708244e-05,9.465,0.011000000000000001,281.50330060397437,42.732877473293186,kmag,allsky,using APOGEE DR14 m_h and teff
KIC7174707,5236.7896,97.20798,3.838185966814313,0.007581588530338092,0.07628363,0.038258214,0.002770517764471344,2.28439139519041e-05,9.582,0.011000000000000001,281.64427704135113,42.75925607124283,kmag,allsky,using APOGEE DR14 m_h and teff
KIC7206837,6285.911,139.64748,4.179578926272106,0.009795525490232541,0.106663845,0.082617454,0.005147679691275283,2.77174987817469e-05,8.575,0.013999999999999999,293.7656768034555,42.73800270761938,kmag,allsky,using APOGEE DR14 m_h and teff
KIC7216846,5068.477,87.63499,3.6028785967292576,0.014589637301079969,0.14645663,0.03343058,0.0022535251275595906,2.492352019423851e-05,9.24,0.012,296.3320655399625,42.719647661994536,kmag,allsky,using APOGEE DR14 m_h and teff
KIC7264595,5566.1895,119.48835,3.6746698651006215,0.03709383708591096,-0.17292337,0.05288608400000001,0.0019026238907482419,2.3635611601875332e-05,9.747,0.021,285.4778225487468,42.8707029379463,kmag,allsky,using APOGEE DR14 m_h and teff
KIC7282890,6276.512,141.28679,3.8808511026682138,0.01369190498066167,0.04726935,0.082375154,0.004599489837990597,2.389292784401651e-05,7.941,0.016,292.05486873733884,42.863643947189594,kmag,allsky,using APOGEE DR14 m_h and teff
KIC7296438,5659.352,112.88541000000001,4.209393622948399,0.007992397285706039,0.26441413,0.06874443,0.006036345933374768,2.60592293302049e-05,8.645,0.012,295.87221939754806,42.8811453455083,kmag,allsky,using APOGEE DR14 m_h and teff
KIC7341231,5295.4473,108.18793500000001,3.767801515139688,0.021497072703027285,-2.0097663,0.113440864,0.004274651696167771,2.227691890186308e-05,8.166,0.013000000000000001,283.57087175824864,42.9845391014131,kmag,allsky,using APOGEE DR14 m_h and teff
KIC7376493,5434.75,115.88361,4.060375315792592,0.017155528990862,-0.07978037,0.046144727999999996,0.0031314761263730295,2.493738748772081e-05,9.958,0.013999999999999999,295.6866870138399,42.921768784299246,kmag,allsky,using APOGEE DR14 m_h and teff
KIC7383120,6072.7886,139.10338000000002,4.210758303158241,0.023125209545883263,-0.12521695,0.07752314,0.0038216490586657245,2.8586869744332145e-05,9.557,0.013999999999999999,297.23764068031954,42.97528073735229,kmag,allsky,using APOGEE DR14 m_h and teff
KIC7386523,5670.5083,143.03916999999998,3.9036923607459264,0.032348113803611,-0.00983437,0.050249155999999996,0.002018369485090915,2.4171540784521638e-05,10.091000000000001,0.015,297.9508173371449,42.99111118164818,kmag,allsky,using APOGEE DR14 m_h and teff
KIC7429287,5762.0845,133.09882,4.076473904387857,0.016897323349157608,-0.30524686,0.07065628,0.0030688571282451145,2.249306090633921e-05,9.92,0.015,286.3960422093417,43.07565655365099,kmag,allsky,using APOGEE DR14 m_h and teff
KIC7448374,5588.0024,119.8595,3.8293482348530015,0.019248246424081374,0.17592664,0.044479806,0.0035983435320375563,2.7717462147558882e-05,8.693999999999999,0.015,292.863214148623,43.03446532537304,kmag,allsky,using APOGEE DR14 m_h and teff
KIC7529180,6609.786,158.33061,4.258459204082223,0.015019790048730584,-9999.0,-9999.0,0.009076188559490916,3.4831240694619535e-05,7.4479999999999995,0.02,292.25678841329056,43.176427806362746,kmag,allsky,using APOGEE DR14 m_h and teff
KIC7534011,5419.0034,103.02485,3.9434568714207168,0.015246785748553985,0.3648059,0.064058125,0.0032458185722389625,2.475403787205973e-05,8.925,0.016,293.64508193155467,43.1847827968491,kmag,allsky,using APOGEE DR14 m_h and teff
KIC7584900,4830.413,75.54675999999999,3.418076923915474,0.007305640191848314,0.32179734,0.026613223999999998,0.001809774468736035,4.3987038142069856e-05,9.095,0.011000000000000001,282.3893098324809,43.28173938538623,kmag,allsky,using APOGEE DR14 m_h and teff
KIC7591963,5846.61,124.731544,3.994521404402781,0.026647192569491662,0.067341104,0.07260424,0.0022766412262227908,2.102016235590133e-05,10.128,0.022000000000000002,285.85270095472663,43.21430671746014,kmag,allsky,using APOGEE DR14 m_h and teff
KIC7611858,5790.1377,122.77698000000001,4.140359353458494,0.07918682294929158,0.067578994,0.0714094,0.003320716640156478,2.702777795008749e-05,9.766,0.02,293.15335091392535,43.28651117046008,kmag,allsky,using APOGEE DR14 m_h and teff
KIC7628676,5117.4727,90.688805,3.6014307232899587,0.014116322190667531,-0.01743037,0.037526876,0.002551934069242381,9.545917020369407e-05,8.823,0.015,297.47555349611,43.20547302602705,kmag,allsky,using APOGEE DR14 m_h and teff
KIC7668623,6363.513000000001,147.9325,3.8755778958041667,0.01723218453030087,-0.03982915,0.08447731,0.004119377569669552,1.9186459643818137e-05,8.155,0.021,286.2608427782693,43.379640074754704,kmag,allsky,using APOGEE DR14 m_h and teff
KIC7680114,5772.8145,120.69511999999999,4.180578724541843,0.008080513550529161,0.11859624,0.07105792,0.0058605676213374066,2.331128168314272e-05,8.673,0.011000000000000001,290.98527476094137,43.314865735591106,kmag,allsky,using APOGEE DR14 m_h and teff
KIC7700968,5232.99,98.45402,4.242165134774692,0.08955035819057733,-0.41835338,0.049711905,0.005938876876160232,0.00022225369546854492,8.856,0.015,297.34192962311124,43.333792078023,kmag,allsky,using APOGEE DR14 m_h and teff
KIC7739672,5976.214,127.669495,4.086155258545478,0.06764104145547017,0.12066658599999999,0.07543434,0.0030134555611216994,1.871215474834862e-05,9.626,0.012,286.3145026508642,43.462532833101776,kmag,allsky,using APOGEE DR14 m_h and teff
KIC7747078,5841.3447,141.40562,3.7891066074198343,0.02168120756111341,-0.24247336,0.06438158,0.005602577902874084,2.71709738692438e-05,7.976,0.021,289.72571380981213,43.496146900652725,kmag,allsky,using APOGEE DR14 m_h and teff
KIC7771282,6155.0435,139.32231000000002,4.125608518290117,0.021175081549619803,-0.03558509,0.07945947,0.0032470366478920365,2.537415695307781e-05,9.532,0.013000000000000001,297.3702529744352,43.429474569079495,kmag,allsky,using APOGEE DR14 m_h and teff
KIC7799349,4976.787,82.60566,3.6709836387767134,0.007718492970201674,0.28461868,0.029483877000000002,0.005484198170389129,2.031819537153801e-05,7.518,0.016,281.0531989805502,43.53386218210304,kmag,allsky,using APOGEE DR14 m_h and teff
KIC7799430,4901.6836,79.76422,3.58187895984144,0.009906388110684006,-0.08263501,0.034364216,0.0034665119151547604,1.95560933818157e-05,8.629,0.011000000000000001,281.1116521026579,43.544873055598146,kmag,allsky,using APOGEE DR14 m_h and teff
KIC7800289,6160.508000000001,171.6218,3.730051763630257,0.013010115170389542,-0.26785338,0.07852708,0.003137765034560666,2.137382305625633e-05,8.381,0.011000000000000001,281.65966381574486,43.54157369275063,kmag,allsky,using APOGEE DR14 m_h and teff
KIC7833440,6006.1543,161.3926,4.004268190396849,0.04135962834769589,-0.44493335,0.07852893,0.002886493071553429,3.110423734298833e-05,9.774,0.012,295.41610491169916,43.58313257617996,kmag,allsky,using APOGEE DR14 m_h and teff
KIC7870112,5586.0806,106.98528999999999,4.093508117413903,0.031882765732601126,0.40080452,0.06727635,0.003854037587646691,2.1061424198227004e-05,9.304,0.023,282.07982270248044,43.60376539689753,kmag,allsky,using APOGEE DR14 m_h and teff
KIC7871531,4806.6616,76.15501,4.453372058990165,0.009453191914764696,-0.43565813,0.039346434,0.015078801647521838,0.0002610358437779321,7.516,0.023,282.91480269717243,43.63594821558285,kmag,allsky,using APOGEE DR14 m_h and teff
KIC7880676,6133.3769999999995,134.53732,3.9716694791655063,0.031691488856007984,0.0849558,0.078991786,0.0025267952968952203,2.3752409618833768e-05,9.466000000000001,0.012,287.76729298003613,43.603090444862175,kmag,allsky,using APOGEE DR14 m_h and teff
KIC7910848,5959.7227,128.2859,4.0615684308158615,0.11447117227855436,0.16036505,0.077242844,0.0029768422793686284,2.374048594127206e-05,9.74,0.015,297.81766393329286,43.665881583768986,kmag,allsky,using APOGEE DR14 m_h and teff
KIC7914731,5766.4204,134.0993,3.7132510991375267,0.0412341021740947,0.01768563,0.053657095999999994,0.0017149958511971219,2.2722069039752485e-05,9.923,0.027000000000000003,298.7683123168697,43.695730779039735,kmag,allsky,using APOGEE DR14 m_h and teff
KIC7976303,5933.111,150.9028,3.8928595946374926,0.013709809127335272,-0.5521796999999999,0.079554915,0.0061240800794302806,2.7477998567514028e-05,7.73,0.021,297.05984307249776,43.746914558683,kmag,allsky,using APOGEE DR14 m_h and teff
KIC8012842,5730.606,116.65146999999999,4.247097036651375,0.06920097148519845,0.21096479999999998,0.070195034,0.0049070044398512175,2.1034989558358624e-05,9.232000000000001,0.016,284.8062019272624,43.89516335322035,kmag,allsky,using APOGEE DR14 m_h and teff
KIC8016496,6335.1895,150.45726000000002,3.981427955566273,0.04277431075505722,0.08688585,0.09108436,0.0020461776923544955,4.8709689947734637e-05,10.183,0.016,286.8507207026495,43.8087075996628,kmag,allsky,using APOGEE DR14 m_h and teff
KIC8018599,5793.2,135.81828000000002,3.5920972969064477,0.00927772348834885,0.13976663,0.051070872999999996,0.0018622354030551251,2.118751629927863e-05,9.277999999999999,0.011000000000000001,287.88527010618253,43.814867072480624,kmag,allsky,using APOGEE DR14 m_h and teff
KIC8019508,6027.1294,129.97548,3.7662406119997285,0.02952490696299242,0.10525737,0.07656825,0.0023427204057143132,2.2950657536241637e-05,9.279,0.011000000000000001,288.3092830870426,43.85100221494724,kmag,allsky,using APOGEE DR14 m_h and teff
KIC8026226,6201.967,175.61514,3.714792850130676,0.009097111743718096,-0.20154336,0.07763692,0.005555397515916584,3.138194498227624e-05,7.229,0.023,290.903869847575,43.891326480118934,kmag,allsky,using APOGEE DR14 m_h and teff
KIC8027956,5728.911999999999,120.30078999999999,4.0211791217592205,0.031827712573577464,0.08136071,0.07013939,0.002435724406781414,1.9290592043756983e-05,10.179,0.013999999999999999,291.4937797076683,43.86118825801033,kmag,allsky,using APOGEE DR14 m_h and teff
KIC8045442,5714.775,130.19196000000002,3.629026714462943,0.04425805484810595,-0.03882037,0.053665116,0.001990114510693684,2.5706244377433082e-05,9.478,0.016,297.119130787405,43.829188108997606,kmag,allsky,using APOGEE DR14 m_h and teff
KIC8106950,5791.034000000001,156.56117,4.007841656480611,0.040016036725853625,-0.36703336,0.06512452,0.0024482302574066824,4.049599510749601e-05,10.177,0.015,295.01372795184693,43.99797335120835,kmag,allsky,using APOGEE DR14 m_h and teff
KIC8114155,5595.8237,116.02156000000001,4.081380040271987,0.04788249034855577,0.07774204,0.06744847400000001,0.003234222884650989,2.522770890007806e-05,9.721,0.016,297.1264889138135,43.901319596537924,kmag,allsky,using APOGEE DR14 m_h and teff
KIC8150065,6159.5947,138.54183999999998,4.234672772870973,0.015881777453042648,-0.006795408,0.07957624,0.0038765935435306448,1.797334146492364e-05,9.457,0.016,285.0288461869014,44.02906018590601,kmag,allsky,using APOGEE DR14 m_h and teff
KIC8174981,5984.5874,130.77264,3.9525355340031187,0.02821981457451664,0.030499345,0.07559848599999999,0.002950871686771528,2.5364844546926886e-05,9.277999999999999,0.016,294.9589369402246,44.046321597131254,kmag,allsky,using APOGEE DR14 m_h and teff
KIC8176564,5962.963000000001,135.15536,4.136396975337233,0.00970628586407898,-0.13291332,0.075056456,0.004699287522609257,2.6741467429468975e-05,8.996,0.013999999999999999,295.43967061410115,44.03901185982932,kmag,allsky,using APOGEE DR14 m_h and teff
KIC8179536,6425.405,148.08536999999998,4.285581633763867,0.009400543809591416,0.03079385,0.08605244,0.007045635549109437,3.6286716009839985e-05,8.277999999999999,0.012,296.34975145988585,44.07648621000197,kmag,allsky,using APOGEE DR14 m_h and teff
KIC8179643,6111.354,175.47142,3.972412415317693,0.021583106704583188,-0.36382335,0.07955111,0.0003794816873037775,0.0003646587503779429,9.843,0.012,296.38391902285395,44.04427602277483,kmag,allsky,using APOGEE DR14 m_h and teff
KIC8179973,4882.1514,78.46928,3.4454213877976665,0.007425302932378745,0.07511958,0.031243965,0.003352372414563528,2.1702646741001838e-05,8.206,0.016,296.4818429935221,44.00923239885689,kmag,allsky,using APOGEE DR14 m_h and teff
KIC8216936,6401.491,152.66187,4.018701062414189,0.023740463111931263,-0.12574916,0.08538528,0.0024268013087364775,3.0480749054502808e-05,9.408999999999999,0.013999999999999999,284.34866661372536,44.1180539657339,kmag,allsky,using APOGEE DR14 m_h and teff
KIC8228742,6127.1675,138.84102,4.0307036827166565,0.008697724850342972,-0.053633466,0.0788041,0.005708690961678289,2.4850099552138486e-05,8.116,0.023,290.1999433665821,44.155233664443614,kmag,allsky,using APOGEE DR14 m_h and teff
KIC8241455,5873.352,143.43013,3.8045586914686114,0.036657529514752936,-0.07316437,0.059919886,0.0024743698896038018,2.2258421780605192e-05,9.181000000000001,0.013999999999999999,294.6578494072088,44.1762846525916,kmag,allsky,using APOGEE DR14 m_h and teff
KIC8249189,6239.9756,150.6952,4.111361117871926,0.03044209383512,-0.26645958,0.08134617,0.0037745054092998263,0.00014019063106520424,8.68,0.015,297.0038540439798,44.13736432398977,kmag,allsky,using APOGEE DR14 m_h and teff
KIC8289241,6133.686,136.54471999999998,4.220134953998379,0.03006692603948865,0.023670588,0.07898250000000001,0.004636485739420899,3.009603778442606e-05,9.169,0.011000000000000001,287.6272942334692,44.28070166809754,kmag,allsky,using APOGEE DR14 m_h and teff
KIC8298626,5719.8027,119.69381000000001,4.223424462320819,0.024848397309873784,0.09184109,0.06995424,0.005409728850556431,2.781913550494969e-05,8.386000000000001,0.011000000000000001,291.3913104533488,44.2212815918458,kmag,allsky,using APOGEE DR14 m_h and teff
KIC8321567,5590.526999999999,118.33053600000001,4.056220900012557,0.061801897237959424,0.061186492,0.06909757,0.004046754187406497,4.253849024381818e-05,9.257,0.013999999999999999,298.5188423966267,44.29165610722021,kmag,allsky,using APOGEE DR14 m_h and teff
KIC8360349,6354.236,142.12743999999998,3.837440048412879,0.012824722865782092,0.115775846,0.08429393,0.005388645162398402,2.4147369604942773e-05,7.44,0.015,289.93107089543975,44.374955897447855,kmag,allsky,using APOGEE DR14 m_h and teff
KIC8367710,6174.744000000001,137.27151,3.9761151122510623,0.01325463352954815,0.049227982999999996,0.07994872,0.0036594006436422256,3.0791124532836175e-05,8.749,0.015,292.6382149954232,44.37020543388109,kmag,allsky,using APOGEE DR14 m_h and teff
KIC8394589,6070.4785,145.53531,4.336166960238306,0.010125631737940462,-0.31932458,0.077354856,0.008090574510365567,2.3407625459169718e-05,8.226,0.019,300.46466582945425,44.35392573667421,kmag,allsky,using APOGEE DR14 m_h and teff
KIC8408931,6027.9917,157.48286000000002,3.719160641220815,0.03435055481092302,-0.07382336,0.06556346,0.0023449523388003567,2.2870143794144902e-05,9.083,0.011000000000000001,281.03373901088014,44.44753308334752,kmag,allsky,using APOGEE DR14 m_h and teff
KIC8414062,6409.815,156.98398,4.02349067401994,0.07492774650087224,-0.23350915,0.08553086,0.003468276322282606,4.746420942940046e-05,9.681000000000001,0.013999999999999999,284.0633877973821,44.455190667423665,kmag,allsky,using APOGEE DR14 m_h and teff
KIC8416311,6348.795999999999,140.75221000000002,3.91031951268794,0.020972817731404875,0.14952084,0.08416528,0.002903109121399101,2.2981168961012925e-05,9.033,0.013999999999999999,285.29533978670804,44.42583728463225,kmag,allsky,using APOGEE DR14 m_h and teff
KIC8424992,5517.5083,128.72182,4.340030612674363,0.01474847610325984,-0.09570137,0.074717954,0.0073217823353638615,2.4446625306138482e-05,8.843,0.013999999999999999,289.6384258949794,44.40488704003973,kmag,allsky,using APOGEE DR14 m_h and teff
KIC8493735,5782.278,135.51553,3.7404358684438086,0.02931734251150643,-0.01424237,0.05508119,0.003237232423073577,2.358047622934091e-05,8.699,0.013999999999999999,291.2378067667465,44.58767174909124,kmag,allsky,using APOGEE DR14 m_h and teff
KIC8493800,6050.286,134.0116,4.220841468564869,0.03728800192385332,0.043203443,0.07814583,0.003975929093856247,2.7083763866859348e-05,9.38,0.013999999999999999,291.2604260637628,44.545374342439644,kmag,allsky,using APOGEE DR14 m_h and teff
KIC8499940,5676.061,126.186554,4.058069968350049,0.02107368937898849,0.024797449,0.07429298,0.002779390834256372,2.2058439846129118e-05,10.015,0.012,293.66966289588817,44.582352854534534,kmag,allsky,using APOGEE DR14 m_h and teff
KIC8561221,5187.143,94.794106,3.6142065007138022,0.007690484139005835,-0.09131338,0.040642995,0.0037835526885178702,2.488962538356371e-05,8.09,0.015,292.2852328566284,44.64126166023778,kmag,allsky,using APOGEE DR14 m_h and teff
KIC8574769,5531.196,106.46889499999999,4.0594600227977855,0.02226713480963978,0.38546976,0.066869006,0.003562816732573018,3.894447119639929e-05,9.544,0.015,296.96314715324087,44.61428857037466,kmag,allsky,using APOGEE DR14 m_h and teff
KIC8579578,6324.7324,144.94124,3.948953687971656,0.017412575020388392,-0.001395151,0.08353486,0.005341026942246241,2.6678225864743942e-05,7.768,0.02,298.17332071869305,44.60466502293605,kmag,allsky,using APOGEE DR14 m_h and teff
KIC8621637,5602.2173,114.23066000000001,3.958985959056829,0.014734653170633615,0.14975357,0.06758928,0.002501008217514357,3.371110812896894e-05,10.033999999999999,0.013000000000000001,290.6348508214084,44.743984453454765,kmag,allsky,using APOGEE DR14 m_h and teff
KIC8656342,5937.52,129.52989,3.9602748608226617,0.09739681465560834,0.015608503000000001,0.07455554,0.003356701504942861,2.673523946914317e-05,9.517000000000001,0.019,301.4448035963375,44.79319536086216,kmag,allsky,using APOGEE DR14 m_h and teff
KIC8677016,5677.7505,123.71933999999999,4.213172366345511,0.03838657290575228,-0.09549205,0.06903577,0.0028440512331226945,9.280491715548959e-05,9.765,0.012,286.28668022741977,44.80861791467126,kmag,allsky,using APOGEE DR14 m_h and teff
KIC8694723,6356.1753,161.4297,4.1252445249216425,0.009407667121480959,-0.41889915,0.08405167,0.008265604849819518,2.873159723689778e-05,7.662999999999999,0.016,293.96040006853735,44.88078765502926,kmag,allsky,using APOGEE DR14 m_h and teff
KIC8696343,5855.971,126.39943999999998,4.331880171443354,0.04112596082055845,0.02285299,0.07279213,0.004742975137870198,2.8376684610710726e-05,9.335,0.015,294.5183483523463,44.81536853843068,kmag,allsky,using APOGEE DR14 m_h and teff
KIC8702606,5465.195,112.174805,3.7594933217221858,0.009034329942604322,-0.10219337,0.048030723,0.00554609891490736,2.8702209253209806e-05,7.684,0.027000000000000003,296.57427201060074,44.827676249596436,kmag,allsky,using APOGEE DR14 m_h and teff
KIC8738809,6017.1797,129.42993,3.903269443443016,0.01294540557547118,0.11121038,0.07634596,0.0037523461245268057,3.8806377366072236e-05,8.681000000000001,0.016,284.7936308853488,44.95038325482843,kmag,allsky,using APOGEE DR14 m_h and teff
KIC8776961,5806.4414,125.93078600000001,4.030268645187451,0.014126277847838653,-0.019313589,0.071726784,0.0034847400545010925,2.4763635037151665e-05,9.442,0.019,299.2296189627958,44.93736780605313,kmag,allsky,using APOGEE DR14 m_h and teff
KIC8802782,5990.925,122.99548,3.842910156699801,0.030721747952422124,0.29146308,0.07577632,0.001572113279741968,2.015352447112165e-05,10.405999999999999,0.013999999999999999,284.2300901379917,45.085939863831136,kmag,allsky,using APOGEE DR14 m_h and teff
KIC8817551,5543.5483,116.93047,3.806495633256337,0.0693746438713921,0.09932563,0.04514872,0.002064468542358568,2.1409366213409516e-05,9.852,0.011000000000000001,291.31988540495604,45.011663817026594,kmag,allsky,using APOGEE DR14 m_h and teff
KIC8868481,5484.813,113.26985,3.7679173960434986,0.030693382711843686,-0.02957537,0.046735667,,,9.519,0.016,284.31517483347704,45.13230627088125,kmag,allsky,using APOGEE DR14 m_h and teff
KIC8915084,5925.84,125.54742399999999,4.1596958125190096,0.021471783886372803,0.13196564,0.07432815,0.005166446749646724,3.0087031043384326e-05,8.735,0.019,300.86803789156534,45.13051675183495,kmag,allsky,using APOGEE DR14 m_h and teff
KIC8938364,5765.721,126.57242,4.16977504640257,0.00826095187483823,-0.08823252,0.07084745,0.006386187112945772,3.107697813855483e-05,8.636000000000001,0.018000000000000002,285.5409678553385,45.27755703929603,kmag,allsky,using APOGEE DR14 m_h and teff
KIC8940939,6658.5576,171.0836,4.165806056065898,0.017088704687028528,-9999.0,-9999.0,0.004192727930634786,2.750215840608554e-05,8.612,0.012,286.77820732224006,45.2780315231954,kmag,allsky,using APOGEE DR14 m_h and teff
KIC8950146,6174.825,147.23363,4.290919377160448,0.0196802923472813,-0.02275636,0.086502865,0.003516499559221416,2.1566126881726042e-05,9.812000000000001,0.011000000000000001,290.8193090043152,45.24473536818636,kmag,allsky,using APOGEE DR14 m_h and teff
KIC8952800,5859.621999999999,122.702995,3.9393274627195294,0.012712861340295891,0.15047067,0.072899096,0.0024799941878309857,2.1990516894233847e-05,9.642999999999999,0.015,291.76294694711964,45.26295154101985,kmag,allsky,using APOGEE DR14 m_h and teff
KIC8956017,6444.473000000001,146.46623,4.062850229111634,0.034794326150190895,0.09951085,0.0865543,0.0031172210623766463,2.8184110435535963e-05,9.329,0.019,292.9788521895035,45.27910044560503,kmag,allsky,using APOGEE DR14 m_h and teff
KIC9005973,5799.9126,134.98366000000001,4.13558902181704,0.03623880089268085,-0.08938472,0.07765298,0.0029883927238227963,2.6853351395864045e-05,10.101,0.013999999999999999,285.09983535280213,45.318021522891655,kmag,allsky,using APOGEE DR14 m_h and teff
KIC9025370,5470.039000000001,114.72123,4.4153939168591645,0.009639254277259205,-0.021590602,0.064973295,0.012239359427198108,6.856018665537225e-05,7.372000000000001,0.028999999999999998,293.0607029854934,45.31085127149989,kmag,allsky,using APOGEE DR14 m_h and teff
KIC9026479,5430.098000000001,109.91465,3.781125305485254,0.012258302510022098,-0.13077337,0.04778625,0.0028148240081424937,2.297946164748227e-05,9.22,0.012,293.4643789713242,45.307561864692275,kmag,allsky,using APOGEE DR14 m_h and teff
KIC9026685,5629.7480000000005,117.68887,3.994649847139559,0.017988864936971057,0.057692952,0.06811937,0.003423567579969225,6.64456258289408e-05,9.488,0.013999999999999999,293.5498206603375,45.361425961909774,kmag,allsky,using APOGEE DR14 m_h and teff
KIC9049593,5887.2437,121.60416399999998,4.234434019677065,0.03390626056917462,0.21944529,0.07350106,0.004680515397826792,2.6337353961299116e-05,9.06,0.02,299.79141456211084,45.39168268670613,kmag,allsky,using APOGEE DR14 m_h and teff
KIC9051235,6087.566999999999,128.03723,3.917814151160605,0.05338797364342273,0.23697406,0.077956945,0.0020619275743283226,2.4784038597631037e-05,10.005,0.015,300.21718948931306,45.35609421523183,kmag,allsky,using APOGEE DR14 m_h and teff
KIC9073645,6101.103,137.28134,3.8288080411856895,0.04109876542968069,-0.03674985,0.07820922,0.0016814331033300225,2.500768848569126e-05,10.261,0.013999999999999999,284.37219761608225,45.44791433285707,kmag,allsky,using APOGEE DR14 m_h and teff
KIC9073950,5023.2124,85.84806,3.3893384224439984,0.009218993683089736,-0.088176705,0.036915217,0.0017239458431433762,2.5603717236770693e-05,9.416,0.013999999999999999,284.54850720848924,45.49769988208896,kmag,allsky,using APOGEE DR14 m_h and teff
KIC9093289,6151.321999999999,137.10817,4.199717546235705,0.06899282530151002,0.02781014,0.07941749,0.0031333126740827073,2.333758281729629e-05,9.875,0.012,293.4744269075385,45.480450032735135,kmag,allsky,using APOGEE DR14 m_h and teff
KIC9098294,5858.2827,129.63808,4.3176274957824585,0.008428074600308876,-0.08036578,0.07280496,0.008229699235646969,2.4257029962646386e-05,8.363999999999999,0.012,295.0884676305697,45.489451521183284,kmag,allsky,using APOGEE DR14 m_h and teff
KIC9116461,6305.015,148.66261,4.317321158486561,0.015955141890987,-0.13169914,0.082996845,0.008071081731871913,2.521754882691516e-05,8.13,0.015,300.0703029815934,45.453608137529706,kmag,allsky,using APOGEE DR14 m_h and teff
KIC9119139,5574.641,109.96498000000001,3.9911026678418176,0.0496754609594802,0.27517268,0.06705541,0.003591496334869046,2.454827315336995e-05,9.286,0.016,300.8025552657357,45.439672149484466,kmag,allsky,using APOGEE DR14 m_h and teff
KIC9138680,5730.607,130.5689,3.7960251342852906,0.02808928881306461,0.19774663,0.047757264,0.0017680759644594936,2.2209801609017358e-05,10.144,0.013999999999999999,283.851331389565,45.54310297736686,kmag,allsky,using APOGEE DR14 m_h and teff
KIC9139151,6029.5894,130.59062,4.386339045478638,0.009632205358169369,0.08849798,0.07661999,0.009756618199343365,2.4869397448285734e-05,7.952000000000001,0.016,284.08873848812976,45.51504132966575,kmag,allsky,using APOGEE DR14 m_h and teff
KIC9139163,6390.876,144.60036000000002,4.195862756941131,0.010212308818065976,0.08825485,0.08519991,0.009813752074176207,3.150752858297327e-05,7.231,0.016,284.09234925187894,45.50729618236033,kmag,allsky,using APOGEE DR14 m_h and teff
KIC9143749,5735.36,124.10718,4.027943069755946,0.022507822605838033,-0.010951865,0.07101091,0.002845269268238735,2.8891687808952488e-05,9.705,0.013999999999999999,286.6555538663443,45.5962230667461,kmag,allsky,using APOGEE DR14 m_h and teff
KIC9150095,4859.7993,77.2462,3.325369910011042,0.015141037816076782,0.1543777,0.02957691,0.0020677562501659023,2.686448069332002e-05,9.019,0.011000000000000001,289.98467963024933,45.507945277108966,kmag,allsky,using APOGEE DR14 m_h and teff
KIC9163769,6517.097,151.75153,4.247568151721604,0.06751255334938969,0.03961485,0.08840409,0.0043304717056189945,2.3804573873863768e-05,8.969,0.015,295.327566458683,45.543737033551544,kmag,allsky,using APOGEE DR14 m_h and teff
KIC9201604,5045.2383,86.68764,3.520060980807752,0.016938809150873698,0.03375112,0.03502292,0.001846937542896529,2.3808858663218382e-05,9.533999999999999,0.013000000000000001,283.2268885255451,45.69770624094929,kmag,allsky,using APOGEE DR14 m_h and teff
KIC9202077,6145.3335,132.3608,4.014796896473545,0.020790413748125517,0.16635388,0.07928464,0.003462677857983666,2.6604384931633692e-05,8.985,0.013000000000000001,283.51924769108416,45.697877054296896,kmag,allsky,using APOGEE DR14 m_h and teff
KIC9204313,5630.6885,121.66733,4.079623632342217,0.10116423200661498,-0.08033691,0.068093374,0.004657327222407156,2.490469236050966e-05,9.187999999999999,0.016,284.7833826379192,45.6824284328564,kmag,allsky,using APOGEE DR14 m_h and teff
KIC9206432,6586.2534,149.01137,4.2485379020180085,0.008276479040778514,-9999.0,-9999.0,0.006801817114077573,2.186696134951526e-05,8.067,0.02,285.9382192297268,45.60835917837853,kmag,allsky,using APOGEE DR14 m_h and teff
KIC9225600,6088.8877,129.28053,4.052578552420707,0.017142997588494267,0.19865853,0.077984445,0.002942049205528545,2.6832161870892382e-05,9.527000000000001,0.016,294.63727425115,45.69251677672856,kmag,allsky,using APOGEE DR14 m_h and teff
KIC9226926,6491.715,161.04137,4.179927764512542,0.01333461947583512,-0.24106914,0.08760801,0.007314594016978668,2.26462108116482e-05,7.709,0.02,295.11304924605895,45.695830921816565,kmag,allsky,using APOGEE DR14 m_h and teff
KIC9266926,5781.6396,133.6081,4.0703935320739575,0.01742232647995017,-0.2982829,0.07106836,0.003375164488851164,2.3926055137215304e-05,9.817,0.017,284.6660243795158,45.796681989747995,kmag,allsky,using APOGEE DR14 m_h and teff
KIC9287845,6248.0674,141.5626,3.880977025472712,0.04400579908995103,0.07073099999999999,0.08361666,0.0020576852656498073,2.418808668639644e-05,9.825,0.016,294.5545263774249,45.77723574394005,kmag,allsky,using APOGEE DR14 m_h and teff
KIC9289275,6000.5728,128.42085,4.0708304377140525,0.017553894838564055,0.12447873,0.07597687,0.00531317860127003,2.565928616395992e-05,8.36,0.012,295.09448049497183,45.7765406557882,kmag,allsky,using APOGEE DR14 m_h and teff
KIC9292130,5951.2627,127.88085,3.886424556556592,0.015035912283244354,0.084932044,0.07487591,0.0027815954434608978,2.360632640674712e-05,9.332,0.013999999999999999,296.06940169403856,45.70313087109089,kmag,allsky,using APOGEE DR14 m_h and teff
KIC9328372,6079.9619999999995,131.36757,4.0854834788749175,0.04687914330294803,0.1221344,0.07776945,0.0022418136889403627,3.1773394167043246e-05,9.952,0.017,284.70781431182525,45.84927993672335,kmag,allsky,using APOGEE DR14 m_h and teff
KIC9353712,6058.003000000001,160.5649,3.9218698127245295,0.009442964183722369,-0.11572337,0.06822172,0.0024182569588449684,2.4938417813629154e-05,9.607000000000001,0.013999999999999999,296.0444584761998,45.88921606036087,kmag,allsky,using APOGEE DR14 m_h and teff
KIC9353859,5142.4346,92.12731,3.504406188273672,0.011779014825776814,-0.03980637,0.038530506,0.0018886891541348891,2.6122089296805778e-05,9.461,0.013999999999999999,296.09487877526874,45.89770543024311,kmag,allsky,using APOGEE DR14 m_h and teff
KIC9390670,6286.606,137.72377,4.1080164526778935,0.0378489168335577,0.16494085,0.08264415,0.004963422100664588,4.734378755143605e-05,8.405,0.016,284.93090302617037,45.960351271709385,kmag,allsky,using APOGEE DR14 m_h and teff
KIC9394953,5663.5083,122.62795,4.020567630336451,0.05374221670234583,0.124368854,0.07391313,0.002537177554439621,2.379231272544429e-05,9.982999999999999,0.013000000000000001,287.35459951309207,45.94865426907829,kmag,allsky,using APOGEE DR14 m_h and teff
KIC9410862,6023.236,145.47508,4.305269611475603,0.011488338450965821,-0.37379307,0.07624735,0.0049997580353816126,2.7633792646949292e-05,9.375,0.016,294.48640709314975,45.96480221115049,kmag,allsky,using APOGEE DR14 m_h and teff
KIC9414381,5399.818,106.6949,3.874257282338281,0.013446568611795369,0.27334663,0.03787288,0.0028613163318997477,2.7804135243258226e-05,9.415,0.012,295.7928719809047,45.98779065363613,kmag,allsky,using APOGEE DR14 m_h and teff
KIC9414417,6268.0977,146.19041,4.017876259988895,0.009368626918410046,-0.10521001,0.08211428,0.0047237906988585225,2.7571708638271602e-05,8.407,0.012,295.8028718996762,45.98796628706118,kmag,allsky,using APOGEE DR14 m_h and teff
KIC9446628,6076.754,162.91939,3.9720589610918737,0.055610008161285335,-0.22192337,0.07299082,0.0030245630701852115,2.347910615980112e-05,9.437000000000001,0.019,282.04500719129464,46.06792117816504,kmag,allsky,using APOGEE DR14 m_h and teff
KIC9451741,5654.2314,112.29624,4.263760026195264,0.0213917085286669,0.28007009999999993,0.06864153,0.003963443108040093,2.586666744916242e-05,9.601,0.019,285.21161237679513,46.02137542678179,kmag,allsky,using APOGEE DR14 m_h and teff
KIC9455860,6405.405,156.95389,4.142485992778202,0.05353044029275546,-0.15897915,0.08789425,0.0028416188217352777,2.550223825553034e-05,9.754,0.011000000000000001,287.56839894585937,46.00829005058874,kmag,allsky,using APOGEE DR14 m_h and teff
KIC9457728,6082.357,163.95316,3.985998513602474,0.02200146282056636,-0.31601337,0.077006795,0.003335672700964542,2.6466611533000217e-05,9.227,0.011000000000000001,288.5996272688565,46.031785967193755,kmag,allsky,using APOGEE DR14 m_h and teff
KIC9458636,6047.5137,134.1545,4.028141480157906,0.020310914849416318,-0.0028642677,0.076998994,0.00278169409471798,2.282691230937554e-05,9.845,0.013999999999999999,289.09138503913096,46.05705614516389,kmag,allsky,using APOGEE DR14 m_h and teff
KIC9468847,5997.244000000001,134.21258999999998,3.991179039317542,0.031647042210243684,-0.06332492,0.07584756,0.003675662141029368,2.7158292267088576e-05,9.141,0.012,293.43431430156863,46.074841410635564,kmag,allsky,using APOGEE DR14 m_h and teff
KIC9512063,5742.3022,133.25204,3.8724376034947214,0.009988791471501859,-0.25733337,0.06127346,0.004713084591953638,2.0568608305487677e-05,8.377,0.013000000000000001,284.3472692838562,46.183988120904814,kmag,allsky,using APOGEE DR14 m_h and teff
KIC9542776,6220.8755,191.4228,3.782658008760608,0.052979296269367517,-0.106893376,0.073460974,0.0014131851455255547,2.376319479810252e-05,10.339,0.013999999999999999,297.74849341951057,46.13350057623331,kmag,allsky,using APOGEE DR14 m_h and teff
KIC9574283,5103.717000000001,90.977135,3.5703748748339486,0.008055639311768547,-0.39179337,0.045470357,0.0030164341709494466,2.837597669504045e-05,8.879,0.019,284.791014156798,46.284759425835546,kmag,allsky,using APOGEE DR14 m_h and teff
KIC9579208,6287.9224,150.56842,4.015286325812248,0.01905997619738156,-0.20626424,0.08253982,0.0034963220235167264,2.0507791054616e-05,9.191,0.011000000000000001,287.6374855435408,46.20444309171769,kmag,allsky,using APOGEE DR14 m_h and teff
KIC9641837,6078.871,137.47346000000002,3.87652466541974,0.017335530188758063,-0.06857305,0.07768726,0.0036959368186175474,2.30687258000654e-05,8.719,0.013999999999999999,288.48860227159247,46.33465357813121,kmag,allsky,using APOGEE DR14 m_h and teff
KIC9664694,6072.486,162.33995,3.815037844422922,0.015990882011814495,-0.18989336,0.07157517,0.0019100270443289096,2.3041088776818462e-05,9.976,0.017,297.5003461869216,46.38064633447108,kmag,allsky,using APOGEE DR14 m_h and teff
KIC9693187,-9999.0,-9999.0,,0.2174179658107545,-9999.0,-9999.0,0.006560045398575492,2.5953685886389226e-05,8.07,0.026000000000000002,282.7503895865938,46.42257138857824,kmag,allsky,using APOGEE DR14 m_h and teff
KIC9696358,5972.2480000000005,173.65857,3.9146058501247727,0.014223495941024738,0.04477563,0.057985555,0.0016486134872913212,2.9259017874026788e-05,10.454,0.016,284.59368582552065,46.44973641571437,kmag,allsky,using APOGEE DR14 m_h and teff
KIC9697131,6141.8730000000005,137.32185,4.015703974272487,0.01450255833050729,0.00951321,0.0791683,0.0033795372942495884,2.6810916472026797e-05,9.109,0.019,285.0775880806762,46.41965513707333,kmag,allsky,using APOGEE DR14 m_h and teff
KIC9700430,5821.7285,130.63808999999998,4.166664882589775,0.02579818083129506,0.066888064,0.07804048,0.002821251858863895,2.530100907905337e-05,10.134,0.011000000000000001,287.02767792556136,46.45465994426257,kmag,allsky,using APOGEE DR14 m_h and teff
KIC9702369,6214.7173,141.26941000000002,4.2663175821645245,0.010863815227281729,-0.024063297,0.08086975,0.0069680428829286935,7.643739780715987e-05,8.419,0.011000000000000001,288.1705843855847,46.40042862998958,kmag,allsky,using APOGEE DR14 m_h and teff
KIC9702752,5476.132,105.69501499999998,4.04581414478028,0.017408714011679496,0.32514966,0.065143354,0.004139788426088487,2.4341030972851826e-05,9.172,0.011000000000000001,288.39985759804284,46.43964406693573,kmag,allsky,using APOGEE DR14 m_h and teff
KIC9754284,6049.3335,132.97987,4.138669271155639,0.057925140854129774,0.073750205,0.07811757,0.0031182759535838727,2.4406730142094927e-05,9.772,0.013999999999999999,283.03240774667256,46.51006040030866,kmag,allsky,using APOGEE DR14 m_h and teff
KIC9757640,5460.9614,107.94398999999999,4.013666930093674,0.03927266658362452,0.4028921,0.069295295,0.003117449510727067,2.2096940793642625e-05,9.582,0.013000000000000001,284.95965358971637,46.587492134070274,kmag,allsky,using APOGEE DR14 m_h and teff
KIC9778067,5965.927,166.10663,3.912589816054085,0.024775928316049425,-0.52649546,0.07896957,0.002009785900797045,2.0647464125918752e-05,10.261,0.016,294.8272608820975,46.56294855268335,kmag,allsky,using APOGEE DR14 m_h and teff
KIC9787965,6142.363,136.63531,3.9178481978984285,0.023375150259473586,0.040871553,0.07947115,0.0018815896384615774,4.8145582915589096e-05,10.049,0.015,298.0584690654711,46.56601897070423,kmag,allsky,using APOGEE DR14 m_h and teff
KIC9788260,5268.78,99.55036,3.609670082299557,0.012558353465981777,-0.07860537,0.04232521,,,8.967,0.013999999999999999,298.1361735459258,46.57822629138555,kmag,allsky,using APOGEE DR14 m_h and teff
KIC9791157,5817.519,125.29451,3.9500363676958163,0.03894340323141697,0.07665074599999999,0.07360721,0.0027900763251162163,3.322573748073218e-05,9.547,0.021,298.96342709740384,46.59556996802784,kmag,allsky,using APOGEE DR14 m_h and teff
KIC9812421,5176.295,94.411125,3.5574915028698313,0.010083749424465336,-0.17471337,0.042226084000000004,0.0033769554994474934,3.8797560164678126e-05,8.342,0.011000000000000001,281.586995127056,46.63488160806444,kmag,allsky,using APOGEE DR14 m_h and teff
KIC9812850,6425.795999999999,153.92577,4.062850488947689,0.00893664970052339,-0.13080916,0.08599432,0.0053450640392320925,2.5290245109441526e-05,8.299,0.017,281.91359446314414,46.68606055792709,kmag,allsky,using APOGEE DR14 m_h and teff
KIC9821513,6045.573,165.4267,4.039039917254713,0.016449932045551473,-0.30749336,0.074562326,0.0024470752292019503,2.190386904911103e-05,9.881,0.011000000000000001,287.0844073708905,46.60361601488107,kmag,allsky,using APOGEE DR14 m_h and teff
KIC9880787,5810.8477,138.83852,3.8991285078556817,0.020394373719962545,-0.24598336,0.06337195,0.0024457105176114314,2.2592090428138213e-05,9.815,0.012,286.8430609688827,46.70722798132515,kmag,allsky,using APOGEE DR14 m_h and teff
KIC9893470,5732.67,131.50018,3.5781088151148666,0.03408020237826491,-0.01083537,0.053422465999999995,0.001988854455392269,2.245809436923012e-05,9.205,0.015,292.93683439543764,46.70843117677902,kmag,allsky,using APOGEE DR14 m_h and teff
KIC9903271,4805.237,80.68383,3.4612606124848853,0.010156868882876386,0.38090244,0.025005639,0.0024259974088877406,2.7142424207181537e-05,9.037,0.013999999999999999,296.55469499318195,46.72745071011689,kmag,allsky,using APOGEE DR14 m_h and teff
KIC9908400,6178.0337,130.79092,3.775419877474862,0.01675415428683121,0.25310720000000003,0.08005682,0.004407778679552042,2.264369036117382e-05,7.825,-9999.99,298.0898823191787,46.79864915598289,kmag,allsky,using APOGEE DR14 m_h and teff
KIC9955598,5344.2905,107.07158999999999,4.480670350881338,0.011456778672722429,0.12009047,0.06265148,0.01468963043467283,2.1240073200917834e-05,7.768,0.023,293.6792057996139,46.85273373546158,kmag,allsky,using APOGEE DR14 m_h and teff
KIC9962623,5601.838000000001,137.30136000000002,4.1146104345243915,0.03799425590456317,-0.009623036,0.08402664,0.0037094036182431078,2.4822269060767743e-05,9.718,0.012,296.3391649664887,46.82508995730967,kmag,allsky,using APOGEE DR14 m_h and teff
KIC9965715,6055.113,146.7018,4.275308077097564,0.008975677559508826,-0.3716735,0.07696733,0.008079738361804228,2.5191025844200342e-05,7.872999999999999,0.015,297.3334809692721,46.82684477052961,kmag,allsky,using APOGEE DR14 m_h and teff
KIC10003270,6198.9736,175.22585,3.8557457477916657,0.031297453747468014,-0.17095336,0.07623842,0.0016644488223089018,3.135531736820822e-05,10.241,0.011000000000000001,288.11845160346513,46.97476459712533,kmag,allsky,using APOGEE DR14 m_h and teff
KIC10016239,6280.601,145.22197,4.304402213811803,0.026258277219554968,-0.06269731,0.08243567,0.005859823461303266,2.502412006488073e-05,8.741,0.015,293.77165954198335,46.975122110284026,kmag,allsky,using APOGEE DR14 m_h and teff
KIC10018963,6159.4624,146.31985,3.950154255577926,0.009100769092735429,-0.2367377,0.079461806,0.007081869812259782,2.578335059324735e-05,7.452999999999999,0.023,294.7530367817401,46.9020778769345,kmag,allsky,using APOGEE DR14 m_h and teff
KIC10019747,5569.642,109.81805,4.030909681906807,0.039956643670708836,0.274944,0.06695702,0.004803910896479588,2.49902110069581e-05,8.763,0.013999999999999999,295.03905157787466,46.96599382244099,kmag,allsky,using APOGEE DR14 m_h and teff
KIC10024648,6267.831999999999,155.2997,4.001754459560575,0.022129249611392968,-0.02749388,0.092466906,0.0026692462635917553,2.1203129548630643e-05,9.581,0.015,296.7396220970808,46.95060675144209,kmag,allsky,using APOGEE DR14 m_h and teff
KIC10025841,5912.2896,121.97317,4.140963794923411,0.05126509096447696,0.23571408,0.0740449,0.0036954561971108556,2.4812791435397577e-05,9.363999999999999,0.016,297.0873661556977,46.96311268792674,kmag,allsky,using APOGEE DR14 m_h and teff
KIC10070754,6410.3516,158.42305,4.2988759884366825,0.0471316191088727,-0.27157915,0.0855183,0.004921467727232712,2.4015508634862032e-05,9.175,0.013999999999999999,290.07588942284303,47.041092055974865,kmag,allsky,using APOGEE DR14 m_h and teff
KIC10074716,5834.7915,130.10837,4.186532962437134,0.0636110400406379,0.155928,0.079989694,0.0028382063533059893,1.983103534330461e-05,10.147,0.015,291.63250356395463,47.08466260488619,kmag,allsky,using APOGEE DR14 m_h and teff
KIC10079226,5928.8413,124.836624,4.3633737656349,0.013699795305968059,0.15894459,0.07439805599999999,0.006793949102365472,2.55360477714262e-05,8.714,0.015,293.4698854948296,47.04549621254127,kmag,allsky,using APOGEE DR14 m_h and teff
KIC10081026,6189.0796,176.23978,3.816467877552206,0.03656810795448962,-0.19834337,0.07674931,0.0017434280498295,2.5964882517232582e-05,9.996,0.012,294.1407092212797,47.044959848079316,kmag,allsky,using APOGEE DR14 m_h and teff
KIC10088136,5102.258,100.16011,3.4821746817740062,0.034235112468274334,-0.33014336,0.043083284000000006,0.0021713770387456056,2.0677696034007383e-05,9.17,0.015,296.5948384296161,47.03525228393642,kmag,allsky,using APOGEE DR14 m_h and teff
KIC10118942,5591.951999999999,154.41801,3.8289987226419515,0.0319797904066649,-0.615328,0.06402058,0.0019286530937580174,2.482801630901419e-05,10.184,0.011000000000000001,281.1228859273351,47.164922347229755,kmag,allsky,using APOGEE DR14 m_h and teff
KIC10129349,6447.7334,148.53911000000002,4.246742077089632,0.06950744418916564,0.045007847000000004,0.08662296,0.004952344890670339,2.1195561531406808e-05,8.633,0.012,286.77523956105466,47.17784511458114,kmag,allsky,using APOGEE DR14 m_h and teff
KIC10130853,4808.189,74.45336999999999,3.3807048106539974,0.007973556003927662,0.36654657,0.025664434,0.0023495006098887944,3.170082720522409e-05,8.777999999999999,0.011000000000000001,287.5434298606718,47.16054761331481,kmag,allsky,using APOGEE DR14 m_h and teff
KIC10147635,5886.5366,144.14243000000002,3.739849975404312,0.008884723119939047,0.03040263,0.057138997999999996,0.002269544145783172,2.37858831731566e-05,9.277999999999999,0.012,294.2858878031912,47.10867602311708,kmag,allsky,using APOGEE DR14 m_h and teff
KIC10162436,6284.1387,145.04092,3.97252247340322,0.00918791262414031,-0.05334249,0.08252530000000001,0.007299021064366028,2.697687908573159e-05,7.358,0.02,298.72587749137887,47.14515065375595,kmag,allsky,using APOGEE DR14 m_h and teff
KIC10186764,6248.4259999999995,162.6623,4.0798930180239585,0.04155940792565952,-0.09542787,0.09693058,0.0031576635921695922,1.9412281732257183e-05,9.584,0.011000000000000001,281.32374347782957,47.296606486289214,kmag,allsky,using APOGEE DR14 m_h and teff
KIC10214328,6623.6904,173.18936000000002,4.065049292292387,0.07006600194242332,-9999.0,-9999.0,0.0028123050969584324,2.08362185251764e-05,9.532,0.015,294.3770950369047,47.2899190945341,kmag,allsky,using APOGEE DR14 m_h and teff
KIC10215584,5666.916,119.3337,4.2672750466914335,0.09486271569756473,0.043013893,0.06886365,0.005130045201041394,6.35792865340381e-05,9.158999999999999,0.012,294.81431930826665,47.24832004914877,kmag,allsky,using APOGEE DR14 m_h and teff
KIC10272858,4932.627,81.0752,3.449600161658957,0.007431625072859869,-0.0018769857,0.033494756,0.001830289757192946,2.46189363477299e-05,9.38,0.013999999999999999,291.36288353800813,47.32866822298559,kmag,allsky,using APOGEE DR14 m_h and teff
KIC10272923,4884.5786,78.49375,3.5996017700674936,0.01140803355959145,0.11607689,0.030611672000000003,0.002462938485563464,2.2831906403130414e-05,9.33,0.013999999999999999,291.3932955272342,47.3777112281646,kmag,allsky,using APOGEE DR14 m_h and teff
KIC10273246,6033.879,139.00113000000002,3.879084145875624,0.016178203362744427,-0.16784102,0.07661999,0.0024754197753065763,3.509490480981864e-05,9.572000000000001,0.013999999999999999,291.5240119202132,47.35828878642518,kmag,allsky,using APOGEE DR14 m_h and teff
KIC10295224,5968.569,123.72411000000001,3.770776898885591,0.0315452689277591,0.24157944,0.07527943,0.004887053103348765,0.0004070381821861103,7.712999999999999,0.016,298.8957440741846,47.378072037563285,kmag,allsky,using APOGEE DR14 m_h and teff
KIC10319352,5456.169,106.65401000000001,3.963280443484883,0.12978973891462733,0.26517493,0.06476182,0.003886200445116432,2.106702388805973e-05,9.517000000000001,0.011000000000000001,281.5343109673211,47.499414380305964,kmag,allsky,using APOGEE DR14 m_h and teff
KIC10322381,6146.7905,148.5787,4.185535455991963,0.037667390176069744,-0.31681377,0.07911252,0.0035023413759250562,2.2453834534194282e-05,9.834,0.013999999999999999,283.4331620263038,47.40839848667785,kmag,allsky,using APOGEE DR14 m_h and teff
KIC10324098,6108.437,184.4408,3.915111994872198,0.02245860316973908,-0.064618364,0.06685512,0.0018473421378228762,2.4645019574290883e-05,10.231,0.017,284.3677367943876,47.4520857690963,kmag,allsky,using APOGEE DR14 m_h and teff
KIC10351059,6237.6313,135.29742,4.090631629679637,0.02856050892886218,0.18192911,0.081465706,0.0034631049010355854,2.0235132763544138e-05,9.091000000000001,0.012,296.0716592030712,47.419282466205075,kmag,allsky,using APOGEE DR14 m_h and teff
KIC10355856,6367.1187,152.20511000000002,4.089429160911882,0.011547460529447436,-0.15509915,0.08451207,0.0056875775403193,2.662537189803277e-05,8.057,0.013999999999999999,297.55937741962583,47.47351356126002,kmag,allsky,using APOGEE DR14 m_h and teff
KIC10385708,5777.3687,119.14402,4.005047874551232,0.04798101384493776,0.17743893,0.07116234,0.0028658241760491855,2.380849265636009e-05,9.765,0.011000000000000001,282.211831252882,47.57692961927508,kmag,allsky,using APOGEE DR14 m_h and teff
KIC10394814,4975.9336,83.52684,3.4869561107220264,0.008548675987033455,-0.12565096,0.036669272999999995,0.002947442902203567,2.0314962834372387e-05,8.674,0.011000000000000001,287.2985457218452,47.57797499384346,kmag,allsky,using APOGEE DR14 m_h and teff
KIC10398597,6159.8228,139.84465,3.9625096595311167,0.0465200573716075,0.13646229999999998,0.08500883,0.0017772054463615864,1.9751448874809976e-05,10.455,0.012,289.27033359053337,47.56553428625973,kmag,allsky,using APOGEE DR14 m_h and teff
KIC10417911,5628.257,109.98543000000001,3.9376712534851266,0.02247657645199615,0.33572295,0.06811937,0.002726445550512879,2.3167080478557e-05,9.693999999999999,0.012,296.730907256607,47.57930499146924,kmag,allsky,using APOGEE DR14 m_h and teff
KIC10454113,6019.206999999999,132.60312,4.325495938295498,0.008836614034061737,0.012761747,0.07636613,0.010294714050738006,6.226216738394345e-05,7.291,9.995,284.15262326049736,47.65642759535394,kmag,allsky,using APOGEE DR14 m_h and teff
KIC10462940,6162.2476,133.60306,4.326777028216689,0.01413154698539234,0.14720665,0.07967682,0.006909200069867216,2.9249296107462074e-05,8.468,0.013999999999999999,288.72583586793456,47.696962120610074,kmag,allsky,using APOGEE DR14 m_h and teff
KIC10491771,6437.744000000001,154.54398,4.19803103409023,0.046120265181476376,-0.13310915,0.086295396,0.0052672161637950686,2.2144530458893743e-05,8.67,0.018000000000000002,298.9669683701632,47.67837427077399,kmag,allsky,using APOGEE DR14 m_h and teff
KIC10518551,5894.4155,146.02739,3.8962487708832736,0.014681387322452881,-0.24542338,0.06649814,0.0030416830187997286,2.4071142576869426e-05,8.987,0.016,283.8238482097299,47.71637841154857,kmag,allsky,using APOGEE DR14 m_h and teff
KIC10593351,5686.368,127.0795,3.645216522078873,0.010407505584216664,0.21080664,0.046226355999999996,0.0019598995620885244,2.046463867968136e-05,9.429,0.013999999999999999,289.09709615725086,47.84927927793632,kmag,allsky,using APOGEE DR14 m_h and teff
KIC10610027,6526.96,155.44054,4.207652149953842,0.037795312708868184,-0.04879415,0.088627666,0.005339919149360334,2.5793751356567304e-05,8.101,0.016,295.6671258127123,47.892208653657704,kmag,allsky,using APOGEE DR14 m_h and teff
KIC10644253,6104.6694,131.49673,4.422042727286562,0.015249373059758715,0.14658144,0.07834026,0.010346066829362505,2.3962611140987326e-05,7.874,0.026000000000000002,280.926714704014,47.93798750119903,kmag,allsky,using APOGEE DR14 m_h and teff
KIC10655953,6220.1763,143.60017,4.306218115426295,0.02941007549623648,-0.086237855,0.08097432,0.004333890495935154,2.7395394907905572e-05,9.547,0.025,287.67012303875714,47.93582198166664,kmag,allsky,using APOGEE DR14 m_h and teff
KIC10670371,5148.655,92.547005,3.6535413032160116,0.009703400407222009,-0.06657237,0.03922526,0.0020848995739026167,4.285628231700305e-05,9.139,0.013999999999999999,293.7745016187333,47.90416938073414,kmag,allsky,using APOGEE DR14 m_h and teff
KIC10712891,5138.789000000001,93.51396,3.6343876145116223,0.014195700852296819,0.03926263,0.036719076,0.0020631316362654394,0.0003822752226904304,9.605,0.013999999999999999,283.13386354098645,48.01192655120141,kmag,allsky,using APOGEE DR14 m_h and teff
KIC10717090,5566.439,110.82558999999999,4.146291246856421,0.0627527630155925,0.27741203,0.067967184,0.003434554896619281,2.2543649662474456e-05,9.664,0.022000000000000002,285.3960865190944,48.09610991344359,kmag,allsky,using APOGEE DR14 m_h and teff
KIC10727922,6094.9526,143.08386000000002,3.950275292184195,0.03868566141433138,-0.21821222,0.07797985,0.0024667360195491698,2.3706562807502784e-05,9.884,0.022000000000000002,290.5441452796639,48.04685686231237,kmag,allsky,using APOGEE DR14 m_h and teff
KIC10730618,6334.8706,146.83379,4.074310793438647,0.013338826928293787,-0.04336915,0.08376825,0.0033778001988945846,2.461396725120196e-05,9.316,0.013000000000000001,291.6270471490217,48.0930193029842,kmag,allsky,using APOGEE DR14 m_h and teff
KIC10731424,6122.2880000000005,175.33434,3.7825159479756634,0.023487801640290403,-0.097073376,0.06940891,0.0014722504103005436,2.6759240837872647e-05,10.344000000000001,0.017,291.93682584014715,48.06536952686799,kmag,allsky,using APOGEE DR14 m_h and teff
KIC10732098,5669.65,119.28454599999999,3.9636197061296383,0.02434913824048396,0.04790876,0.06892031,0.002401071075946931,2.957142168739597e-05,10.139,0.018000000000000002,292.19708338130033,48.03763032960828,kmag,allsky,using APOGEE DR14 m_h and teff
KIC10794845,6035.1245,140.45928999999998,4.400984142012376,0.11439190936333266,-0.21047029,0.076624505,0.0053323809938474334,2.6763133147665546e-05,9.283,0.02,290.873353350578,48.11454462688285,kmag,allsky,using APOGEE DR14 m_h and teff
KIC10873176,5806.467,166.05348,3.8694047645813785,0.027492753115385373,-1.0207546,0.087277755,0.0021272034982491705,2.002147193511717e-05,10.071,0.016,296.36000234413007,48.240456915213365,kmag,allsky,using APOGEE DR14 m_h and teff
KIC10909629,6062.294,161.65231,3.905976236359884,0.013770129496748442,-0.25198337,0.07355367,0.0023473135658220313,2.307346386872094e-05,9.62,0.022000000000000002,286.19010259716134,48.359273467741225,kmag,allsky,using APOGEE DR14 m_h and teff
KIC10923629,6179.815,132.93645,3.838322084043248,0.012380953540503456,0.18811315,0.08009443,0.0031819911178417345,2.700630328888736e-05,8.636000000000001,0.013000000000000001,293.50157404616164,48.366606253648854,kmag,allsky,using APOGEE DR14 m_h and teff
KIC10959362,5595.1953,115.35000600000001,3.8710463638294974,0.029205923296276963,0.46162203,0.07691201,0.002433713253311127,2.326703972457012e-05,9.464,0.016,282.1077590389179,48.467415348064534,kmag,allsky,using APOGEE DR14 m_h and teff
KIC10963065,6039.781999999999,139.1027,4.295326421782408,0.00888326799394336,-0.1639786,0.07675513,0.0112845778902741,3.300645334661186e-05,7.486000000000001,0.018000000000000002,284.7862157903107,48.423262246183825,kmag,allsky,using APOGEE DR14 m_h and teff
KIC10971974,5748.0024,142.4009,4.3171663377956095,0.041951535052788175,-0.06580214,0.08539831,0.0040122128683878246,2.3621983996056968e-05,9.897,0.02,289.9237756144527,48.435862591104915,kmag,allsky,using APOGEE DR14 m_h and teff
KIC10972252,6012.1475,175.39253,3.869666779921895,0.02028885023700933,-0.12151337,0.06509088,0.0017478595882530813,2.508096396395689e-05,10.169,0.02,290.0594421507559,48.42952501922644,kmag,allsky,using APOGEE DR14 m_h and teff
KIC10972873,5621.0830000000005,155.32672,3.957516686701804,0.0129328242275157,-0.07367436599999999,0.049401343,0.003747136537914748,2.894897910892767e-05,9.177999999999999,0.024,290.42641790801144,48.44325806448517,kmag,allsky,using APOGEE DR14 m_h and teff
KIC11021413,5329.1763,102.978386,3.840336566556285,0.01305082234177446,0.01189573,0.041770287,0.004733100953613034,2.1498055121949953e-05,8.439,0.024,287.44641365552536,48.54636959022327,kmag,allsky,using APOGEE DR14 m_h and teff
KIC11026764,5831.9463,122.20026399999999,3.899429555702514,0.008668447657542053,0.1355328,0.07230632,0.006423859835370778,9.598646495085111e-05,7.862,0.017,290.3529233519078,48.51481330173181,kmag,allsky,using APOGEE DR14 m_h and teff
KIC11027406,5923.897,136.09485,4.173365220829116,0.022149136161075042,-0.20815113,0.07416025,0.0054116210080361596,2.2827323672269214e-05,9.004,0.024,290.718431332196,48.5410042365553,kmag,allsky,using APOGEE DR14 m_h and teff
KIC11070918,6682.043000000001,157.59554,3.818304823011869,0.02164881703798489,-9999.0,-9999.0,0.004442705942242375,3.022638169534628e-05,8.597999999999999,0.018000000000000002,284.22234557922815,48.693965543343886,kmag,allsky,using APOGEE DR14 m_h and teff
KIC11074380,5039.4717,86.10462,3.6806226194914697,0.016283932007776922,0.14978722,0.032816727000000004,0.002331039434106092,2.0322559272125874e-05,9.371,0.022000000000000002,286.4137472446618,48.6586926156275,kmag,allsky,using APOGEE DR14 m_h and teff
KIC11075448,6515.0854,153.03918000000002,4.200955178250368,0.05516815027487381,0.0019378485,0.088339195,0.00390464329977751,2.574261549111204e-05,9.256,0.02,287.1422184695715,48.69643619369418,kmag,allsky,using APOGEE DR14 m_h and teff
KIC11081729,6541.774,160.20247,4.262675027217981,0.00940035510821897,-9999.0,-9999.0,0.007689145310958532,2.0717415026651208e-05,7.973,0.018000000000000002,290.58425561122976,48.69535201609725,kmag,allsky,using APOGEE DR14 m_h and teff
KIC11082784,5663.483,126.78303999999999,3.8744427698843773,0.018811642197843058,-0.18814337,0.056411743,0.002315691553610901,2.9582576140349552e-05,9.948,0.02,291.1618903529509,48.6453047692994,kmag,allsky,using APOGEE DR14 m_h and teff
KIC11083308,6115.241999999999,137.09601,3.915439454414978,0.03719338527767091,-0.014612671,0.07854299,0.001964665846879983,2.673176841642686e-05,10.099,0.016,291.43571177296934,48.624011338484145,kmag,allsky,using APOGEE DR14 m_h and teff
KIC11127479,5835.4717,122.04413999999998,4.217838425659102,0.0324286662210191,0.14490023,0.07238282,0.003640233653334465,2.462850368091744e-05,9.761000000000001,0.023,286.3385561610159,48.74426973114006,kmag,allsky,using APOGEE DR14 m_h and teff
KIC11137075,5493.513000000001,129.64581,4.005456861407643,0.008467057588666393,-0.12261337,0.048106145,0.0039767481082550165,4.555205264997559e-05,9.274,0.013000000000000001,291.6208435608788,48.71172102616643,kmag,allsky,using APOGEE DR14 m_h and teff
KIC11138101,6071.026,137.6123,3.7864880463877655,0.047756171784016616,-0.08198531,0.07750267,0.0023096762130357406,2.08052681637818e-05,9.506,0.013000000000000001,292.1377888602616,48.700735467414724,kmag,allsky,using APOGEE DR14 m_h and teff
KIC11188219,5817.964,120.9894,4.2119475923151946,0.08742662940589377,0.16064525,0.07201385,0.004008888197997164,2.363262704284683e-05,9.657,0.024,290.6194465066932,48.82920942886193,kmag,allsky,using APOGEE DR14 m_h and teff
KIC11193681,5520.2515,114.80742,3.8101484430948576,0.008350044341417676,0.25438663,0.041022297,0.002804385664538961,2.1251101808139563e-05,9.22,0.016,293.50117225107886,48.83584471748327,kmag,allsky,using APOGEE DR14 m_h and teff
KIC11244118,5506.825,107.37611399999999,4.079348857333591,0.00783706433015544,0.29545936,0.06573338,0.0063098210841369936,2.0070443330411386e-05,8.294,0.013000000000000001,291.83540657744186,48.95297698277522,kmag,allsky,using APOGEE DR14 m_h and teff
KIC11253226,6743.9995,167.60756999999998,4.201752984617368,0.00868716579846148,-9999.0,-9999.0,0.008463872534391948,4.228244786472527e-05,7.459,0.016,295.91509758414793,48.92853425736312,kmag,allsky,using APOGEE DR14 m_h and teff
KIC11294717,5672.31,116.89418,3.913431730674206,0.03512650725400908,0.13516511,0.06899322,0.002015663510040996,1.9544676828580247e-05,10.287,0.026000000000000002,290.63627641075874,49.03761443832324,kmag,allsky,using APOGEE DR14 m_h and teff
KIC11307875,4999.9775,84.13684,3.3938096426435,0.021800193566304697,0.12396826,0.03253676,0.00185175396545521,2.4205441830077786e-05,9.166,0.021,296.64099757036547,49.02377299147784,kmag,allsky,using APOGEE DR14 m_h and teff
KIC11389393,6048.5109999999995,128.57127,4.0145592296808,0.018696179591795162,0.17492220000000003,0.07706234,0.003295550238645528,1.822524182630976e-05,9.283999999999999,0.013000000000000001,283.70129705654665,49.228184154175025,kmag,allsky,using APOGEE DR14 m_h and teff
KIC11389437,6073.4297,133.26044,4.048071932421212,0.014975098201519831,0.05514051,0.07760516,0.003859899053934055,1.897297218202898e-05,9.095,0.013000000000000001,283.7315513252464,49.22974844783744,kmag,allsky,using APOGEE DR14 m_h and teff
KIC11395018,5458.559,110.726074,3.863097345504583,0.010136750595198559,0.21405664,0.040436927000000004,0.0029582947914055823,2.1430098296416633e-05,9.222000000000001,0.022000000000000002,287.48116364984025,49.25119205376334,kmag,allsky,using APOGEE DR14 m_h and teff
KIC11401156,5030.6626,85.76430500000001,3.6802036912998446,0.014048068383908123,0.101124674,0.033510838,0.004857032705361437,2.308501572239944e-05,7.971,0.021,290.9338238823378,49.22242572409293,kmag,allsky,using APOGEE DR14 m_h and teff
KIC11401708,5745.859,115.85041000000001,3.773968112012648,0.01366692768176318,0.25688234,0.07051325,0.0022747205385365028,2.7308807356053702e-05,9.32,0.022000000000000002,291.22697265142926,49.2818813828337,kmag,allsky,using APOGEE DR14 m_h and teff
KIC11414712,5492.3745,114.09413,3.813970651791177,0.01286345247727206,-0.120283365,0.049266726,0.007803667013652119,2.6669630223060443e-05,7.0329999999999995,0.017,297.09355265788736,49.23689803958744,kmag,allsky,using APOGEE DR14 m_h and teff
KIC11454149,6281.3066,150.39973,4.370943925509686,0.04895781240560964,-0.20932427,0.08237759,0.005273307064875493,2.719740691644511e-05,9.271,0.022000000000000002,291.271721787621,49.32701227378804,kmag,allsky,using APOGEE DR14 m_h and teff
KIC11460626,6043.6406,144.17783,3.8614041634098464,0.040086636240415585,-0.09193843,0.083087645,0.0018868748727702733,3.0109924209043845e-05,10.185,0.016,294.53454743663485,49.38016391206773,kmag,allsky,using APOGEE DR14 m_h and teff
KIC11467550,5984.78,131.66565,3.941073036646473,0.023385591091171845,0.0023204759,0.07559404,0.0024830937459503545,2.1466397621797983e-05,9.732000000000001,0.013999999999999999,297.37163302388353,49.35283313622077,kmag,allsky,using APOGEE DR14 m_h and teff
KIC11496573,5026.3433,85.7036,3.4644364501896416,0.01108709191055902,0.03420315,0.034642722,0.0018443393491526818,2.757191373793452e-05,9.385,0.024,285.7146802719718,49.44433056653975,kmag,allsky,using APOGEE DR14 m_h and teff
KIC11506988,6334.121999999999,154.53145,4.005165624782516,0.035229751055117296,-0.25976914,0.08363304,0.0035555027002702392,3.502879437398691e-05,8.577,0.015,291.6697210123412,49.440527412131914,kmag,allsky,using APOGEE DR14 m_h and teff
KIC11507653,5607.147,114.82571000000002,4.073570317038056,0.05891385636708611,0.13390648,0.06768463599999999,0.002725538840582932,4.120227626052917e-05,9.957,0.013999999999999999,292.02238347069766,49.415837686723854,kmag,allsky,using APOGEE DR14 m_h and teff
KIC11558593,5119.327,91.25568,3.5738378934219237,0.024462380787823847,-0.18889336,0.041164685,0.0010131767661693731,0.0002381942050944065,9.413,0.017,291.5656594826065,49.59277289097073,kmag,allsky,using APOGEE DR14 m_h and teff
KIC11611414,6117.5483,138.41828999999998,4.009851283481254,0.07563185684223511,-0.052089326,0.07858222,0.002271738470302784,2.559944071016236e-05,10.273,0.021,292.2315674281056,49.64786819504508,kmag,allsky,using APOGEE DR14 m_h and teff
KIC11620833,4910.157,79.27153,3.4587684256971682,0.026130107087658457,0.3219351,0.027837591000000002,0.0036122916417112797,7.076928133355885e-05,8.363999999999999,0.015,296.420046520644,49.68240804502942,kmag,allsky,using APOGEE DR14 m_h and teff
KIC11674236,5432.495,109.71666,3.8843028015638263,0.03898488340523374,0.19948663,0.040089282999999996,0.002417304018921157,2.7986781501937758e-05,9.896,0.013000000000000001,297.5384797982407,49.724774417148474,kmag,allsky,using APOGEE DR14 m_h and teff
KIC11713510,5734.568,125.79928999999998,4.045476658956823,0.009049926732981729,-0.098989815,0.07019709,0.00386094162034514,2.04862046321944e-05,9.35,0.018000000000000002,292.2578296781836,49.865447815995886,kmag,allsky,using APOGEE DR14 m_h and teff
KIC11717120,5073.7783,89.03724,3.692221711659311,0.010306272080144884,-0.28304335,0.042160764,0.006982115179871751,2.5807469943150975e-05,7.406000000000001,0.016,294.0786471736795,49.824146473065426,kmag,allsky,using APOGEE DR14 m_h and teff
KIC11722551,4930.674,79.94414,3.7896259994132016,0.008258711946794721,0.4761118,0.02595172,0.0035632712681893343,2.3125824490717446e-05,8.972999999999999,0.016,296.3907744874878,49.88227648327086,kmag,allsky,using APOGEE DR14 m_h and teff
KIC11723674,6086.273,141.22275,3.8042993218495766,0.027833433065552245,0.012096448999999999,0.083207406,0.0016207978198328353,2.937235668882992e-05,10.134,0.016,296.83232405336895,49.83543816730874,kmag,allsky,using APOGEE DR14 m_h and teff
KIC11771760,5754.1943,133.19818,3.666382100118996,0.00982350453262085,-0.004703369000000001,0.053916982999999995,0.0015143840257712405,2.2292406018504343e-05,9.941,0.016,295.9905062799245,49.922692737192705,kmag,allsky,using APOGEE DR14 m_h and teff
KIC11772920,5263.5728,108.2575,4.462670274279419,0.020556268878748316,-0.019752525,0.06114807,0.014123395665517154,2.992051378539478e-05,7.981,0.016,296.4418455634103,49.98834250779755,kmag,allsky,using APOGEE DR14 m_h and teff
KIC11802968,4875.745,78.452965,3.6184052096784303,0.01498481653489974,-0.051454692999999996,0.033305228,0.0033773867120300595,2.213125352731653e-05,8.859,0.017,285.26848571592967,50.09696231971446,kmag,allsky,using APOGEE DR14 m_h and teff
KIC11817562,5966.0913,164.69031999999999,3.8164231944940687,0.04951904837099248,0.12725663,0.055828508,0.0015726280325834884,2.249042194676271e-05,10.217,0.013999999999999999,293.74144135500273,50.01715752831873,kmag,allsky,using APOGEE DR14 m_h and teff
KIC11873252,4868.4624,78.63861999999999,3.3386805265095183,0.01630425987081351,-0.27367175,0.03735374,0.002091987459638971,2.0841995556733487e-05,9.204,0.015,296.22903873403703,50.147130052748146,kmag,allsky,using APOGEE DR14 m_h and teff
KIC12020532,5243.933000000001,97.555824,3.501831664846608,0.012291045434639929,0.10275763,0.03787999,0.001841965325191217,2.4012092084705183e-05,9.076,0.013000000000000001,295.5563909602982,50.41129140971941,kmag,allsky,using APOGEE DR14 m_h and teff
KIC12069127,6175.5312,141.28835,3.9101094968941963,0.010383950437232486,0.06810772400000001,0.08404445,0.002333608834175326,2.2250171173065656e-05,9.494,0.013999999999999999,295.30327210604,50.56518307361613,kmag,allsky,using APOGEE DR14 m_h and teff
KIC12069569,6062.4185,168.10576,3.8257120116400456,0.06099863276475436,-0.08424437,0.06665865,0.001819589958613369,2.49174053834781e-05,10.039,0.013999999999999999,295.5290266410778,50.52748469031018,kmag,allsky,using APOGEE DR14 m_h and teff
KIC12117868,5937.589,131.45868000000002,4.2230152066964015,0.044096867860009784,-0.046125865999999995,0.074535824,0.0048673785887692585,2.225460168320393e-05,9.218,0.015,295.25125024488244,50.694731932205435,kmag,allsky,using APOGEE DR14 m_h and teff
KIC12265063,5823.857,131.5392,4.071656497670191,0.07633844334938113,-0.18213789,0.07202443,0.0032632752057051113,2.7990464044024318e-05,9.626,0.016,295.0705476707032,50.90363975474693,kmag,allsky,using APOGEE DR14 m_h and teff
KIC12317678,6602.58,170.92361,4.0731687642851835,0.00867502239990195,-9999.0,-9999.0,0.006739641576629765,8.817042290158414e-05,7.631,0.017,296.6572381075311,51.020180608398675,kmag,allsky,using APOGEE DR14 m_h and teff
KIC12366681,6417.088000000001,144.96024,3.8095191874693786,0.02159871377891833,0.10946785,0.085863076,0.0029480088227731025,2.5662478132039826e-05,8.366,0.016,296.08607147607603,51.12710132408653,kmag,allsky,using APOGEE DR14 m_h and teff
