RAJ2000,DEJ2000,_2MASS,Jmag,e_Jmag,Hmag,e_Hmag,Kmag,e_Kmag,Qflg,Rflg,Bflg,Cflg,Xflg,Aflg,tm_designation,gaia_source_id,kepid,nearest_neighbour
292.08269,37.059811,b'19281984+3703353',7.983,0.024,7.753,0.023,7.718,0.017,b'AAA',b'111',b'111',b'000',0,0,2MASS J19281984+3703353,2051714265379610624,1435467,1
290.505646,37.459015,b'19220135+3727324',10.427,0.02,10.204,0.021,10.155,0.019,b'AAA',b'222',b'111',b'000',0,0,2MASS J19220135+3727324,2051083248784888576,2010607,1
292.901507,37.624481,b'19313636+3737281',10.04,0.022,9.604,0.02,9.5,0.018,b'AAA',b'222',b'111',b'000',0,0,2MASS J19313636+3737281,2051847684243759104,2309595,1
293.073563,37.716461,b'19321765+3742592',9.585,0.02,9.333,0.019,9.283,0.018,b'AAA',b'222',b'111',b'000',0,0,2MASS J19321765+3742592,2051667914096024448,2450729,1
287.548468,38.082199,b'19101163+3804559',7.649,0.021,7.481,0.016,7.464,0.027,b'AAA',b'111',b'111',b'000',0,0,2MASS J19101163+3804559,2099526837747055232,2837475,1
290.730668,38.085678,b'19225536+3805084',10.327,0.021,10.088,0.02,10.037,0.018,b'AAA',b'222',b'111',b'000',0,0,2MASS J19225536+3805084,2052614421804974464,2849125,1
291.525853,38.043507,b'19260620+3802366',9.772,0.021,9.54,0.016,9.511,0.018,b'AAA',b'222',b'111',b'000',0,0,2MASS J19260620+3802366,2052579374867447936,2852862,1
291.824891,38.113197,b'19271797+3806475',9.602,0.026,9.267,0.032,9.225,0.021,b'AAA',b'222',b'111',b'000',0,0,2MASS J19271797+3806475,2052659879738450048,2991448,1
293.291441,38.107304,b'19330994+3806262',9.655,0.02,9.435,0.02,9.396,0.018,b'AAA',b'222',b'111',b'000',0,0,2MASS J19330994+3806262,2052236773922878336,2998253,1
290.342948,38.286911,b'19212230+3817128',10.766,0.019,10.503,0.022,10.442,0.018,b'AAA',b'222',b'111',b'000',0,0,2MASS J19212230+3817128,2052817449196899968,3112152,1
290.538074,38.242142,b'19220913+3814317',10.208,0.021,9.976,0.016,9.925,0.018,b'AAA',b'222',b'111',b'000',0,0,2MASS J19220913+3814317,2052807725390942848,3112889,1
291.11702,38.213924,b'19242808+3812501',10.011,0.021,9.495,0.019,9.421,0.018,b'AAA',b'222',b'111',b'000',0,0,2MASS J19242808+3812501,2052628612377410688,3115178,1
287.962705,38.395519,b'19115104+3823438',8.455,0.021,8.285,0.036,8.156,0.034,b'AAA',b'111',b'111',b'000',0,0,2MASS J19115104+3823438,2099557894653958144,3223000,1
293.085186,38.341747,b'19322044+3820302',9.101,0.022,8.79,0.017,8.711,0.018,b'AAA',b'212',b'111',b'000',0,0,2MASS J19322044+3820302,2052255843577676288,3241581,1
287.613912,38.481346,b'19102733+3828528',8.982,0.026,8.499,0.027,8.478,0.018,b'AAA',b'112',b'111',b'000',0,0,2MASS J19102733+3828528,2099551641180945280,3329196,1
285.179067,38.573574,b'19004297+3834248',8.863,0.019,8.684,0.024,8.614,0.024,b'AAA',b'222',b'111',b'000',0,0,2MASS J19004297+3834248,2100127274175097344,3424541,1
286.438586,38.52293,b'19054526+3831225',8.094,0.02,7.843,0.016,7.826,0.017,b'AAA',b'111',b'111',b'000',0,0,2MASS J19054526+3831225,2099985402815368704,3427720,1
287.007073,38.525425,b'19080169+3831315',8.716,0.037,8.278,0.021,8.183,0.02,b'AAA',b'112',b'111',b'000',0,0,2MASS J19080169+3831315,2099234844390196480,3429205,1
287.621423,38.538391,b'19102914+3832182',9.836,0.021,9.579,0.022,9.519,0.017,b'AAA',b'222',b'111',b'000',0,0,2MASS J19102914+3832182,2099555012732796800,3430893,1
287.621423,38.538391,b'19102914+3832182',9.836,0.021,9.579,0.022,9.519,0.017,b'AAA',b'222',b'111',b'000',0,0,2MASS J19102914+3832182,2099555012728529408,3430893,0
287.621423,38.538391,b'19102914+3832182',9.836,0.021,9.579,0.022,9.519,0.017,b'AAA',b'222',b'111',b'000',0,0,2MASS J19102914+3832182,2099555012732796800,3430893,1
287.621423,38.538391,b'19102914+3832182',9.836,0.021,9.579,0.022,9.519,0.017,b'AAA',b'222',b'111',b'000',0,0,2MASS J19102914+3832182,2099555012728529408,3430893,0
289.760236,38.575275,b'19190245+3834309',10.14,0.027,9.772,0.033,9.682,0.018,b'AAA',b'222',b'111',b'000',0,0,2MASS J19190245+3834309,2051388122743101824,3437637,1
290.028317,38.598026,b'19200679+3835528',10.184,0.019,9.943,0.016,9.922,0.017,b'AAA',b'222',b'111',b'000',0,0,2MASS J19200679+3835528,2052875246577238656,3438633,1
291.727158,38.689587,b'19265451+3841225',9.987,0.021,9.706,0.021,9.675,0.018,b'AAA',b'222',b'111',b'000',0,0,2MASS J19265451+3841225,2052738563540624000,3545753,1
286.517082,38.72644,b'19060409+3843351',10.266,0.022,9.834,0.021,9.73,0.017,b'AAA',b'222',b'111',b'000',0,0,2MASS J19060409+3843351,2100005949939538176,3630240,1
287.361799,38.714031,b'19092683+3842505',7.229,0.032,7.031,0.023,6.945,0.018,b'AAA',b'111',b'111',b'000',0,0,2MASS J19092683+3842505,2099606483621385216,3632418,1
287.896099,38.743759,b'19113506+3844375',9.265,0.022,9.041,0.023,8.972,0.018,b'AAA',b'222',b'111',b'000',0,0,2MASS J19113506+3844375,2099584557810296832,3633847,1
287.914134,38.734634,b'19113939+3844046',9.212,0.022,9.022,0.033,8.946,0.018,b'AAA',b'212',b'111',b'000',0,0,2MASS J19113939+3844046,2099583733176576128,3633889,1
290.540009,38.760338,b'19220960+3845372',8.977,0.021,8.586,0.033,8.493,0.018,b'AAA',b'112',b'111',b'000',0,0,2MASS J19220960+3845372,2052857615733303168,3642422,1
290.947067,38.777008,b'19234729+3846372',8.89,0.02,8.657,0.016,8.572,0.017,b'AAA',b'112',b'111',b'000',0,0,2MASS J19234729+3846372,2052848445981103104,3643774,1
290.947067,38.777008,b'19234729+3846372',8.89,0.02,8.657,0.016,8.572,0.017,b'AAA',b'112',b'111',b'000',0,0,2MASS J19234729+3846372,2052848445975408896,3643774,0
290.947067,38.777008,b'19234729+3846372',8.89,0.02,8.657,0.016,8.572,0.017,b'AAA',b'112',b'111',b'000',0,0,2MASS J19234729+3846372,2052848445981103104,3643774,1
290.947067,38.777008,b'19234729+3846372',8.89,0.02,8.657,0.016,8.572,0.017,b'AAA',b'112',b'111',b'000',0,0,2MASS J19234729+3846372,2052848445975408896,3643774,0
294.203317,38.715782,b'19364879+3842568',8.382,0.024,8.083,0.023,8.008,0.017,b'AAA',b'112',b'111',b'000',0,0,2MASS J19364879+3842568,2052184512764630272,3656476,1
294.332687,38.744774,b'19371984+3844411',8.737,0.023,8.511,0.029,8.427,0.02,b'AAA',b'122',b'111',b'000',0,0,2MASS J19371984+3844411,2052179015206598656,3657002,1
295.263536,38.74601,b'19410324+3844456',9.65,0.021,9.292,0.019,9.241,0.017,b'AAA',b'222',b'111',b'000',0,0,2MASS J19410324+3844456,2076160532037818624,3661135,1
286.119845,38.811752,b'19042876+3848423',10.368,0.02,10.095,0.02,10.015,0.015,b'AAA',b'222',b'111',b'000',0,0,2MASS J19042876+3848423,2100051236074556032,3730801,1
286.119845,38.811752,b'19042876+3848423',10.368,0.02,10.095,0.02,10.015,0.015,b'AAA',b'222',b'111',b'000',0,0,2MASS J19042876+3848423,2100051236074556800,3730801,0
286.119845,38.811752,b'19042876+3848423',10.368,0.02,10.095,0.02,10.015,0.015,b'AAA',b'222',b'111',b'000',0,0,2MASS J19042876+3848423,2100051236074556032,3730801,1
286.119845,38.811752,b'19042876+3848423',10.368,0.02,10.095,0.02,10.015,0.015,b'AAA',b'222',b'111',b'000',0,0,2MASS J19042876+3848423,2100051236074556800,3730801,0
287.258046,38.899895,b'19090193+3853596',7.533,0.018,7.38,0.021,7.374,0.021,b'AAA',b'111',b'111',b'000',0,0,2MASS J19090193+3853596,2099622392180275200,3733735,1
288.069329,38.817684,b'19121663+3849036',8.732,0.027,8.505,0.021,8.477,0.018,b'AAA',b'112',b'111',b'000',0,0,2MASS J19121663+3849036,2099574421688108928,3735871,1
295.174939,38.802288,b'19404198+3848082',9.881,0.024,9.635,0.02,9.584,0.018,b'AAA',b'222',b'111',b'000',0,0,2MASS J19404198+3848082,2052144930345531904,3761840,1
292.639632,38.913975,b'19303351+3854503',10.003,0.022,9.706,0.022,9.634,0.018,b'AAA',b'222',b'111',b'000',0,0,2MASS J19303351+3854503,2053087619817933952,3854781,1
287.992453,39.03709,b'19115818+3902135',9.547,0.02,9.216,0.022,9.131,0.018,b'AAA',b'222',b'111',b'000',0,0,2MASS J19115818+3902135,2099684961263219840,3942719,1
290.936175,39.000675,b'19234468+3900024',9.565,0.018,9.31,0.021,9.248,0.018,b'AAA',b'222',b'111',b'000',0,0,2MASS J19234468+3900024,2052957125834988672,3952307,1
291.020405,39.016445,b'19240489+3900592',9.303,0.018,9.048,0.021,9.001,0.018,b'AAA',b'222',b'111',b'000',0,0,2MASS J19240489+3900592,2052957744310350976,3952580,1
294.967393,39.047668,b'19395217+3902516',9.557,0.02,9.254,0.02,9.231,0.017,b'AAA',b'222',b'111',b'000',0,0,2MASS J19395217+3902516,2052163587683475328,3967859,1
285.516929,39.114582,b'19020406+3906524',10.224,0.02,9.762,0.02,9.682,0.016,b'AAA',b'222',b'111',b'000',0,0,2MASS J19020406+3906524,2100240730030703360,4038445,1
285.516929,39.114582,b'19020406+3906524',10.224,0.02,9.762,0.02,9.682,0.016,b'AAA',b'222',b'111',b'000',0,0,2MASS J19020406+3906524,2100240730029616128,4038445,0
285.516929,39.114582,b'19020406+3906524',10.224,0.02,9.762,0.02,9.682,0.016,b'AAA',b'222',b'111',b'000',0,0,2MASS J19020406+3906524,2100240730030703360,4038445,1
285.516929,39.114582,b'19020406+3906524',10.224,0.02,9.762,0.02,9.682,0.016,b'AAA',b'222',b'111',b'000',0,0,2MASS J19020406+3906524,2100240730029616128,4038445,0
289.449873,39.187126,b'19174796+3911136',10.367,0.018,10.054,0.018,9.993,0.018,b'AAA',b'222',b'111',b'000',0,0,2MASS J19174796+3911136,2100955000274545536,4049576,1
293.430948,39.151775,b'19334342+3909063',10.213,0.022,9.773,0.019,9.71,0.018,b'AAA',b'222',b'111',b'000',0,0,2MASS J19334342+3909063,2052355658620129536,4064447,1
295.418044,39.172958,b'19414033+3910226',8.137,0.03,7.651,0.024,7.535,0.024,b'AAA',b'111',b'111',b'000',0,0,2MASS J19414033+3910226,2076176303158238464,4072740,1
295.418044,39.172958,b'19414033+3910226',8.137,0.03,7.651,0.024,7.535,0.024,b'AAA',b'111',b'111',b'000',0,0,2MASS J19414033+3910226,2076176303158237568,4072740,0
295.418044,39.172958,b'19414033+3910226',8.137,0.03,7.651,0.024,7.535,0.024,b'AAA',b'111',b'111',b'000',0,0,2MASS J19414033+3910226,2076176303158238464,4072740,1
295.418044,39.172958,b'19414033+3910226',8.137,0.03,7.651,0.024,7.535,0.024,b'AAA',b'111',b'111',b'000',0,0,2MASS J19414033+3910226,2076176303158237568,4072740,0
293.370525,39.263035,b'19332892+3915469',10.359,0.021,10.0,0.02,9.943,0.018,b'AAA',b'222',b'111',b'000',0,0,2MASS J19332892+3915469,2052368921479197440,4165030,1
285.508664,39.351467,b'19020207+3921052',9.769,0.021,9.278,0.022,9.149,0.017,b'AAA',b'222',b'111',b'000',0,0,2MASS J19020207+3921052,2100259387368704128,4243623,1
287.068277,39.355225,b'19081638+3921188',10.564,0.023,10.344,0.022,10.264,0.018,b'AAA',b'222',b'111',b'000',0,0,2MASS J19081638+3921188,2100419950426398592,4247542,1
285.285964,39.498051,b'19010863+3929529',8.956,0.021,8.68,0.026,8.609,0.02,b'AAA',b'222',b'111',b'000',0,0,2MASS J19010863+3929529,2100311609874015488,4346201,1
285.907327,39.406265,b'19033775+3924225',9.735,0.021,9.265,0.019,9.17,0.017,b'AAA',b'222',b'111',b'000',0,0,2MASS J19033775+3924225,2100274333855007488,4347652,1
287.398617,39.497417,b'19093566+3929507',8.473,0.027,8.006,0.027,7.909,0.02,b'AAA',b'111',b'111',b'000',0,0,2MASS J19093566+3929507,2100417167287796992,4351319,1
295.009199,39.464184,b'19400220+3927510',9.537,0.022,9.046,0.02,8.93,0.017,b'AAA',b'222',b'111',b'000',0,0,2MASS J19400220+3927510,2076244507240642816,4378838,1
285.358426,39.56525,b'19012602+3933549',9.33,0.021,8.934,0.018,8.838,0.017,b'AAA',b'222',b'111',b'000',0,0,2MASS J19012602+3933549,2100312095207809280,4446300,1
287.314862,39.538185,b'19091556+3932174',9.424,0.021,9.119,0.026,9.033,0.023,b'AAA',b'222',b'111',b'000',0,0,2MASS J19091556+3932174,2100416823690394624,4450844,1
289.553777,39.565483,b'19181290+3933557',9.847,0.018,9.484,0.016,9.424,0.016,b'AAA',b'222',b'111',b'000',0,0,2MASS J19181290+3933557,2101015954450819456,4457351,1
291.891331,39.581047,b'19273391+3934517',10.283,0.027,9.955,0.033,9.902,0.019,b'AAA',b'222',b'111',b'000',0,0,2MASS J19273391+3934517,2053362261510080768,4465324,1
291.891331,39.581047,b'19273391+3934517',10.283,0.027,9.955,0.033,9.902,0.019,b'AAA',b'222',b'111',b'000',0,0,2MASS J19273391+3934517,2053362261510079744,4465324,0
291.891331,39.581047,b'19273391+3934517',10.283,0.027,9.955,0.033,9.902,0.019,b'AAA',b'222',b'111',b'000',0,0,2MASS J19273391+3934517,2053362261510080768,4465324,1
291.891331,39.581047,b'19273391+3934517',10.283,0.027,9.955,0.033,9.902,0.019,b'AAA',b'222',b'111',b'000',0,0,2MASS J19273391+3934517,2053362261510079744,4465324,0
291.947131,39.584366,b'19274731+3935037',9.046,,8.791,0.046,8.731,0.019,b'UAA',b'622',b'022',b'0cc',0,0,2MASS J19274731+3935037,2053174966578865408,4465529,1
285.237253,39.666397,b'19005694+3939590',9.379,0.02,9.114,0.022,9.063,0.02,b'AAA',b'222',b'111',b'000',0,0,2MASS J19005694+3939590,2100325529865506688,4543171,1
294.296547,39.69606,b'19371117+3941458',9.789,0.022,9.533,0.019,9.48,0.018,b'AAA',b'222',b'111',b'000',0,0,2MASS J19371117+3941458,2052443138512815104,4571351,1
294.436258,39.642735,b'19374470+3938338',10.619,0.024,10.32,0.028,10.306,0.022,b'AAA',b'222',b'111',b'000',0,0,2MASS J19374470+3938338,2076446748656151680,4571904,1
295.064325,39.682941,b'19401543+3940585',7.927,0.023,7.708,0.02,7.686,0.024,b'AAA',b'111',b'111',b'000',0,0,2MASS J19401543+3940585,2076260175281528064,4574610,1
295.682802,39.618729,b'19424387+3937074',9.73,0.025,9.369,0.02,9.283,0.014,b'AAA',b'222',b'111',b'000',0,0,2MASS J19424387+3937074,2076223101122787328,4577484,1
297.409907,39.646576,b'19493837+3938476',8.26,0.024,8.016,0.021,7.98,0.026,b'AAA',b'111',b'111',b'000',0,0,2MASS J19493837+3938476,2073631277337888256,4586099,1
286.407837,39.719406,b'19053788+3943098',9.019,0.019,8.804,0.024,8.752,0.017,b'AAA',b'112',b'111',b'000',0,0,2MASS J19053788+3943098,2100657131403482112,4638884,1
287.588831,39.711514,b'19102131+3942414',10.559,0.024,10.271,0.022,10.178,0.018,b'AAA',b'222',b'111',b'000',0,0,2MASS J19102131+3942414,2100514061750446464,4641621,1
296.161634,39.781895,b'19443879+3946548',10.064,0.023,9.777,0.02,9.699,0.014,b'AAA',b'222',b'111',b'000',0,0,2MASS J19443879+3946548,2076310958972692224,4672403,1
289.756432,39.872063,b'19190154+3952194',10.541,0.025,10.271,0.032,10.176,0.018,b'AAA',b'222',b'111',b'000',0,0,2MASS J19190154+3952194,2101049901872784896,4739932,1
294.149115,39.811977,b'19363578+3948431',9.56,0.02,9.323,0.019,9.263,0.018,b'AAA',b'222',b'111',b'000',0,0,2MASS J19363578+3948431,2052491723180057856,4755204,1
294.149115,39.811977,b'19363578+3948431',9.56,0.02,9.323,0.019,9.263,0.018,b'AAA',b'222',b'111',b'000',0,0,2MASS J19363578+3948431,2052491826263606016,4755204,0
294.149115,39.811977,b'19363578+3948431',9.56,0.02,9.323,0.019,9.263,0.018,b'AAA',b'222',b'111',b'000',0,0,2MASS J19363578+3948431,2052491723180057856,4755204,1
294.149115,39.811977,b'19363578+3948431',9.56,0.02,9.323,0.019,9.263,0.018,b'AAA',b'222',b'111',b'000',0,0,2MASS J19363578+3948431,2052491826263606016,4755204,0
294.377311,39.855667,b'19373055+3951204',9.89,0.024,9.632,0.028,9.59,0.022,b'AAA',b'222',b'111',b'000',0,0,2MASS J19373055+3951204,2076463928525422592,4756112,1
293.525171,39.991199,b'19340604+3959283',10.651,0.02,10.374,0.022,10.313,0.017,b'AAA',b'222',b'111',b'000',0,0,2MASS J19340604+3959283,2053256399158515840,4841753,1
293.727686,39.907337,b'19345464+3954264',10.233,0.02,9.943,0.02,9.874,0.018,b'AAA',b'222',b'111',b'000',0,0,2MASS J19345464+3954264,2052504951683565056,4842436,1
294.739376,39.998127,b'19385745+3959532',10.07,0.022,9.83,0.028,9.771,0.024,b'AAA',b'222',b'111',b'000',0,0,2MASS J19385745+3959532,2076470040258040704,4846457,1
294.739376,39.998127,b'19385745+3959532',10.07,0.022,9.83,0.028,9.771,0.024,b'AAA',b'222',b'111',b'000',0,0,2MASS J19385745+3959532,2076470044559223552,4846457,0
294.739376,39.998127,b'19385745+3959532',10.07,0.022,9.83,0.028,9.771,0.024,b'AAA',b'222',b'111',b'000',0,0,2MASS J19385745+3959532,2076470040258040704,4846457,1
294.739376,39.998127,b'19385745+3959532',10.07,0.022,9.83,0.028,9.771,0.024,b'AAA',b'222',b'111',b'000',0,0,2MASS J19385745+3959532,2076470044559223552,4846457,0
289.145409,40.047272,b'19163489+4002501',8.285,0.024,7.999,0.017,7.935,0.023,b'AAA',b'111',b'111',b'000',0,0,2MASS J19163489+4002501,2101240083023021952,4914923,1
289.210318,40.019203,b'19165047+4001091',9.158,0.018,8.7,0.02,8.609,0.018,b'AAA',b'212',b'111',b'000',0,0,2MASS J19165047+4001091,2101251486158587520,4915148,1
297.514239,40.050419,b'19500341+4003015',9.943,0.021,9.667,0.022,9.621,0.02,b'AAA',b'222',b'111',b'000',0,0,2MASS J19500341+4003015,2073656394307226880,4947253,1
294.719693,40.153782,b'19385272+4009136',8.473,0.019,8.231,0.023,8.196,0.021,b'AAA',b'111',b'111',b'000',0,0,2MASS J19385272+4009136,2076495161528280192,5021689,1
297.130193,40.191723,b'19483124+4011302',9.478,0.02,9.0,0.024,8.928,0.018,b'AAA',b'222',b'111',b'000',0,0,2MASS J19483124+4011302,2073710098579801088,5033245,1
286.688291,40.233158,b'19064518+4013593',10.519,0.024,10.26,0.022,10.175,0.018,b'AAA',b'222',b'111',b'000',0,0,2MASS J19064518+4013593,2100696855558179200,5084157,1
290.521951,40.244102,b'19220526+4014387',9.779,,9.285,0.034,9.196,0.042,b'UAA',b'622',b'022',b'0cc',0,0,2MASS J19220526+4014387,2101128104637300608,5095159,1
294.922638,40.284798,b'19394143+4017052',9.377,0.02,8.881,0.026,8.769,0.018,b'AAA',b'212',b'111',b'000',0,0,2MASS J19394143+4017052,2076503575359113728,5110725,1
298.364664,40.343731,b'19532751+4020374',9.9,0.019,9.662,0.022,9.615,0.018,b'AAA',b'222',b'111',b'000',0,0,2MASS J19532751+4020374,2073580768533131904,5214711,1
283.721841,40.491879,b'18545324+4029307',9.455,0.028,9.151,0.03,9.069,0.02,b'AAA',b'222',b'111',b'000',0,0,2MASS J18545324+4029307,2103531121656097792,5253542,1
288.91449,40.41906,b'19153947+4025086',9.531,0.022,9.107,0.018,9.004,0.019,b'AAA',b'222',b'111',b'000',0,0,2MASS J19153947+4025086,2101321481243945216,5265656,1
285.390977,40.517303,b'19013383+4031022',10.134,0.02,9.905,0.02,9.849,0.017,b'AAA',b'222',b'111',b'000',0,0,2MASS J19013383+4031022,2103752020414267392,5344612,1
288.911642,40.595062,b'19153879+4035422',10.453,0.02,10.203,0.016,10.156,0.016,b'AAA',b'222',b'111',b'000',0,0,2MASS J19153879+4035422,2101336492147658880,5353186,1
294.365373,40.588848,b'19372768+4035198',7.427,0.035,7.227,0.055,7.202,0.018,b'AAA',b'111',b'111',b'000',0,0,2MASS J19372768+4035198,2076568691369914752,5371516,1
298.634273,40.597511,b'19543222+4035510',8.986,0.021,8.464,0.017,8.377,0.018,b'AAA',b'112',b'111',b'000',0,0,2MASS J19543222+4035510,2073610691554117632,5390438,1
298.634273,40.597511,b'19543222+4035510',8.986,0.021,8.464,0.017,8.377,0.018,b'AAA',b'112',b'111',b'000',0,0,2MASS J19543222+4035510,2073610695858718080,5390438,0
298.634273,40.597511,b'19543222+4035510',8.986,0.021,8.464,0.017,8.377,0.018,b'AAA',b'112',b'111',b'000',0,0,2MASS J19543222+4035510,2073610691554117632,5390438,1
298.634273,40.597511,b'19543222+4035510',8.986,0.021,8.464,0.017,8.377,0.018,b'AAA',b'112',b'111',b'000',0,0,2MASS J19543222+4035510,2073610695858718080,5390438,0
285.052473,40.611683,b'19001259+4036420',8.04,0.034,7.642,0.029,7.533,0.017,b'AAA',b'111',b'111',b'0s0',0,0,2MASS J19001259+4036420,2103439140636760064,5429911,1
285.589053,40.605247,b'19022137+4036188',9.846,0.021,9.667,0.023,9.614,0.017,b'AAA',b'222',b'111',b'000',0,0,2MASS J19022137+4036188,2103757788552127232,5431016,1
292.4522,40.631561,b'19294852+4037536',8.827,0.019,8.616,0.023,8.502,0.019,b'AAA',b'112',b'111',b'000',0,0,2MASS J19294852+4037536,2053521445876381824,5450445,1
292.4522,40.631561,b'19294852+4037536',8.827,0.019,8.616,0.023,8.502,0.019,b'AAA',b'112',b'111',b'000',0,0,2MASS J19294852+4037536,2053521450178081792,5450445,0
292.4522,40.631561,b'19294852+4037536',8.827,0.019,8.616,0.023,8.502,0.019,b'AAA',b'112',b'111',b'000',0,0,2MASS J19294852+4037536,2053521445876381824,5450445,1
292.4522,40.631561,b'19294852+4037536',8.827,0.019,8.616,0.023,8.502,0.019,b'AAA',b'112',b'111',b'000',0,0,2MASS J19294852+4037536,2053521450178081792,5450445,0
283.732843,40.775333,b'18545588+4046311',8.888,0.024,8.563,0.034,8.563,0.018,b'AAA',b'112',b'111',b'000',0,0,2MASS J18545588+4046311,2103675501276015616,5512589,1
285.914848,40.704945,b'19033956+4042178',8.857,0.023,8.636,0.02,8.594,0.017,b'AAA',b'112',b'111',b'000',0,0,2MASS J19033956+4042178,2100777463504599936,5516982,1
288.467961,40.757801,b'19135231+4045280',10.379,0.022,9.978,0.021,9.934,0.018,b'AAA',b'222',b'111',b'000',0,0,2MASS J19135231+4045280,2102072378965271040,5523099,1
290.754306,40.724583,b'19230103+4043284',9.329,0.021,9.06,0.016,8.991,0.017,b'AAA',b'222',b'111',b'000',0,0,2MASS J19230103+4043284,2101563438219320448,5530375,1
294.638684,40.706371,b'19383328+4042229',10.167,0.022,9.835,0.028,9.824,0.025,b'AAA',b'222',b'111',b'000',0,0,2MASS J19383328+4042229,2076573673532359040,5543462,1
287.646352,40.84306,b'19103512+4050350',9.504,0.02,9.138,0.022,9.031,0.018,b'AAA',b'222',b'111',b'000',0,0,2MASS J19103512+4050350,2100642876410617856,5607242,1
294.478657,40.83168,b'19375487+4049540',9.036,0.044,8.542,0.029,8.487,0.024,b'AAA',b'122',b'111',b'000',0,0,2MASS J19375487+4049540,2076578758773630208,5629080,1
294.478657,40.83168,b'19375487+4049540',9.036,0.044,8.542,0.029,8.487,0.024,b'AAA',b'122',b'111',b'000',0,0,2MASS J19375487+4049540,2076578758773629952,5629080,0
294.478657,40.83168,b'19375487+4049540',9.036,0.044,8.542,0.029,8.487,0.024,b'AAA',b'122',b'111',b'000',0,0,2MASS J19375487+4049540,2076578758773630208,5629080,1
294.478657,40.83168,b'19375487+4049540',9.036,0.044,8.542,0.029,8.487,0.024,b'AAA',b'122',b'111',b'000',0,0,2MASS J19375487+4049540,2076578758773629952,5629080,0
296.406363,40.836781,b'19453752+4050124',9.916,0.026,9.673,0.021,9.602,0.012,b'AAA',b'222',b'111',b'000',0,0,2MASS J19453752+4050124,2076796530795375744,5636956,1
283.148503,40.988308,b'18523564+4059179',10.407,0.023,10.212,0.032,10.115,0.023,b'AAA',b'222',b'111',b'000',0,0,2MASS J18523564+4059179,2104355892815154688,5683538,1
285.945643,40.920647,b'19034695+4055143',8.983,0.026,8.748,0.018,8.697,0.015,b'AAA',b'112',b'111',b'000',0,0,2MASS J19034695+4055143,2103789369450008448,5689219,1
285.945643,40.920647,b'19034695+4055143',8.983,0.026,8.748,0.018,8.697,0.015,b'AAA',b'112',b'111',b'000',0,0,2MASS J19034695+4055143,2103789369450805888,5689219,0
285.945643,40.920647,b'19034695+4055143',8.983,0.026,8.748,0.018,8.697,0.015,b'AAA',b'112',b'111',b'000',0,0,2MASS J19034695+4055143,2103789369450008448,5689219,1
285.945643,40.920647,b'19034695+4055143',8.983,0.026,8.748,0.018,8.697,0.015,b'AAA',b'112',b'111',b'000',0,0,2MASS J19034695+4055143,2103789369450805888,5689219,0
296.561873,40.995464,b'19461484+4059436',9.233,0.021,8.848,0.021,8.749,0.012,b'AAA',b'222',b'111',b'000',0,0,2MASS J19461484+4059436,2076805120730177280,5723165,1
285.348227,41.019974,b'19012357+4101119',9.399,0.021,9.172,0.016,9.101,0.017,b'AAA',b'222',b'111',b'000',0,0,2MASS J19012357+4101119,2103826645467792896,5773155,1
285.437702,41.080574,b'19014504+4104500',8.237,0.019,8.063,0.024,7.946,0.017,b'AAA',b'111',b'111',b'000',0,0,2MASS J19014504+4104500,2103850667223592064,5773345,1
299.492727,41.069733,b'19575825+4104110',9.633,0.021,9.151,0.022,9.056,0.017,b'AAA',b'222',b'111',b'000',0,0,2MASS J19575825+4104110,2075139429344768384,5822889,1
296.220326,41.114731,b'19445287+4106530',8.519,0.035,8.137,0.042,8.031,0.021,b'AAA',b'111',b'111',b'000',0,0,2MASS J19445287+4106530,2076817799473471104,5892169,1
288.783666,41.298737,b'19150807+4117554',9.857,0.021,9.568,0.021,9.547,0.019,b'AAA',b'222',b'111',b'000',0,0,2MASS J19150807+4117554,2102214697001410688,5950854,1
290.122259,41.291214,b'19202934+4117283',8.243,0.026,7.941,0.023,7.919,0.024,b'AAA',b'111',b'111',b'000',0,0,2MASS J19202934+4117283,2101417344914702208,5955122,1
290.122259,41.291214,b'19202934+4117283',8.243,0.026,7.941,0.023,7.919,0.024,b'AAA',b'111',b'111',b'000',0,0,2MASS J19202934+4117283,2101417344914701440,5955122,0
290.122259,41.291214,b'19202934+4117283',8.243,0.026,7.941,0.023,7.919,0.024,b'AAA',b'111',b'111',b'000',0,0,2MASS J19202934+4117283,2101417344914702208,5955122,1
290.122259,41.291214,b'19202934+4117283',8.243,0.026,7.941,0.023,7.919,0.024,b'AAA',b'111',b'111',b'000',0,0,2MASS J19202934+4117283,2101417344914701440,5955122,0
292.257497,41.241444,b'19290179+4114291',9.432,0.022,9.235,0.022,9.182,0.019,b'AAA',b'222',b'111',b'000',0,0,2MASS J19290179+4114291,2053601439649856128,5961597,1
289.365122,41.3708,b'19172762+4122148',9.539,0.021,9.093,0.019,9.009,0.017,b'AAA',b'222',b'111',b'000',0,0,2MASS J19172762+4122148,2101456686815252864,6034893,1
289.468241,41.331863,b'19175237+4119547',9.483,0.018,9.024,0.022,8.944,0.018,b'AAA',b'222',b'111',b'000',0,0,2MASS J19175237+4119547,2101476100063822080,6035199,1
293.266529,41.392624,b'19330396+4123334',9.416,0.02,9.158,0.019,9.125,0.018,b'AAA',b'222',b'111',b'000',0,0,2MASS J19330396+4123334,2077581238495244032,6047087,1
293.932911,41.316826,b'19354389+4119005',10.134,0.02,9.892,0.02,9.868,0.018,b'AAA',b'222',b'111',b'000',0,0,2MASS J19354389+4119005,2077398341611028096,6049366,1
289.44316,41.410183,b'19174635+4124366',7.438,0.044,7.179,0.026,7.121,0.017,b'AAA',b'111',b'111',b'000',0,0,2MASS J19174635+4124366,2101479879638683392,6116048,1
293.77486,41.419575,b'19350596+4125104',9.099,0.018,8.803,0.024,8.762,0.021,b'AAA',b'112',b'111',b'000',0,0,2MASS J19350596+4125104,2077412188585292160,6129877,1
297.67624,41.473198,b'19504229+4128235',8.9,0.018,8.494,0.023,8.423,0.031,b'AAA',b'111',b'111',b'000',0,0,2MASS J19504229+4128235,2076876176667246080,6145937,1
298.871613,41.583286,b'19552918+4134598',8.022,0.024,7.792,0.023,7.755,0.024,b'AAA',b'111',b'111',b'000',0,0,2MASS J19552918+4134598,2075344694413448576,6232600,1
292.457916,41.698555,b'19294989+4141547',9.252,0.021,8.927,0.027,8.891,0.017,b'AAA',b'212',b'111',b'000',0,0,2MASS J19294989+4141547,2053640433652398976,6287060,1
293.594374,41.606293,b'19342264+4136226',9.588,0.022,9.112,0.022,9.017,0.017,b'AAA',b'222',b'111',b'000',0,0,2MASS J19342264+4136226,2077605595246777984,6290627,1
298.046927,41.666592,b'19521126+4139597',9.427,0.019,9.111,0.022,9.039,0.018,b'AAA',b'222',b'111',b'000',0,0,2MASS J19521126+4139597,2073905090097758592,6308642,1
299.081008,41.694557,b'19561944+4141404',10.128,0.02,9.809,0.022,9.737,0.02,b'AAA',b'222',b'111',b'000',0,0,2MASS J19561944+4141404,2075356720322484736,6313425,1
293.841659,41.776657,b'19352199+4146359',7.807,0.019,7.585,0.02,7.529,0.017,b'AAA',b'111',b'111',b'000',0,0,2MASS J19352199+4146359,2077613227412334080,6370489,1
287.508934,41.889397,b'19100214+4153218',9.958,0.021,9.492,0.022,9.366,0.018,b'AAA',b'222',b'111',b'000',0,0,2MASS J19100214+4153218,2102443292340444544,6430804,1
287.508934,41.889397,b'19100214+4153218',9.958,0.021,9.492,0.022,9.366,0.018,b'AAA',b'222',b'111',b'000',0,0,2MASS J19100214+4153218,2102443292341102848,6430804,0
287.508934,41.889397,b'19100214+4153218',9.958,0.021,9.492,0.022,9.366,0.018,b'AAA',b'222',b'111',b'000',0,0,2MASS J19100214+4153218,2102443292340444544,6430804,1
287.508934,41.889397,b'19100214+4153218',9.958,0.021,9.492,0.022,9.366,0.018,b'AAA',b'222',b'111',b'000',0,0,2MASS J19100214+4153218,2102443292341102848,6430804,0
291.580501,41.870178,b'19261932+4152126',7.321,0.023,7.062,0.026,6.983,0.016,b'AAA',b'111',b'111',b'000',0,0,2MASS J19261932+4152126,2101719057777467008,6442183,1
286.931649,41.937763,b'19074359+4156159',8.014,0.02,7.843,0.02,7.801,0.024,b'AAA',b'111',b'111',b'000',0,0,2MASS J19074359+4156159,2102432743901009280,6508366,1
291.316096,41.916798,b'19251586+4155004',9.062,0.029,8.807,0.021,8.786,0.014,b'AAA',b'112',b'111',b'000',0,0,2MASS J19251586+4155004,2101731118045502976,6520835,1
293.924186,41.952595,b'19354180+4157093',9.903,0.021,9.595,0.017,9.557,0.014,b'AAA',b'222',b'111',b'000',0,0,2MASS J19354180+4157093,2077710053153656832,6529109,1
294.43527,41.903088,b'19374446+4154111',9.31,0.021,9.104,0.017,9.013,0.016,b'AAA',b'222',b'111',b'000',0,0,2MASS J19374446+4154111,2077512480357667200,6530901,1
294.71287,41.965874,b'19385108+4157571',9.325,0.022,8.915,0.028,8.833,0.024,b'AAA',b'222',b'111',b'000',0,0,2MASS J19385108+4157571,2077487397748654848,6531928,1
287.252873,42.054829,b'19090068+4203173',8.95,0.03,8.703,0.031,8.625,0.011,b'AAA',b'112',b'111',b'000',0,0,2MASS J19090068+4203173,2102460059893136768,6592305,1
287.775672,42.045467,b'19110616+4202436',10.125,0.02,9.804,0.019,9.762,0.011,b'AAA',b'222',b'111',b'000',0,0,2MASS J19110616+4202436,2102405045650751360,6593620,1
291.046645,42.0527,b'19241119+4203097',7.918,0.024,7.624,0.024,7.566,0.024,b'AAA',b'111',b'111',b'000',0,0,2MASS J19241119+4203097,2101918516057137024,6603624,1
291.672403,42.06152,b'19264137+4203414',10.007,0.023,9.757,0.017,9.704,0.016,b'AAA',b'222',b'111',b'000',0,0,2MASS J19264137+4203414,2101745377337239168,6605673,1
291.672403,42.06152,b'19264137+4203414',10.007,0.023,9.757,0.017,9.704,0.016,b'AAA',b'222',b'111',b'000',0,0,2MASS J19264137+4203414,2101745377337239424,6605673,0
291.672403,42.06152,b'19264137+4203414',10.007,0.023,9.757,0.017,9.704,0.016,b'AAA',b'222',b'111',b'000',0,0,2MASS J19264137+4203414,2101745377337239168,6605673,1
291.672403,42.06152,b'19264137+4203414',10.007,0.023,9.757,0.017,9.704,0.016,b'AAA',b'222',b'111',b'000',0,0,2MASS J19264137+4203414,2101745377337239424,6605673,0
293.589899,42.086899,b'19342157+4205128',9.506,0.021,9.264,0.019,9.237,0.012,b'AAA',b'222',b'111',b'000',0,0,2MASS J19342157+4205128,2077726270950054400,6612225,1
284.596214,42.118851,b'18582309+4207078',10.245,0.021,10.008,0.017,9.96,0.016,b'AAA',b'222',b'111',b'000',0,0,2MASS J18582309+4207078,2104138494451392896,6671492,1
291.001463,42.145885,b'19240035+4208451',8.909,0.019,8.627,0.021,8.543,0.011,b'AAA',b'112',b'111',b'000',0,0,2MASS J19240035+4208451,2101927857604292352,6688822,1
291.352829,42.123558,b'19252467+4207248',9.22,0.021,8.92,0.017,8.872,0.014,b'AAA',b'222',b'111',b'000',0,0,2MASS J19252467+4207248,2101737234079077888,6689943,1
292.537145,42.153965,b'19300891+4209142',10.326,0.021,10.008,0.017,9.974,0.017,b'AAA',b'222',b'111',b'000',0,0,2MASS J19300891+4209142,2125709679939965952,6693861,1
288.269659,42.257099,b'19130471+4215255',10.373,0.022,10.168,0.025,10.103,0.018,b'AAA',b'222',b'112',b'00c',0,0,2MASS J19130471+4215255,2102489952865855616,6766513,1
298.010777,42.202187,b'19520258+4212078',9.367,0.02,8.937,0.017,8.87,0.012,b'AAA',b'222',b'111',b'000',0,0,2MASS J19520258+4212078,2078425800867814656,6802438,1
298.787967,42.216198,b'19550911+4212583',9.916,0.024,9.546,0.03,9.501,0.018,b'AAA',b'222',b'111',b'000',0,0,2MASS J19550911+4212583,2075435404125548928,6806100,1
282.0071,42.353363,b'18480170+4221121',9.995,0.027,9.718,0.031,9.61,0.019,b'AAA',b'222',b'111',b'000',0,0,2MASS J18480170+4221121,2104802054018515840,6837853,1
286.820496,42.312328,b'19071691+4218443',10.035,0.021,9.663,0.017,9.571,0.014,b'AAA',b'222',b'111',b'000',0,0,2MASS J19071691+4218443,2105448979173147520,6848299,1
288.673383,42.342667,b'19144161+4220336',9.793,0.023,9.574,0.022,9.502,0.014,b'AAA',b'222',b'111',b'000',0,0,2MASS J19144161+4220336,2102329355446838528,6853020,1
291.81351,42.362087,b'19271524+4221435',10.273,0.021,9.942,0.017,9.898,0.015,b'AAA',b'222',b'111',b'000',0,0,2MASS J19271524+4221435,2125773997068553600,6863041,1
286.743104,42.435623,b'19065834+4226082',8.5,0.02,8.273,0.029,8.171,0.021,b'AAA',b'111',b'111',b'000',0,0,2MASS J19065834+4226082,2105473993062697856,6933899,1
291.60138,42.484703,b'19262433+4229049',9.774,0.02,9.398,0.019,9.328,0.015,b'AAA',b'222',b'111',b'000',0,0,2MASS J19262433+4229049,2125788157583239808,6947945,1
293.198243,42.55558,b'19324757+4233200',10.561,0.018,10.322,0.017,10.267,0.018,b'AAA',b'222',b'111',b'000',0,0,2MASS J19324757+4233200,2077786503572675584,7038145,1
286.733151,42.672024,b'19065595+4240192',7.923,0.021,7.749,0.023,7.702,0.021,b'AAA',b'111',b'111',b'000',0,0,2MASS J19065595+4240192,2105494780705108608,7103006,1
288.009367,42.67186,b'19120224+4240186',9.742,0.023,9.472,0.018,9.419,0.011,b'AAA',b'222',b'111',b'000',0,0,2MASS J19120224+4240186,2102537128786078464,7106245,1
288.577546,42.647007,b'19141861+4238492',9.895,0.021,9.457,0.018,9.381,0.014,b'AAA',b'222',b'111',b'000',0,0,2MASS J19141861+4238492,2102899692744736512,7107778,1
296.156517,42.607281,b'19443756+4236262',10.206,0.023,9.988,0.019,9.943,0.012,b'AAA',b'222',b'111',b'000',0,0,2MASS J19443756+4236262,2077229429137530112,7133688,1
296.156517,42.607281,b'19443756+4236262',10.206,0.023,9.988,0.019,9.943,0.012,b'AAA',b'222',b'111',b'000',0,0,2MASS J19443756+4236262,2077229429137832064,7133688,0
296.156517,42.607281,b'19443756+4236262',10.206,0.023,9.988,0.019,9.943,0.012,b'AAA',b'222',b'111',b'000',0,0,2MASS J19443756+4236262,2077229429137530112,7133688,1
296.156517,42.607281,b'19443756+4236262',10.206,0.023,9.988,0.019,9.943,0.012,b'AAA',b'222',b'111',b'000',0,0,2MASS J19443756+4236262,2077229429137832064,7133688,0
281.503255,42.7328,b'18460078+4243580',9.819,0.022,9.527,0.018,9.465,0.011,b'AAA',b'222',b'111',b'000',0,0,2MASS J18460078+4243580,2104825040683103488,7174470,1
281.644279,42.759342,b'18463462+4245336',10.047,0.021,9.694,0.021,9.582,0.011,b'AAA',b'222',b'111',b'000',0,0,2MASS J18463462+4245336,2104827888243104128,7174707,1
293.765574,42.737938,b'19350373+4244165',8.828,0.021,8.629,0.017,8.575,0.014,b'AAA',b'112',b'111',b'000',0,0,2MASS J19350373+4244165,2077773790469159680,7206837,1
296.331977,42.71962,b'19451967+4243106',9.778,0.02,9.339,0.018,9.24,0.012,b'AAA',b'222',b'111',b'000',0,0,2MASS J19451967+4243106,2077251556809516160,7216846,1
285.477764,42.870701,b'19015466+4252145',10.154,0.027,9.822,0.031,9.747,0.021,b'AAA',b'222',b'111',b'000',0,0,2MASS J19015466+4252145,2105720764703967744,7264595,1
292.0549,42.863632,b'19281317+4251490',8.168,0.024,7.988,0.017,7.941,0.016,b'AAA',b'111',b'111',b'000',0,0,2MASS J19281317+4251490,2125811350407022080,7282890,1
295.872311,42.881153,b'19432935+4252521',8.989,0.039,8.706,0.021,8.645,0.012,b'AAA',b'112',b'111',b'000',0,0,2MASS J19432935+4252521,2077247876015217920,7296438,1
283.570628,42.983341,b'18541695+4259000',8.564,0.023,8.238,0.02,8.166,0.013,b'AAA',b'112',b'111',b'000',0,0,2MASS J18541695+4259000,2104987557947509888,7341231,1
295.686842,42.921982,b'19424484+4255191',10.351,0.02,9.998,0.018,9.958,0.014,b'AAA',b'222',b'111',b'000',0,0,2MASS J19424484+4255191,2078002214009736832,7376493,1
297.23755,42.975334,b'19485701+4258312',9.87,0.021,9.61,0.017,9.557,0.014,b'AAA',b'222',b'111',b'000',0,0,2MASS J19485701+4258312,2078704801941044864,7383120,1
297.950847,42.99115,b'19514820+4259281',10.441,0.022,10.163,0.018,10.091,0.015,b'AAA',b'222',b'111',b'000',0,0,2MASS J19514820+4259281,2078528983164632064,7386523,1
286.395826,43.075817,b'19053499+4304329',10.29,0.02,9.97,0.018,9.92,0.015,b'AAA',b'222',b'111',b'000',0,0,2MASS J19053499+4304329,2105554360491288448,7429287,1
292.863375,43.034611,b'19312721+4302045',9.078,0.029,8.752,0.017,8.694,0.015,b'AAA',b'122',b'111',b'000',0,0,2MASS J19312721+4302045,2125855189133071616,7448374,1
292.256629,43.176079,b'19290159+4310338',7.63,0.02,7.489,0.021,7.448,0.02,b'AAA',b'111',b'111',b'000',0,0,2MASS J19290159+4310338,2125912230597714944,7529180,1
293.645089,43.184757,b'19343482+4311051',9.347,0.021,9.046,0.021,8.925,0.016,b'AAA',b'222',b'112',b'00c',0,0,2MASS J19343482+4311051,2078205108264171008,7534011,1
293.645089,43.184757,b'19343482+4311051',9.347,0.021,9.046,0.021,8.925,0.016,b'AAA',b'222',b'112',b'00c',0,0,2MASS J19343482+4311051,2078205108264172160,7534011,0
293.645089,43.184757,b'19343482+4311051',9.347,0.021,9.046,0.021,8.925,0.016,b'AAA',b'222',b'112',b'00c',0,0,2MASS J19343482+4311051,2078205108264171008,7534011,1
293.645089,43.184757,b'19343482+4311051',9.347,0.021,9.046,0.021,8.925,0.016,b'AAA',b'222',b'112',b'00c',0,0,2MASS J19343482+4311051,2078205108264172160,7534011,0
282.389314,43.281792,b'18493343+4316544',9.719,0.021,9.255,0.025,9.095,0.011,b'AAA',b'222',b'111',b'000',0,0,2MASS J18493343+4316544,2105185474338945408,7584900,1
282.389314,43.281792,b'18493343+4316544',9.719,0.021,9.255,0.025,9.095,0.011,b'AAA',b'222',b'111',b'000',0,0,2MASS J18493343+4316544,2105185474335214080,7584900,0
282.389314,43.281792,b'18493343+4316544',9.719,0.021,9.255,0.025,9.095,0.011,b'AAA',b'222',b'111',b'000',0,0,2MASS J18493343+4316544,2105185474338945408,7584900,1
282.389314,43.281792,b'18493343+4316544',9.719,0.021,9.255,0.025,9.095,0.011,b'AAA',b'222',b'111',b'000',0,0,2MASS J18493343+4316544,2105185474335214080,7584900,0
285.85267,43.214336,b'19032464+4312516',10.474,0.024,10.199,0.03,10.128,0.022,b'AAA',b'222',b'111',b'000',0,0,2MASS J19032464+4312516,2105752650540631552,7591963,1
293.153569,43.286541,b'19323685+4317115',10.11,0.018,9.834,0.017,9.766,0.02,b'AAA',b'222',b'111',b'000',0,0,2MASS J19323685+4317115,2125884330490627328,7611858,1
297.475576,43.20549,b'19495413+4312197',9.345,0.021,8.917,0.018,8.823,0.015,b'AAA',b'222',b'111',b'000',0,0,2MASS J19495413+4312197,2078549014888283520,7628676,1
286.260771,43.379612,b'19050258+4322466',8.4,0.02,8.202,0.021,8.155,0.021,b'AAA',b'111',b'111',b'000',0,0,2MASS J19050258+4322466,2105664174214656000,7668623,1
290.985011,43.314587,b'19235640+4318525',9.012,0.037,8.725,0.024,8.673,0.011,b'AAA',b'112',b'111',b'000',0,0,2MASS J19235640+4318525,2126060458508752768,7680114,1
297.342168,43.333889,b'19492212+4320020',9.256,0.022,8.914,0.016,8.856,0.015,b'AAA',b'222',b'111',b'000',0,0,2MASS J19492212+4320020,2078741115879616768,7700968,1
286.314571,43.462624,b'19051549+4327454',9.931,0.019,9.701,0.019,9.626,0.012,b'AAA',b'222',b'111',b'000',0,0,2MASS J19051549+4327454,2105670530766283904,7739672,1
289.725462,43.496361,b'19185411+4329468',8.294,0.027,8.053,0.024,7.976,0.021,b'AAA',b'111',b'111',b'000',0,0,2MASS J19185411+4329468,2102818706842955904,7747078,1
289.725462,43.496361,b'19185411+4329468',8.294,0.027,8.053,0.024,7.976,0.021,b'AAA',b'111',b'111',b'000',0,0,2MASS J19185411+4329468,2102818706839136896,7747078,0
289.725462,43.496361,b'19185411+4329468',8.294,0.027,8.053,0.024,7.976,0.021,b'AAA',b'111',b'111',b'000',0,0,2MASS J19185411+4329468,2102818706842955904,7747078,1
289.725462,43.496361,b'19185411+4329468',8.294,0.027,8.053,0.024,7.976,0.021,b'AAA',b'111',b'111',b'000',0,0,2MASS J19185411+4329468,2102818706839136896,7747078,0
297.370237,43.429577,b'19492885+4325464',9.801,0.022,9.582,0.018,9.532,0.013,b'AAA',b'222',b'111',b'000',0,0,2MASS J19492885+4325464,2078741876099629056,7771282,1
281.053398,43.534012,b'18441281+4332024',8.06,0.026,7.636,0.023,7.518,0.016,b'AAA',b'111',b'111',b'000',0,0,2MASS J18441281+4332024,2116898606069151104,7799349,1
281.111743,43.545044,b'18442681+4332421',9.16,0.02,8.715,0.024,8.629,0.011,b'AAA',b'112',b'111',b'000',0,0,2MASS J18442681+4332421,2116895754210884480,7799430,1
281.659751,43.541592,b'18463834+4332297',8.598,0.023,8.419,0.027,8.381,0.011,b'AAA',b'112',b'111',b'000',0,0,2MASS J18463834+4332297,2105247528026969984,7800289,1
295.416055,43.583298,b'19413985+4334598',10.065,0.021,9.784,0.019,9.774,0.012,b'AAA',b'222',b'111',b'000',0,0,2MASS J19413985+4334598,2078097253047713536,7833440,1
295.416055,43.583298,b'19413985+4334598',10.065,0.021,9.784,0.019,9.774,0.012,b'AAA',b'222',b'111',b'000',0,0,2MASS J19413985+4334598,2078097253048099584,7833440,0
295.416055,43.583298,b'19413985+4334598',10.065,0.021,9.784,0.019,9.774,0.012,b'AAA',b'222',b'111',b'000',0,0,2MASS J19413985+4334598,2078097253047713536,7833440,1
295.416055,43.583298,b'19413985+4334598',10.065,0.021,9.784,0.019,9.774,0.012,b'AAA',b'222',b'111',b'000',0,0,2MASS J19413985+4334598,2078097253048099584,7833440,0
282.07997,43.603809,b'18481919+4336137',9.671,0.023,9.38,0.03,9.304,0.023,b'AAA',b'222',b'111',b'000',0,0,2MASS J18481919+4336137,2105262611951880320,7870112,1
282.915054,43.636089,b'18513961+4338099',7.971,0.017,7.585,0.021,7.516,0.023,b'AAA',b'111',b'111',b'000',0,0,2MASS J18513961+4338099,2105298788456363008,7871531,1
287.767297,43.603161,b'19110415+4336113',9.921,0.027,9.634,0.022,9.466,0.012,b'EEE',b'222',b'111',b'000',0,0,2MASS J19110415+4336113,2102999404706227200,7880676,1
287.767297,43.603161,b'19110415+4336113',9.921,0.027,9.634,0.022,9.466,0.012,b'EEE',b'222',b'111',b'000',0,0,2MASS J19110415+4336113,2102999404703193856,7880676,0
287.767297,43.603161,b'19110415+4336113',9.921,0.027,9.634,0.022,9.466,0.012,b'EEE',b'222',b'111',b'000',0,0,2MASS J19110415+4336113,2102999404706227200,7880676,1
287.767297,43.603161,b'19110415+4336113',9.921,0.027,9.634,0.022,9.466,0.012,b'EEE',b'222',b'111',b'000',0,0,2MASS J19110415+4336113,2102999404703193856,7880676,0
297.817744,43.665909,b'19511625+4339572',10.063,0.019,9.815,0.018,9.74,0.015,b'AAA',b'222',b'111',b'000',0,0,2MASS J19511625+4339572,2078655667518298368,7910848,1
298.768293,43.695759,b'19550439+4341447',10.286,0.035,9.978,0.038,9.923,0.027,b'EEA',b'222',b'111',b'000',0,0,2MASS J19550439+4341447,2078992667829797248,7914731,1
298.768293,43.695759,b'19550439+4341447',10.286,0.035,9.978,0.038,9.923,0.027,b'EEA',b'222',b'111',b'000',0,0,2MASS J19550439+4341447,2078992667829796224,7914731,0
298.768293,43.695759,b'19550439+4341447',10.286,0.035,9.978,0.038,9.923,0.027,b'EEA',b'222',b'111',b'000',0,0,2MASS J19550439+4341447,2078992667829797248,7914731,1
298.768293,43.695759,b'19550439+4341447',10.286,0.035,9.978,0.038,9.923,0.027,b'EEA',b'222',b'111',b'000',0,0,2MASS J19550439+4341447,2078992667829796224,7914731,0
297.059572,43.746861,b'19481429+4344486',8.038,0.021,7.791,0.026,7.73,0.021,b'AAA',b'111',b'111',b'000',0,0,2MASS J19481429+4344486,2078762869899747456,7976303,1
284.806,43.89521,b'18591344+4353427',9.567,0.02,9.298,0.018,9.232,0.016,b'AAA',b'222',b'111',b'000',0,0,2MASS J18591344+4353427,2105844700280190720,8012842,1
286.850747,43.808815,b'19072417+4348317',10.41,0.024,10.255,0.017,10.183,0.016,b'AAA',b'222',b'111',b'000',0,0,2MASS J19072417+4348317,2106019247750146816,8016496,1
287.885287,43.814911,b'19113246+4348536',9.61,0.025,9.336,0.019,9.278,0.011,b'AAA',b'222',b'111',b'000',0,0,2MASS J19113246+4348536,2103025655546434816,8018599,1
288.309353,43.851082,b'19131424+4351038',9.59,0.023,9.328,0.02,9.279,0.011,b'AAA',b'222',b'111',b'000',0,0,2MASS J19131424+4351038,2103110829038542592,8019508,1
290.903797,43.8913,b'19233691+4353286',7.476,0.021,7.268,0.018,7.229,0.023,b'AAA',b'111',b'111',b'000',0,0,2MASS J19233691+4353286,2126101415318126720,8026226,1
291.493759,43.861095,b'19255850+4351399',10.501,0.02,10.231,0.018,10.179,0.014,b'AAA',b'222',b'111',b'000',0,0,2MASS J19255850+4351399,2126142917579714304,8027956,1
297.119158,43.829254,b'19482859+4349453',9.825,0.022,9.549,0.018,9.478,0.016,b'AAA',b'222',b'111',b'000',0,0,2MASS J19482859+4349453,2078856981221558144,8045442,1
295.014033,43.998104,b'19400336+4359531',10.527,0.022,10.245,0.018,10.177,0.015,b'AAA',b'222',b'111',b'000',0,0,2MASS J19400336+4359531,2078126768058688000,8106950,1
297.126521,43.901443,b'19483036+4354051',10.088,0.022,9.788,0.017,9.721,0.016,b'AAA',b'222',b'111',b'000',0,0,2MASS J19483036+4354051,2078904535101076480,8114155,1
297.126521,43.901443,b'19483036+4354051',10.088,0.022,9.788,0.017,9.721,0.016,b'AAA',b'222',b'111',b'000',0,0,2MASS J19483036+4354051,2078904535101076352,8114155,0
297.126521,43.901443,b'19483036+4354051',10.088,0.022,9.788,0.017,9.721,0.016,b'AAA',b'222',b'111',b'000',0,0,2MASS J19483036+4354051,2078904535101076480,8114155,1
297.126521,43.901443,b'19483036+4354051',10.088,0.022,9.788,0.017,9.721,0.016,b'AAA',b'222',b'111',b'000',0,0,2MASS J19483036+4354051,2078904535101076352,8114155,0
285.02892,44.02919,b'19000694+4401450',9.771,0.02,9.541,0.018,9.457,0.016,b'AAA',b'222',b'111',b'000',0,0,2MASS J19000694+4401450,2105943072207122688,8150065,1
285.02892,44.02919,b'19000694+4401450',9.771,0.02,9.541,0.018,9.457,0.016,b'AAA',b'222',b'111',b'000',0,0,2MASS J19000694+4401450,2105943072210520960,8150065,0
285.02892,44.02919,b'19000694+4401450',9.771,0.02,9.541,0.018,9.457,0.016,b'AAA',b'222',b'111',b'000',0,0,2MASS J19000694+4401450,2105943072207122688,8150065,1
285.02892,44.02919,b'19000694+4401450',9.771,0.02,9.541,0.018,9.457,0.016,b'AAA',b'222',b'111',b'000',0,0,2MASS J19000694+4401450,2105943072210520960,8150065,0
294.959022,44.046379,b'19395016+4402469',9.585,0.02,9.344,0.016,9.278,0.016,b'AAA',b'222',b'111',b'000',0,0,2MASS J19395016+4402469,2078314578390185088,8174981,1
295.439676,44.039165,b'19414552+4402209',9.309,0.019,9.023,0.017,8.996,0.014,b'AAA',b'222',b'111',b'000',0,0,2MASS J19414552+4402209,2079613685738988800,8176564,1
296.349866,44.076645,b'19452396+4404359',8.508,0.02,8.328,0.021,8.278,0.012,b'AAA',b'112',b'111',b'000',0,0,2MASS J19452396+4404359,2079576611581927168,8179536,1
296.383927,44.044266,b'19453214+4402393',10.134,0.025,9.897,0.018,9.843,0.012,b'AAA',b'222',b'111',b'000',0,0,2MASS J19453214+4402393,2079575576486884480,8179643,1
296.481877,44.009151,b'19455565+4400329',8.795,0.027,8.307,0.023,8.206,0.016,b'AAA',b'112',b'111',b'000',0,0,2MASS J19455565+4400329,2078830455506317824,8179973,1
284.348644,44.117996,b'18572367+4407047',9.627,0.021,9.418,0.017,9.409,0.014,b'AAA',b'222',b'111',b'000',0,0,2MASS J18572367+4407047,2106613705583811840,8216936,1
290.199697,44.155239,b'19204792+4409188',8.386,0.027,8.158,0.02,8.116,0.023,b'AAA',b'111',b'111',b'000',0,0,2MASS J19204792+4409188,2126880208846372224,8228742,1
294.657903,44.176357,b'19383789+4410348',9.485,0.021,9.237,0.017,9.181,0.014,b'AAA',b'222',b'111',b'000',0,0,2MASS J19383789+4410348,2078326088902961024,8241455,1
297.003884,44.137444,b'19480093+4408147',8.964,0.029,8.714,0.021,8.68,0.015,b'AAA',b'112',b'111',b'000',0,0,2MASS J19480093+4408147,2078911475768411648,8249189,1
287.627332,44.280842,b'19103055+4416510',9.407,0.023,9.221,0.02,9.169,0.011,b'AAA',b'222',b'111',b'000',0,0,2MASS J19103055+4416510,2106137651408483584,8289241,1
291.390931,44.221081,b'19253382+4413158',8.641,0.02,8.415,0.024,8.386,0.011,b'AAA',b'112',b'111',b'000',0,0,2MASS J19253382+4413158,2126226828362107264,8298626,1
291.390931,44.221081,b'19253382+4413158',8.641,0.02,8.415,0.024,8.386,0.011,b'AAA',b'112',b'111',b'000',0,0,2MASS J19253382+4413158,2126226828358257280,8298626,0
291.390931,44.221081,b'19253382+4413158',8.641,0.02,8.415,0.024,8.386,0.011,b'AAA',b'112',b'111',b'000',0,0,2MASS J19253382+4413158,2126226828362107264,8298626,1
291.390931,44.221081,b'19253382+4413158',8.641,0.02,8.415,0.024,8.386,0.011,b'AAA',b'112',b'111',b'000',0,0,2MASS J19253382+4413158,2126226828358257280,8298626,0
298.518906,44.291828,b'19540453+4417305',9.664,0.021,9.345,0.018,9.257,0.014,b'AAA',b'222',b'111',b'000',0,0,2MASS J19540453+4417305,2079061249861604480,8321567,1
289.931047,44.374832,b'19194345+4422293',7.671,0.018,7.478,0.016,7.44,0.015,b'AAA',b'111',b'111',b'000',0,0,2MASS J19194345+4422293,2126933122843445888,8360349,1
292.63816,44.3703,b'19303315+4422130',8.995,0.021,8.802,0.023,8.749,0.015,b'AAA',b'212',b'111',b'000',0,0,2MASS J19303315+4422130,2126373097769166080,8367710,1
300.464255,44.353916,b'20015142+4421140',8.54,0.02,8.284,0.017,8.226,0.019,b'AAA',b'112',b'111',b'000',0,0,2MASS J20015142+4421140,2076084974972891392,8394589,1
300.464255,44.353916,b'20015142+4421140',8.54,0.02,8.284,0.017,8.226,0.019,b'AAA',b'112',b'111',b'000',0,0,2MASS J20015142+4421140,2076084974964985344,8394589,0
300.464255,44.353916,b'20015142+4421140',8.54,0.02,8.284,0.017,8.226,0.019,b'AAA',b'112',b'111',b'000',0,0,2MASS J20015142+4421140,2076084974972891392,8394589,1
300.464255,44.353916,b'20015142+4421140',8.54,0.02,8.284,0.017,8.226,0.019,b'AAA',b'112',b'111',b'000',0,0,2MASS J20015142+4421140,2076084974964985344,8394589,0
281.033847,44.447475,b'18440812+4426509',9.378,0.021,9.162,0.018,9.083,0.011,b'AAA',b'222',b'111',b'000',0,0,2MASS J18440812+4426509,2117369471924207232,8408931,1
284.063628,44.455093,b'18561527+4427183',9.937,0.022,9.715,0.018,9.681,0.014,b'AAA',b'222',b'111',b'000',0,0,2MASS J18561527+4427183,2106673315430481280,8414062,1
285.295393,44.4259,b'19011089+4425332',9.282,0.022,9.085,0.018,9.033,0.014,b'AAA',b'222',b'111',b'000',0,0,2MASS J19011089+4425332,2105966020215708544,8416311,1
289.638356,44.404495,b'19183320+4424161',9.173,0.029,8.902,0.02,8.843,0.014,b'AAA',b'112',b'111',b'000',0,0,2MASS J19183320+4424161,2126936318297510400,8424992,1
291.237692,44.587578,b'19245704+4435152',9.018,0.03,8.742,0.017,8.699,0.014,b'AAA',b'122',b'111',b'000',0,0,2MASS J19245704+4435152,2126241392589845504,8493735,1
291.260515,44.545494,b'19250252+4432437',9.666,0.023,9.431,0.019,9.38,0.014,b'AAA',b'222',b'111',b'000',0,0,2MASS J19250252+4432437,2126235207836940288,8493800,1
293.669721,44.582363,b'19344073+4434565',10.357,0.02,10.089,0.021,10.015,0.012,b'AAA',b'222',b'111',b'000',0,0,2MASS J19344073+4434565,2126414913569364992,8499940,1
292.285175,44.641228,b'19290844+4438284',8.529,0.03,8.157,0.021,8.09,0.015,b'AAA',b'112',b'111',b'000',0,0,2MASS J19290844+4438284,2126578942662817536,8561221,1
296.963389,44.614368,b'19475121+4436517',9.954,0.023,9.631,0.019,9.544,0.015,b'AAA',b'222',b'111',b'000',0,0,2MASS J19475121+4436517,2078963187175313920,8574769,1
298.173346,44.604675,b'19524160+4436168',7.986,0.018,7.803,0.024,7.768,0.02,b'AAA',b'111',b'111',b'000',0,0,2MASS J19524160+4436168,2079268297345363456,8579578,1
290.63484,44.743885,b'19223236+4444379',10.395,0.021,10.074,0.018,10.034,0.013,b'AAA',b'222',b'112',b'00c',0,0,2MASS J19223236+4444379,2127005518810597504,8621637,1
301.444903,44.793221,b'20054677+4447355',9.861,0.021,9.591,0.017,9.517,0.019,b'AAA',b'222',b'111',b'000',0,0,2MASS J20054677+4447355,2081926542812953344,8656342,1
286.286626,44.808609,b'19050879+4448309',10.127,0.021,9.827,0.017,9.765,0.012,b'AAA',b'222',b'111',b'000',0,0,2MASS J19050879+4448309,2106316145949683968,8677016,1
293.960764,44.88052,b'19355058+4452498',7.939,0.02,7.705,0.026,7.663,0.016,b'AAA',b'111',b'111',b'000',0,0,2MASS J19355058+4452498,2078408998952420224,8694723,1
294.518292,44.815262,b'19380439+4448549',9.682,0.024,9.429,0.018,9.335,0.015,b'AAA',b'222',b'111',b'000',0,0,2MASS J19380439+4448549,2079892515014976000,8696343,1
296.574276,44.827644,b'19461782+4449395',8.089,0.03,7.744,0.018,7.684,0.027,b'AAA',b'111',b'111',b'000',0,0,2MASS J19461782+4449395,2079719376294688000,8702606,1
284.793766,44.950485,b'18591050+4457017',8.983,0.02,8.71,0.027,8.681,0.016,b'AAA',b'112',b'111',b'000',0,0,2MASS J18591050+4457017,2106748395758012288,8738809,1
299.229696,44.937592,b'19565512+4456153',9.823,0.026,9.497,0.031,9.442,0.019,b'AAA',b'222',b'111',b'000',0,0,2MASS J19565512+4456153,2079149897992264576,8776961,1
284.230142,45.085968,b'18565523+4505094',10.705,0.021,10.442,0.018,10.406,0.014,b'AAA',b'222',b'111',b'000',0,0,2MASS J18565523+4505094,2106805879600627840,8802782,1
291.319974,45.011681,b'19251679+4500420',10.207,0.022,9.89,0.018,9.852,0.011,b'AAA',b'222',b'111',b'000',0,0,2MASS J19251679+4500420,2126634575376770944,8817551,1
284.315202,45.132263,b'18571564+4507561',9.919,0.021,9.576,0.018,9.519,0.016,b'AAA',b'222',b'111',b'000',0,0,2MASS J18571564+4507561,2106760760964210432,8868481,1
300.868178,45.130619,b'20032836+4507502',9.092,0.019,8.809,0.017,8.735,0.019,b'AAA',b'222',b'111',b'000',0,0,2MASS J20032836+4507502,2082131704808550400,8915084,1
285.541266,45.277611,b'19020990+4516393',8.987,0.032,8.713,0.078,8.636,0.018,b'AAA',b'112',b'111',b'000',0,0,2MASS J19020990+4516393,2106390642162257536,8938364,1
286.77836,45.277672,b'19070680+4516396',8.879,0.026,8.69,0.053,8.612,0.012,b'AAA',b'112',b'111',b'000',0,0,2MASS J19070680+4516396,2106240558825758336,8940939,1
290.81935,45.244888,b'19231664+4514415',10.077,0.023,9.84,0.019,9.812,0.011,b'AAA',b'222',b'111',b'000',0,0,2MASS J19231664+4514415,2127394097391997952,8950146,1
291.762978,45.262814,b'19270311+4515461',9.959,0.02,9.697,0.017,9.643,0.015,b'AAA',b'222',b'111',b'000',0,0,2MASS J19270311+4515461,2126658936431524992,8952800,1
292.978735,45.27906,b'19315489+4516446',9.608,0.021,9.42,0.019,9.329,0.019,b'AAA',b'222',b'111',b'000',0,0,2MASS J19315489+4516446,2126526514000401792,8956017,1
285.09976,45.317928,b'19002394+4519045',10.455,0.021,10.173,0.018,10.101,0.014,b'AAA',b'222',b'111',b'000',0,0,2MASS J19002394+4519045,2107132812510611456,9005973,1
293.060863,45.310692,b'19321460+4518384',7.69,0.029,7.407,0.023,7.372,0.029,b'AAA',b'111',b'111',b'000',0,0,2MASS J19321460+4518384,2126516412237386880,9025370,1
293.464269,45.307484,b'19335142+4518269',9.655,0.02,9.323,0.019,9.22,0.012,b'AAA',b'222',b'111',b'000',0,0,2MASS J19335142+4518269,2126472225614072192,9026479,1
293.549729,45.361534,b'19341193+4521415',9.899,0.021,9.558,0.017,9.488,0.014,b'AAA',b'222',b'111',b'000',0,0,2MASS J19341193+4521415,2127973230784130304,9026685,1
299.791334,45.391582,b'19590992+4523296',9.392,0.027,9.095,0.03,9.06,0.02,b'AAA',b'222',b'111',b'000',0,0,2MASS J19590992+4523296,2085187316339631104,9049593,1
300.217215,45.356098,b'20005213+4521219',10.348,0.018,10.063,0.017,10.005,0.015,b'AAA',b'222',b'111',b'000',0,0,2MASS J20005213+4521219,2085178176649434752,9051235,1
284.372204,45.447857,b'18572932+4526522',10.542,0.022,10.296,0.018,10.261,0.014,b'AAA',b'222',b'111',b'000',0,0,2MASS J18572932+4526522,2107192594157600000,9073645,1
284.548466,45.497635,b'18581163+4529514',9.943,0.02,9.498,0.018,9.416,0.014,b'AAA',b'222',b'111',b'000',0,0,2MASS J18581163+4529514,2107146625125381504,9073950,1
293.474406,45.480385,b'19335385+4528493',10.152,0.02,9.914,0.018,9.875,0.012,b'AAA',b'222',b'111',b'000',0,0,2MASS J19335385+4528493,2128021884173682176,9093289,1
295.088353,45.489155,b'19402120+4529209',8.723,0.024,8.42,0.026,8.364,0.012,b'AAA',b'112',b'111',b'000',0,0,2MASS J19402120+4529209,2079984805272568192,9098294,1
300.0703,45.453609,b'20001687+4527129',8.341,0.019,8.13,0.029,8.13,0.015,b'AAA',b'112',b'111',b'000',0,0,2MASS J20001687+4527129,2085182265458274176,9116461,1
300.802682,45.439796,b'20031264+4526232',9.722,0.021,9.404,0.017,9.286,0.016,b'AAA',b'222',b'111',b'000',0,0,2MASS J20031264+4526232,2082191662553312512,9119139,1
283.851318,45.543167,b'18552431+4532354',10.45,0.021,10.178,0.018,10.144,0.014,b'AAA',b'222',b'111',b'000',0,0,2MASS J18552431+4532354,2106833397451084288,9138680,1
284.088606,45.514755,b'18562126+4530531',8.238,0.032,7.968,0.018,7.952,0.016,b'AAA',b'112',b'111',b'000',0,0,2MASS J18562126+4530531,2106822131756841600,9139151,1
284.092216,45.507019,b'18562213+4530252',7.441,0.024,7.246,0.017,7.231,0.016,b'AAA',b'111',b'111',b'000',0,0,2MASS J18562213+4530252,2106822131756839808,9139163,1
284.092216,45.507019,b'18562213+4530252',7.441,0.024,7.246,0.017,7.231,0.016,b'AAA',b'111',b'111',b'000',0,0,2MASS J18562213+4530252,2106822131755292032,9139163,0
284.092216,45.507019,b'18562213+4530252',7.441,0.024,7.246,0.017,7.231,0.016,b'AAA',b'111',b'111',b'000',0,0,2MASS J18562213+4530252,2106822131756839808,9139163,1
284.092216,45.507019,b'18562213+4530252',7.441,0.024,7.246,0.017,7.231,0.016,b'AAA',b'111',b'111',b'000',0,0,2MASS J18562213+4530252,2106822131755292032,9139163,0
286.655408,45.596039,b'19063729+4535457',10.059,0.021,9.785,0.017,9.705,0.014,b'AAA',b'222',b'111',b'000',0,0,2MASS J19063729+4535457,2106456337981602688,9143749,1
289.984682,45.507889,b'19195632+4530284',9.624,0.025,9.113,0.017,9.019,0.011,b'AAA',b'222',b'111',b'000',0,0,2MASS J19195632+4530284,2127099290835610112,9150095,1
295.327444,45.543777,b'19411858+4532375',9.239,0.021,9.012,0.018,8.969,0.015,b'AAA',b'222',b'111',b'000',0,0,2MASS J19411858+4532375,2079988275606270720,9163769,1
283.226853,45.697723,b'18525444+4541518',10.061,0.022,9.572,0.018,9.534,0.013,b'AAA',b'222',b'111',b'000',0,0,2MASS J18525444+4541518,2107035368292387840,9201604,1
283.519178,45.697659,b'18540460+4541515',9.269,0.022,9.038,0.018,8.985,0.013,b'AAA',b'222',b'111',b'000',0,0,2MASS J18540460+4541515,2107026400400517248,9202077,1
283.519178,45.697659,b'18540460+4541515',9.269,0.022,9.038,0.018,8.985,0.013,b'AAA',b'222',b'111',b'000',0,0,2MASS J18540460+4541515,2107026400397232512,9202077,0
283.519178,45.697659,b'18540460+4541515',9.269,0.022,9.038,0.018,8.985,0.013,b'AAA',b'222',b'111',b'000',0,0,2MASS J18540460+4541515,2107026400400517248,9202077,1
283.519178,45.697659,b'18540460+4541515',9.269,0.022,9.038,0.018,8.985,0.013,b'AAA',b'222',b'111',b'000',0,0,2MASS J18540460+4541515,2107026400397232512,9202077,0
284.783401,45.682262,b'18590801+4540561',9.553,0.021,9.238,0.018,9.188,0.016,b'AAA',b'222',b'111',b'000',0,0,2MASS J18590801+4540561,2107175315507604352,9204313,1
285.938056,45.608387,b'19034513+4536301',8.213,0.018,8.056,0.016,8.067,0.02,b'AAA',b'111',b'111',b'000',0,0,2MASS J19034513+4536301,2106497157350919296,9206432,1
285.938056,45.608387,b'19034513+4536301',8.213,0.018,8.056,0.016,8.067,0.02,b'AAA',b'111',b'111',b'000',0,0,2MASS J19034513+4536301,2106497191710657920,9206432,0
285.938056,45.608387,b'19034513+4536301',8.213,0.018,8.056,0.016,8.067,0.02,b'AAA',b'111',b'111',b'000',0,0,2MASS J19034513+4536301,2106497157350919296,9206432,1
285.938056,45.608387,b'19034513+4536301',8.213,0.018,8.056,0.016,8.067,0.02,b'AAA',b'111',b'111',b'000',0,0,2MASS J19034513+4536301,2106497191710657920,9206432,0
294.637242,45.692459,b'19383293+4541328',9.831,0.021,9.575,0.017,9.527,0.016,b'AAA',b'222',b'111',b'000',0,0,2MASS J19383293+4541328,2080048954904573056,9225600,1
295.113232,45.696098,b'19402717+4541459',7.876,0.021,7.739,0.016,7.709,0.02,b'AAA',b'111',b'111',b'000',0,0,2MASS J19402717+4541459,2080040708566989568,9226926,1
284.666097,45.796574,b'18583986+4547476',10.208,0.021,9.871,0.018,9.817,0.017,b'AAA',b'222',b'111',b'000',0,0,2MASS J18583986+4547476,2107181049283909760,9266926,1
294.554554,45.777309,b'19381309+4546383',10.1,0.021,9.886,0.017,9.825,0.016,b'AAA',b'222',b'111',b'000',0,0,2MASS J19381309+4546383,2080052356518671104,9287845,1
295.094485,45.776695,b'19402267+4546361',8.684,0.024,8.42,0.033,8.36,0.012,b'AAA',b'112',b'111',b'000',0,0,2MASS J19402267+4546361,2080041533200733824,9289275,1
296.069361,45.703102,b'19441664+4542111',9.645,0.021,9.369,0.017,9.332,0.014,b'AAA',b'222',b'111',b'000',0,0,2MASS J19441664+4542111,2080192471233226752,9292130,1
284.707799,45.849358,b'18584987+4550576',10.237,0.021,10.019,0.018,9.952,0.017,b'AAA',b'222',b'111',b'000',0,0,2MASS J18584987+4550576,2107178682759063296,9328372,1
296.044531,45.889183,b'19441068+4553210',9.892,0.021,9.646,0.017,9.607,0.014,b'AAA',b'222',b'111',b'000',0,0,2MASS J19441068+4553210,2080195945866437504,9353712,1
296.094954,45.897762,b'19442278+4553519',10.001,0.021,9.552,0.017,9.461,0.014,b'AAA',b'222',b'111',b'000',0,0,2MASS J19442278+4553519,2080195567909323776,9353859,1
284.93112,45.960491,b'18594346+4557377',8.671,0.026,8.459,0.02,8.405,0.016,b'AAA',b'112',b'111',b'000',0,0,2MASS J18594346+4557377,2107174387794486528,9390670,1
287.354789,45.948662,b'19092514+4556551',10.367,0.021,10.087,0.023,9.983,0.013,b'AAA',b'222',b'111',b'000',0,0,2MASS J19092514+4556551,2130312987226828672,9394953,1
294.486221,45.964512,b'19375669+4557522',9.705,0.022,9.426,0.018,9.375,0.016,b'AAA',b'222',b'111',b'000',0,0,2MASS J19375669+4557522,2128094451941001856,9410862,1
295.792814,45.987774,b'19431027+4559159',9.832,0.023,9.507,0.02,9.415,0.012,b'AAA',b'222',b'111',b'000',0,0,2MASS J19431027+4559159,2080386814211179264,9414381,1
295.802688,45.988075,b'19431264+4559170',8.661,0.024,8.457,0.018,8.407,0.012,b'AAA',b'112',b'111',b'000',0,0,2MASS J19431264+4559170,2080386917291928832,9414417,1
282.044943,46.067867,b'18481078+4604043',9.687,0.024,9.455,0.031,9.437,0.019,b'AAA',b'222',b'111',b'000',0,0,2MASS J18481078+4604043,2119091616368944512,9446628,1
285.211762,46.021362,b'19005082+4601169',9.985,0.025,9.681,0.018,9.601,0.019,b'AAA',b'222',b'111',b'000',0,0,2MASS J19005082+4601169,2107266471892854400,9451741,1
287.568459,46.008389,b'19101643+4600302',9.986,0.022,9.792,0.018,9.754,0.011,b'AAA',b'222',b'111',b'000',0,0,2MASS J19101643+4600302,2130311376618559232,9455860,1
288.599673,46.031712,b'19142392+4601541',9.52,0.023,9.254,0.02,9.227,0.011,b'AAA',b'222',b'111',b'000',0,0,2MASS J19142392+4601541,2127348089702807424,9457728,1
289.091562,46.057026,b'19162197+4603252',10.1,0.02,9.883,0.019,9.845,0.014,b'AAA',b'222',b'111',b'000',0,0,2MASS J19162197+4603252,2127361971037224960,9458636,1
293.434289,46.074993,b'19334422+4604299',9.465,0.021,9.223,0.019,9.141,0.012,b'AAA',b'222',b'111',b'000',0,0,2MASS J19334422+4604299,2128064352811206784,9468847,1
284.347195,46.184181,b'18572332+4611030',8.697,0.027,8.418,0.024,8.377,0.013,b'AAA',b'112',b'111',b'000',0,0,2MASS J18572332+4611030,2107241354924483584,9512063,1
297.748513,46.133514,b'19505964+4608006',10.637,0.021,10.394,0.017,10.339,0.014,b'AAA',b'222',b'111',b'000',0,0,2MASS J19505964+4608006,2079501569914792704,9542776,1
284.791009,46.28495,b'18590984+4617058',9.377,0.02,8.973,0.018,8.879,0.019,b'AAA',b'222',b'111',b'000',0,0,2MASS J18590984+4617058,2107287568772183168,9574283,1
287.637585,46.204414,b'19103302+4612158',9.445,0.021,9.239,0.02,9.191,0.011,b'AAA',b'222',b'111',b'000',0,0,2MASS J19103302+4612158,2130320172711659136,9579208,1
288.48861,46.334644,b'19135726+4620047',9.004,0.039,8.781,0.018,8.719,0.014,b'AAA',b'112',b'111',b'000',0,0,2MASS J19135726+4620047,2130380989447773696,9641837,1
297.500354,46.380699,b'19500008+4622505',10.272,0.024,10.014,0.016,9.976,0.017,b'AAA',b'222',b'111',b'000',0,0,2MASS J19500008+4622505,2080281742132047616,9664694,1
282.750404,46.422485,b'18510009+4625209',8.356,0.02,8.09,0.023,8.07,0.026,b'AAA',b'111',b'111',b'00c',0,0,2MASS J18510009+4625209,2107491287660520832,9693187,1
284.593715,46.449776,b'18582249+4626591',10.756,0.021,10.506,0.018,10.454,0.016,b'AAA',b'222',b'111',b'000',0,0,2MASS J18582249+4626591,2107342716152550272,9696358,1
285.077683,46.419605,b'19001864+4625105',9.381,0.021,9.181,0.015,9.109,0.019,b'AAA',b'222',b'111',b'000',0,0,2MASS J19001864+4625105,2107315365800640896,9697131,1
287.027636,46.454678,b'19080663+4627168',10.417,0.022,10.168,0.019,10.134,0.011,b'AAA',b'222',b'111',b'000',0,0,2MASS J19080663+4627168,2130341093492322432,9700430,1
288.170549,46.400349,b'19124093+4624012',8.675,0.034,8.434,0.023,8.419,0.011,b'AAA',b'112',b'111',b'ss0',0,0,2MASS J19124093+4624012,2130384528501056000,9702369,1
288.170549,46.400349,b'19124093+4624012',8.675,0.034,8.434,0.023,8.419,0.011,b'AAA',b'112',b'111',b'ss0',0,0,2MASS J19124093+4624012,2130384528501056512,9702369,0
288.170549,46.400349,b'19124093+4624012',8.675,0.034,8.434,0.023,8.419,0.011,b'AAA',b'112',b'111',b'ss0',0,0,2MASS J19124093+4624012,2130384528501056000,9702369,1
288.170549,46.400349,b'19124093+4624012',8.675,0.034,8.434,0.023,8.419,0.011,b'AAA',b'112',b'111',b'ss0',0,0,2MASS J19124093+4624012,2130384528501056512,9702369,0
288.399718,46.439564,b'19133593+4626224',9.556,0.023,9.237,0.019,9.172,0.011,b'AAA',b'222',b'111',b'000',0,0,2MASS J19133593+4626224,2130382810514215040,9702752,1
283.032432,46.510105,b'18520778+4630363',10.049,0.02,9.828,0.019,9.772,0.014,b'AAA',b'222',b'111',b'000',0,0,2MASS J18520778+4630363,2107484072115552384,9754284,1
284.959663,46.587448,b'18595031+4635148',9.947,0.024,9.66,0.017,9.582,0.013,b'AAA',b'222',b'111',b'000',0,0,2MASS J18595031+4635148,2107318973573441920,9757640,1
294.827243,46.562862,b'19391853+4633463',10.574,0.021,10.314,0.017,10.261,0.016,b'AAA',b'222',b'111',b'000',0,0,2MASS J19391853+4633463,2080100047836107264,9778067,1
298.058558,46.566074,b'19521405+4633578',10.346,0.022,10.109,0.016,10.049,0.015,b'AAA',b'222',b'111',b'000',0,0,2MASS J19521405+4633578,2085541286062447872,9787965,1
298.13623,46.578342,b'19523269+4634420',9.426,0.02,9.058,0.018,8.967,0.014,b'AAA',b'222',b'111',b'000',0,0,2MASS J19523269+4634420,2085539705514505344,9788260,1
298.963446,46.595585,b'19555122+4635441',9.899,0.023,9.671,0.031,9.547,0.021,b'AAA',b'222',b'111',b'000',0,0,2MASS J19555122+4635441,2085504628523653248,9791157,1
281.587056,46.635098,b'18462089+4638063',8.832,0.024,8.421,0.018,8.342,0.011,b'AAA',b'112',b'111',b'000',0,0,2MASS J18462089+4638063,2119190331895912064,9812421,1
281.587056,46.635098,b'18462089+4638063',8.832,0.024,8.421,0.018,8.342,0.011,b'AAA',b'112',b'111',b'000',0,0,2MASS J18462089+4638063,2119190331895910144,9812421,0
281.587056,46.635098,b'18462089+4638063',8.832,0.024,8.421,0.018,8.342,0.011,b'AAA',b'112',b'111',b'000',0,0,2MASS J18462089+4638063,2119190331895912064,9812421,1
281.587056,46.635098,b'18462089+4638063',8.832,0.024,8.421,0.018,8.342,0.011,b'AAA',b'112',b'111',b'000',0,0,2MASS J18462089+4638063,2119190331895910144,9812421,0
281.913455,46.686111,b'18473922+4641099',8.504,0.02,8.347,0.024,8.299,0.017,b'AAA',b'111',b'111',b'000',0,0,2MASS J18473922+4641099,2119147279145539584,9812850,1
287.084418,46.603573,b'19082026+4636128',10.102,0.022,9.914,0.018,9.881,0.011,b'AAA',b'222',b'111',b'000',0,0,2MASS J19082026+4636128,2130437305059353472,9821513,1
286.843187,46.70723,b'19072236+4642260',10.142,0.021,9.882,0.018,9.815,0.012,b'AAA',b'222',b'111',b'000',0,0,2MASS J19072236+4642260,2130535741409724032,9880787,1
292.93687,46.708508,b'19314484+4642306',9.545,0.02,9.267,0.019,9.205,0.015,b'AAA',b'222',b'111',b'000',0,0,2MASS J19314484+4642306,2128296212325041664,9893470,1
296.554609,46.727516,b'19461310+4643390',9.659,0.021,9.152,0.017,9.037,0.014,b'AAA',b'222',b'111',b'000',0,0,2MASS J19461310+4643390,2080343074265951616,9903271,1
298.089799,46.798492,b'19522155+4647545',7.973,0.019,7.995,,7.825,,b'AUU',b'166',b'100',b'c00',0,0,2MASS J19522155+4647545,2085550876732282624,9908400,1
293.67919,46.852764,b'19344300+4651099',8.2,0.018,7.838,0.02,7.768,0.023,b'AAA',b'111',b'111',b'000',0,0,2MASS J19344300+4651099,2128215909315876352,9955598,1
296.338755,46.824924,b'19452130+4649297',10.099,0.021,9.789,0.017,9.718,0.012,b'AAA',b'222',b'111',b'000',0,0,2MASS J19452130+4649297,2080526486547555712,9962623,1
297.333218,46.826641,b'19491997+4649359',8.197,0.029,7.936,0.018,7.873,0.015,b'AAA',b'112',b'111',b'000',0,0,2MASS J19491997+4649359,2080308744582859008,9965715,1
288.118404,46.974735,b'19122841+4658290',10.457,0.02,10.285,0.019,10.241,0.011,b'AAA',b'222',b'111',b'000',0,0,2MASS J19122841+4658290,2130788495944886400,10003270,1
293.77151,46.974842,b'19350516+4658294',8.984,0.027,8.802,0.018,8.741,0.015,b'AAA',b'122',b'111',b'000',0,0,2MASS J19350516+4658294,2128218559316957824,10016239,1
294.752748,46.901932,b'19390065+4654069',7.713,0.019,7.499,0.02,7.453,0.023,b'AAA',b'111',b'111',b'000',0,0,2MASS J19390065+4654069,2128527242906021504,10018963,1
295.039288,46.965988,b'19400942+4657575',9.167,0.034,8.847,0.017,8.763,0.014,b'AAA',b'122',b'111',b'000',0,0,2MASS J19400942+4657575,2128525494858229632,10019747,1
296.739589,46.950626,b'19465750+4657022',9.88,0.019,9.659,0.018,9.581,0.015,b'AAA',b'222',b'111',b'000',0,0,2MASS J19465750+4657022,2080369187667242624,10024648,1
296.739589,46.950626,b'19465750+4657022',9.88,0.019,9.659,0.018,9.581,0.015,b'AAA',b'222',b'111',b'000',0,0,2MASS J19465750+4657022,2080369187663079424,10024648,0
296.739589,46.950626,b'19465750+4657022',9.88,0.019,9.659,0.018,9.581,0.015,b'AAA',b'222',b'111',b'000',0,0,2MASS J19465750+4657022,2080369187667242624,10024648,1
296.739589,46.950626,b'19465750+4657022',9.88,0.019,9.659,0.018,9.581,0.015,b'AAA',b'222',b'111',b'000',0,0,2MASS J19465750+4657022,2080369187663079424,10024648,0
297.087199,46.963135,b'19482092+4657472',9.68,0.021,9.44,0.018,9.364,0.016,b'AAA',b'222',b'111',b'000',0,0,2MASS J19482092+4657472,2080360833946256128,10025841,1
297.087199,46.963135,b'19482092+4657472',9.68,0.021,9.44,0.018,9.364,0.016,b'AAA',b'222',b'111',b'000',0,0,2MASS J19482092+4657472,2080360838251219072,10025841,0
297.087199,46.963135,b'19482092+4657472',9.68,0.021,9.44,0.018,9.364,0.016,b'AAA',b'222',b'111',b'000',0,0,2MASS J19482092+4657472,2080360833946256128,10025841,1
297.087199,46.963135,b'19482092+4657472',9.68,0.021,9.44,0.018,9.364,0.016,b'AAA',b'222',b'111',b'000',0,0,2MASS J19482092+4657472,2080360838251219072,10025841,0
290.075761,47.04097,b'19201818+4702274',9.413,0.025,9.242,0.022,9.175,0.014,b'AAA',b'222',b'111',b'000',0,0,2MASS J19201818+4702274,2127826617779475840,10070754,1
291.632613,47.084751,b'19263182+4705051',10.501,0.02,10.189,0.017,10.147,0.015,b'AAA',b'222',b'111',b'000',0,0,2MASS J19263182+4705051,2129093461332571008,10074716,1
293.469909,47.045723,b'19335277+4702446',9.05,0.024,8.781,0.018,8.714,0.015,b'AAA',b'222',b'111',b'000',0,0,2MASS J19335277+4702446,2128409045404259328,10079226,1
294.140726,47.044964,b'19363377+4702418',10.267,0.025,10.037,0.021,9.996,0.012,b'AAA',b'222',b'111',b'000',0,0,2MASS J19363377+4702418,2128210209900730496,10081026,1
296.594741,47.035294,b'19462273+4702070',9.688,0.022,9.233,0.018,9.17,0.015,b'AAA',b'222',b'111',b'000',0,0,2MASS J19462273+4702070,2080557925708328832,10088136,1
281.12289,47.164894,b'18442949+4709536',10.478,0.021,10.217,0.02,10.184,0.011,b'AAA',b'222',b'111',b'000',0,0,2MASS J18442949+4709536,2119221629322723200,10118942,1
286.775176,47.17775,b'19070604+4710399',8.85,0.026,8.716,0.018,8.633,0.012,b'AAA',b'112',b'111',b'000',0,0,2MASS J19070604+4710399,2130655141500562176,10129349,1
287.543466,47.160603,b'19101043+4709381',9.394,0.021,8.948,0.044,8.778,0.011,b'AAA',b'212',b'111',b'000',0,0,2MASS J19101043+4709381,2130478811623519232,10130853,1
294.285917,47.108768,b'19370862+4706315',9.632,0.021,9.344,0.017,9.278,0.012,b'AAA',b'222',b'111',b'000',0,0,2MASS J19370862+4706315,2128586655192626048,10147635,1
298.725735,47.145279,b'19545417+4708430',7.636,0.03,7.438,0.024,7.358,0.02,b'AAA',b'111',b'111',b'000',0,0,2MASS J19545417+4708430,2085664985422688896,10162436,1
281.323774,47.296635,b'18451770+4717478',9.877,0.021,9.653,0.023,9.584,0.011,b'AAA',b'222',b'111',b'000',0,0,2MASS J18451770+4717478,2119596326566072448,10186764,1
294.377087,47.289928,b'19373050+4717237',9.774,0.02,9.611,0.018,9.532,0.015,b'AAA',b'222',b'111',b'000',0,0,2MASS J19373050+4717237,2128595416926640640,10214328,1
294.814228,47.24847,b'19391541+4714544',9.534,0.02,9.232,0.019,9.159,0.012,b'AAA',b'222',b'111',b'000',0,0,2MASS J19391541+4714544,2128555525269997568,10215584,1
291.362936,47.328716,b'19252710+4719433',9.914,0.02,9.461,0.019,9.38,0.014,b'AAA',b'222',b'111',b'000',0,0,2MASS J19252710+4719433,2129135070975727104,10272858,1
291.393215,47.377575,b'19253437+4722392',9.887,0.02,9.442,0.021,9.33,0.014,b'AAA',b'222',b'111',b'000',0,0,2MASS J19253437+4722392,2129135620732022656,10272923,1
291.524,47.358353,b'19260576+4721300',9.869,0.019,9.631,0.017,9.572,0.014,b'AAA',b'222',b'111',b'000',0,0,2MASS J19260576+4721300,2129133146825997440,10273246,1
298.895821,47.378082,b'19553499+4722410',8.032,0.026,7.76,0.021,7.713,0.016,b'AAA',b'111',b'111',b'000',0,0,2MASS J19553499+4722410,2085674120815288576,10295224,1
298.895821,47.378082,b'19553499+4722410',8.032,0.026,7.76,0.021,7.713,0.016,b'AAA',b'111',b'111',b'000',0,0,2MASS J19553499+4722410,2085674125113326848,10295224,0
298.895821,47.378082,b'19553499+4722410',8.032,0.026,7.76,0.021,7.713,0.016,b'AAA',b'111',b'111',b'000',0,0,2MASS J19553499+4722410,2085674120815288576,10295224,1
298.895821,47.378082,b'19553499+4722410',8.032,0.026,7.76,0.021,7.713,0.016,b'AAA',b'111',b'111',b'000',0,0,2MASS J19553499+4722410,2085674125113326848,10295224,0
281.53414,47.49947,b'18460819+4729580',9.903,0.022,9.596,0.018,9.517,0.011,b'AAA',b'222',b'111',b'000',0,0,2MASS J18460819+4729580,2119594093183142656,10319352,1
283.433164,47.408543,b'18534395+4724307',10.128,0.021,9.874,0.018,9.834,0.014,b'AAA',b'222',b'111',b'000',0,0,2MASS J18534395+4724307,2107649995291771392,10322381,1
284.367798,47.452103,b'18572827+4727075',10.545,0.022,10.309,0.019,10.231,0.017,b'AAA',b'222',b'111',b'000',0,0,2MASS J18572827+4727075,2131423906287203328,10324098,1
296.071613,47.419147,b'19441718+4725089',9.325,0.02,9.145,0.019,9.091,0.012,b'AAA',b'222',b'111',b'000',0,0,2MASS J19441718+4725089,2080628397532173568,10351059,1
297.559488,47.473679,b'19501427+4728252',8.298,0.021,8.114,0.021,8.057,0.014,b'AAA',b'112',b'111',b'000',0,0,2MASS J19501427+4728252,2086399420525476352,10355856,1
282.211885,47.577,b'18485085+4734372',10.075,0.021,9.785,0.018,9.765,0.011,b'AAA',b'222',b'111',b'000',0,0,2MASS J18485085+4734372,2119571381395987072,10385708,1
287.298645,47.57806,b'19091167+4734410',9.19,0.034,8.736,0.027,8.674,0.011,b'AAA',b'112',b'111',b'000',0,0,2MASS J19091167+4734410,2131050793887979520,10394814,1
289.270324,47.565434,b'19170487+4733555',10.692,0.021,10.481,0.017,10.455,0.012,b'AAA',b'222',b'111',b'000',0,0,2MASS J19170487+4733555,2127910558619585280,10398597,1
296.730809,47.579277,b'19465539+4734453',10.068,0.02,9.785,0.019,9.694,0.012,b'AAA',b'222',b'111',b'000',0,0,2MASS J19465539+4734453,2086580672447566464,10417911,1
284.152642,47.65641,b'18563663+4739230',7.655,0.021,7.373,0.016,7.291,9.995,b'AAF',b'111',b'111',b'000',0,0,2MASS J18563663+4739230,2131620306552653312,10454113,1
288.725644,47.696751,b'19145415+4741483',8.755,0.043,8.508,0.021,8.468,0.014,b'AAA',b'112',b'111',b'000',0,0,2MASS J19145415+4741483,2130914832406318208,10462940,1
298.9668,47.678215,b'19555203+4740415',8.913,0.046,8.672,0.034,8.67,0.018,b'AAA',b'112',b'111',b'000',0,0,2MASS J19555203+4740415,2085712981675724544,10491771,1
283.823727,47.716202,b'18551769+4742583',9.326,0.02,9.062,0.018,8.987,0.016,b'AAA',b'222',b'111',b'000',0,0,2MASS J18551769+4742583,2131630923711789312,10518551,1
289.097028,47.849228,b'19162328+4750572',9.742,0.02,9.476,0.017,9.429,0.014,b'AAA',b'222',b'111',b'000',0,0,2MASS J19162328+4750572,2130942358854407552,10593351,1
295.667099,47.892101,b'19424010+4753315',8.263,0.024,8.117,0.026,8.101,0.016,b'AAA',b'112',b'111',b'000',0,0,2MASS J19424010+4753315,2080653858099136640,10610027,1
280.926762,47.937767,b'18434242+4756159',8.167,0.023,7.93,0.017,7.874,0.026,b'AAA',b'111',b'111',b'000',0,0,2MASS J18434242+4756159,2119828460957942528,10644253,1
287.670085,47.935841,b'19104082+4756090',9.827,0.023,9.613,0.028,9.547,0.025,b'AAA',b'222',b'111',b'000',0,0,2MASS J19104082+4756090,2130903223112022656,10655953,1
293.774529,47.904198,b'19350588+4754151',9.641,0.021,9.212,0.017,9.139,0.014,b'AAA',b'222',b'111',b'000',0,0,2MASS J19350588+4754151,2128835381037146880,10670371,1
283.133969,48.011852,b'18523215+4800426',10.121,0.024,9.669,0.016,9.605,0.014,b'AAA',b'222',b'111',b'000',0,0,2MASS J18523215+4800426,2131698341815538176,10712891,1
283.133969,48.011852,b'18523215+4800426',10.121,0.024,9.669,0.016,9.605,0.014,b'AAA',b'222',b'111',b'000',0,0,2MASS J18523215+4800426,2131698341812621568,10712891,0
283.133969,48.011852,b'18523215+4800426',10.121,0.024,9.669,0.016,9.605,0.014,b'AAA',b'222',b'111',b'000',0,0,2MASS J18523215+4800426,2131698341815538176,10712891,1
283.133969,48.011852,b'18523215+4800426',10.121,0.024,9.669,0.016,9.605,0.014,b'AAA',b'222',b'111',b'000',0,0,2MASS J18523215+4800426,2131698341812621568,10712891,0
285.396157,48.096134,b'19013507+4805460',10.055,0.026,9.737,0.031,9.664,0.022,b'AAA',b'222',b'111',b'000',0,0,2MASS J19013507+4805460,2131526852362228352,10717090,1
285.396157,48.096134,b'19013507+4805460',10.055,0.026,9.737,0.031,9.664,0.022,b'AAA',b'222',b'111',b'000',0,0,2MASS J19013507+4805460,2131526852358953216,10717090,0
285.396157,48.096134,b'19013507+4805460',10.055,0.026,9.737,0.031,9.664,0.022,b'AAA',b'222',b'111',b'000',0,0,2MASS J19013507+4805460,2131526852362228352,10717090,1
285.396157,48.096134,b'19013507+4805460',10.055,0.026,9.737,0.031,9.664,0.022,b'AAA',b'222',b'111',b'000',0,0,2MASS J19013507+4805460,2131526852358953216,10717090,0
290.544062,48.046707,b'19221057+4802481',10.213,0.021,9.966,0.029,9.884,0.022,b'AAA',b'222',b'111',b'000',0,0,2MASS J19221057+4802481,2129401633825979776,10727922,1
291.627028,48.093014,b'19263048+4805348',9.546,0.021,9.346,0.018,9.316,0.013,b'AAA',b'222',b'111',b'000',0,0,2MASS J19263048+4805348,2129299035647555968,10730618,1
291.936783,48.06535,b'19274482+4803552',10.598,0.019,10.381,0.018,10.344,0.017,b'AAA',b'222',b'111',b'000',0,0,2MASS J19274482+4803552,2129271887153666560,10731424,1
292.197117,48.037624,b'19284730+4802154',10.54,0.03,10.192,0.03,10.139,0.018,b'AAA',b'222',b'111',b'000',0,0,2MASS J19284730+4802154,2129259899906063488,10732098,1
290.873347,48.114704,b'19232960+4806529',9.578,0.027,9.328,0.03,9.283,0.02,b'AAA',b'222',b'111',b'000',0,0,2MASS J19232960+4806529,2129404966720268928,10794845,1
296.360018,48.240547,b'19452640+4814259',10.342,0.019,10.128,0.018,10.071,0.016,b'AAA',b'222',b'111',b'000',0,0,2MASS J19452640+4814259,2086660485820843264,10873176,1
286.190003,48.359272,b'19044560+4821333',9.919,0.023,9.701,0.026,9.62,0.022,b'AAA',b'222',b'111',b'000',0,0,2MASS J19044560+4821333,2131149749936562048,10909629,1
286.190003,48.359272,b'19044560+4821333',9.919,0.023,9.701,0.026,9.62,0.022,b'AAA',b'222',b'111',b'000',0,0,2MASS J19044560+4821333,2131149754234142720,10909629,0
286.190003,48.359272,b'19044560+4821333',9.919,0.023,9.701,0.026,9.62,0.022,b'AAA',b'222',b'111',b'000',0,0,2MASS J19044560+4821333,2131149749936562048,10909629,1
286.190003,48.359272,b'19044560+4821333',9.919,0.023,9.701,0.026,9.62,0.022,b'AAA',b'222',b'111',b'000',0,0,2MASS J19044560+4821333,2131149754234142720,10909629,0
293.501449,48.366451,b'19340034+4821592',8.877,0.032,8.694,0.023,8.636,0.013,b'AAA',b'112',b'111',b'000',0,0,2MASS J19340034+4821592,2128862907489310592,10923629,1
282.107708,48.467422,b'18482584+4828027',9.804,0.021,9.552,0.018,9.464,0.016,b'AAA',b'222',b'111',b'000',0,0,2MASS J18482584+4828027,2119763967729811584,10959362,1
284.786172,48.423229,b'18590868+4825236',7.784,0.021,7.539,0.021,7.486,0.018,b'AAA',b'111',b'111',b'000',0,0,2MASS J18590868+4825236,2131593785132997632,10963065,1
289.92384,48.436089,b'19194172+4826099',10.241,0.026,9.942,0.03,9.897,0.02,b'AAA',b'222',b'111',b'000',0,0,2MASS J19194172+4826099,2129471246655864320,10971974,1
290.059494,48.42955,b'19201427+4825463',10.44,0.029,10.171,0.032,10.169,0.02,b'AAA',b'222',b'111',b'000',0,0,2MASS J19201427+4825463,2129473956774687104,10972252,1
290.426351,48.443378,b'19214232+4826361',9.557,0.023,9.22,0.027,9.178,0.024,b'AAA',b'222',b'111',b'000',0,0,2MASS J19214232+4826361,2129520930836942848,10972873,1
287.446465,48.546085,b'19094715+4832459',8.879,0.019,8.518,0.027,8.439,0.024,b'AAA',b'112',b'111',b'000',0,0,2MASS J19094715+4832459,2131202457774206848,11021413,1
290.352737,48.514797,b'19212465+4830532',8.218,0.019,7.921,0.034,7.862,0.017,b'AAA',b'111',b'111',b'000',0,0,2MASS J19212465+4830532,2129522163493229056,11026764,1
290.352737,48.514797,b'19212465+4830532',8.218,0.019,7.921,0.034,7.862,0.017,b'AAA',b'111',b'111',b'000',0,0,2MASS J19212465+4830532,2129522167788426752,11026764,0
290.352737,48.514797,b'19212465+4830532',8.218,0.019,7.921,0.034,7.862,0.017,b'AAA',b'111',b'111',b'000',0,0,2MASS J19212465+4830532,2129522163493229056,11026764,1
290.352737,48.514797,b'19212465+4830532',8.218,0.019,7.921,0.034,7.862,0.017,b'AAA',b'111',b'111',b'000',0,0,2MASS J19212465+4830532,2129522167788426752,11026764,0
290.718264,48.540897,b'19225238+4832272',9.349,0.022,9.057,0.028,9.004,0.024,b'AAA',b'222',b'111',b'000',0,0,2MASS J19225238+4832272,2129513646572486528,11027406,1
284.222382,48.694016,b'18565337+4841384',8.808,0.044,8.644,0.046,8.598,0.018,b'AAA',b'112',b'111',b'000',0,0,2MASS J18565337+4841384,2131779873177590016,11070918,1
286.413809,48.658836,b'19053931+4839318',9.902,0.022,9.458,0.026,9.371,0.022,b'AAA',b'222',b'111',b'000',0,0,2MASS J19053931+4839318,2131183667296061440,11074380,1
287.142249,48.696449,b'19083413+4841472',9.496,0.021,9.283,0.022,9.256,0.02,b'AAA',b'222',b'111',b'000',0,0,2MASS J19083413+4841472,2131214075663993600,11075448,1
290.584263,48.695435,b'19222022+4841435',8.187,0.039,8.022,0.04,7.973,0.018,b'AAA',b'111',b'111',b'000',0,0,2MASS J19222022+4841435,2129527390467840512,11081729,1
291.161943,48.645287,b'19243886+4838430',10.306,0.022,10.038,0.028,9.948,0.02,b'AAA',b'222',b'111',b'000',0,0,2MASS J19243886+4838430,2129348715528515328,11082784,1
291.435691,48.624043,b'19254456+4837265',10.368,0.021,10.145,0.017,10.099,0.016,b'AAA',b'222',b'111',b'000',0,0,2MASS J19254456+4837265,2129349922420199168,11083308,1
286.338369,48.744099,b'19052120+4844387',10.072,0.024,9.818,0.031,9.761,0.023,b'AAA',b'222',b'111',b'000',0,0,2MASS J19052120+4844387,2131184938606509952,11127479,1
291.621111,48.712128,b'19262906+4842436',9.664,0.023,9.309,0.018,9.274,0.013,b'AAA',b'222',b'111',b'000',0,0,2MASS J19262906+4842436,2129715819273121792,11137075,1
292.137678,48.700665,b'19283304+4842023',9.793,0.022,9.543,0.018,9.506,0.013,b'AAA',b'222',b'111',b'000',0,0,2MASS J19283304+4842023,2129671082893897984,11138101,1
290.619675,48.829433,b'19222872+4849459',9.989,0.021,9.721,0.029,9.657,0.024,b'AAA',b'222',b'111',b'000',0,0,2MASS J19222872+4849459,2129553160272024576,11188219,1
293.501186,48.835789,b'19340028+4850088',9.563,0.021,9.285,0.021,9.22,0.016,b'AAA',b'222',b'111',b'000',0,0,2MASS J19340028+4850088,2129016564238409728,11193681,1
291.835339,48.953381,b'19272048+4857121',8.675,0.026,8.351,0.018,8.294,0.013,b'AAA',b'112',b'111',b'000',0,0,2MASS J19272048+4857121,2129724237409548288,11244118,1
295.91509,48.928947,b'19433962+4855442',7.616,0.02,7.468,0.02,7.459,0.016,b'AAA',b'111',b'111',b'000',0,0,2MASS J19433962+4855442,2134755465180650624,11253226,1
290.636152,49.037556,b'19223267+4902152',10.706,0.021,10.382,0.029,10.287,0.026,b'AAA',b'222',b'111',b'000',0,0,2MASS J19223267+4902152,2129559345025016064,11294717,1
296.640971,49.02383,b'19463383+4901257',9.75,0.022,9.301,0.032,9.166,0.021,b'AAA',b'222',b'111',b'000',0,0,2MASS J19463383+4901257,2086812218426690560,11307875,1
283.701204,49.22802,b'18544828+4913408',9.568,0.02,9.33,0.018,9.284,0.013,b'AAA',b'222',b'111',b'000',0,0,2MASS J18544828+4913408,2131863818315865344,11389393,1
283.731449,49.229691,b'18545554+4913468',9.403,0.02,9.139,0.018,9.095,0.013,b'AAA',b'222',b'111',b'000',0,0,2MASS J18545554+4913468,2131863848376886912,11389437,1
287.481235,49.25124,b'19095549+4915044',9.568,0.02,9.242,0.019,9.222,0.022,b'AAA',b'222',b'111',b'000',0,0,2MASS J19095549+4915044,2132757996148004736,11395018,1
287.481235,49.25124,b'19095549+4915044',9.568,0.02,9.242,0.019,9.222,0.022,b'AAA',b'222',b'111',b'000',0,0,2MASS J19095549+4915044,2132757996143385344,11395018,0
287.481235,49.25124,b'19095549+4915044',9.568,0.02,9.242,0.019,9.222,0.022,b'AAA',b'222',b'111',b'000',0,0,2MASS J19095549+4915044,2132757996148004736,11395018,1
287.481235,49.25124,b'19095549+4915044',9.568,0.02,9.242,0.019,9.222,0.022,b'AAA',b'222',b'111',b'000',0,0,2MASS J19095549+4915044,2132757996143385344,11395018,0
290.933705,49.222702,b'19234408+4913217',8.525,0.034,8.067,0.021,7.971,0.021,b'AAA',b'111',b'111',b'000',0,0,2MASS J19234408+4913217,2129939604248882816,11401156,1
291.226955,49.281906,b'19245446+4916548',9.692,0.023,9.364,0.026,9.32,0.022,b'AAA',b'222',b'111',b'000',0,0,2MASS J19245446+4916548,2129934896964845824,11401708,1
297.093414,49.236591,b'19482241+4914117',7.398,0.026,7.059,0.016,7.033,0.017,b'AAA',b'111',b'111',b'000',0,0,2MASS J19482241+4914117,2086830772685401216,11414712,1
291.271957,49.327068,b'19250526+4919374',9.553,0.023,9.285,0.026,9.271,0.022,b'AAA',b'222',b'111',b'000',0,0,2MASS J19250526+4919374,2129933625654556928,11454149,1
294.534604,49.380226,b'19380830+4922488',10.48,0.021,10.237,0.017,10.185,0.016,b'AAA',b'222',b'111',b'000',0,0,2MASS J19380830+4922488,2135003508130615552,11460626,1
297.37159,49.352837,b'19492918+4921102',10.002,0.02,9.771,0.018,9.732,0.014,b'AAA',b'222',b'111',b'000',0,0,2MASS J19492918+4921102,2087160767909629952,11467550,1
285.7147,49.444435,b'19025152+4926399',9.977,0.019,9.457,0.026,9.385,0.024,b'AAA',b'222',b'111',b'000',0,0,2MASS J19025152+4926399,2132104813223598592,11496573,1
291.669744,49.440445,b'19264073+4926256',8.851,0.027,8.647,0.017,8.577,0.015,b'AAA',b'112',b'111',b'000',0,0,2MASS J19264073+4926256,2129770416895732992,11506988,1
291.669744,49.440445,b'19264073+4926256',8.851,0.027,8.647,0.017,8.577,0.015,b'AAA',b'112',b'111',b'000',0,0,2MASS J19264073+4926256,2129770416895733120,11506988,0
291.669744,49.440445,b'19264073+4926256',8.851,0.027,8.647,0.017,8.577,0.015,b'AAA',b'112',b'111',b'000',0,0,2MASS J19264073+4926256,2129770416895732992,11506988,1
291.669744,49.440445,b'19264073+4926256',8.851,0.027,8.647,0.017,8.577,0.015,b'AAA',b'112',b'111',b'000',0,0,2MASS J19264073+4926256,2129770416895733120,11506988,0
292.022482,49.41589,b'19280539+4924572',10.276,0.024,10.011,0.018,9.957,0.014,b'AAA',b'222',b'111',b'000',0,0,2MASS J19280539+4924572,2129761895682980224,11507653,1
291.565657,49.592777,b'19261575+4935339',9.914,0.021,9.486,0.017,9.413,0.017,b'AAA',b'222',b'111',b'000',0,0,2MASS J19261575+4935339,2129965786369820928,11558593,1
292.231615,49.647972,b'19285558+4938526',10.535,0.026,10.316,0.03,10.273,0.021,b'AAA',b'222',b'111',b'000',0,0,2MASS J19285558+4938526,2129864180323324672,11611414,1
296.420001,49.682243,b'19454080+4940560',8.908,0.023,8.45,0.018,8.364,0.015,b'AAA',b'112',b'111',b'000',0,0,2MASS J19454080+4940560,2134895923490352896,11620833,1
297.538556,49.724785,b'19500925+4943292',10.307,0.022,9.953,0.017,9.896,0.013,b'AAA',b'222',b'111',b'000',0,0,2MASS J19500925+4943292,2087195711763774080,11674236,1
292.257781,49.865269,b'19290186+4951549',9.724,0.025,9.405,0.03,9.35,0.018,b'AAA',b'222',b'111',b'000',0,0,2MASS J19290186+4951549,2129891466256394240,11713510,1
294.078531,49.824131,b'19361884+4949268',7.917,0.023,7.456,0.016,7.406,0.016,b'AAA',b'111',b'111',b'000',0,0,2MASS J19361884+4949268,2135094797654832640,11717120,1
296.390865,49.882435,b'19453380+4952567',9.512,0.019,9.078,0.017,8.973,0.016,b'AAA',b'222',b'111',b'000',0,0,2MASS J19453380+4952567,2134899634342086272,11722551,1
296.832364,49.835491,b'19471976+4950077',10.422,0.021,10.188,0.017,10.134,0.016,b'AAA',b'222',b'111',b'000',0,0,2MASS J19471976+4950077,2087233301317864704,11723674,1
295.990483,49.922619,b'19435771+4955214',10.287,0.019,9.975,0.018,9.941,0.016,b'AAA',b'222',b'111',b'000',0,0,2MASS J19435771+4955214,2134914516409516288,11771760,1
296.441488,49.988583,b'19454595+4959188',8.435,0.023,8.031,0.018,7.981,0.016,b'AAA',b'112',b'111',b'000',0,0,2MASS J19454595+4959188,2135275740337869056,11772920,1
285.26866,50.09705,b'19010447+5005493',9.426,0.024,8.945,0.015,8.859,0.017,b'AAA',b'222',b'111',b'000',0,0,2MASS J19010447+5005493,2132160686455950848,11802968,1
293.741397,50.017162,b'19345793+5001017',10.523,0.021,10.263,0.018,10.217,0.014,b'AAA',b'222',b'111',b'000',0,0,2MASS J19345793+5001017,2135112428502021376,11817562,1
296.229098,50.147221,b'19445498+5008499',9.755,0.021,9.294,0.018,9.204,0.015,b'AAA',b'222',b'111',b'000',0,0,2MASS J19445498+5008499,2135293744841003392,11873252,1
295.556423,50.411301,b'19421354+5024406',9.509,0.021,9.148,0.018,9.076,0.013,b'AAA',b'222',b'111',b'000',0,0,2MASS J19421354+5024406,2134986568780887936,12020532,1
295.303302,50.565224,b'19411279+5033548',9.733,0.02,9.524,0.018,9.494,0.014,b'AAA',b'222',b'111',b'000',0,0,2MASS J19411279+5033548,2135179700570225024,12069127,1
295.52904,50.527569,b'19420696+5031392',10.286,0.021,10.07,0.018,10.039,0.014,b'AAA',b'222',b'111',b'000',0,0,2MASS J19420696+5031392,2135363456449119616,12069569,1
295.251255,50.694851,b'19410030+5041414',9.486,0.021,9.279,0.017,9.218,0.015,b'AAA',b'222',b'111',b'000',0,0,2MASS J19410030+5041414,2135556764339299328,12117868,1
295.070677,50.903732,b'19401696+5054134',9.939,0.021,9.682,0.018,9.626,0.016,b'AAA',b'222',b'111',b'000',0,0,2MASS J19401696+5054134,2135574979299168512,12265063,1
296.657228,51.020428,b'19463773+5101135',7.883,0.037,7.655,0.026,7.631,0.017,b'AAA',b'111',b'111',b'000',0,0,2MASS J19463773+5101135,2135483028339642368,12317678,1
296.086098,51.127045,b'19442066+5107373',8.581,0.03,8.42,0.023,8.366,0.016,b'AAA',b'112',b'111',b'000',0,0,2MASS J19442066+5107373,2135408300209771008,12366681,1
