id_starname,logg,logg_err,feh,feh_err,parallax,parallax_err,jmag,jmag_err,kmag,kmag_err,ra,dec,band,dust,comments
KIC1435467,4.100811857493968,0.008677572714604875,0.0059511,0.01178257,0.007337584408721481,3.017258342924623e-05,7.983,0.024,7.718,0.017,292.0826387546914,37.05987401545169,kmag,green19,using APOGEE DR16 feh and IRFM teff
KIC2010607,3.795139377742432,0.09449826049378326,0.082442,0.01276539,0.001628592276149511,2.6386132806215326e-05,10.427,0.02,10.155,0.019,290.50559137541734,37.45893516017856,kmag,green19,using APOGEE DR16 feh and IRFM teff
KIC2309595,3.728419675151794,0.009547584244001569,-0.05315955,0.0073734983,0.0025978996763661847,2.7855535546288746e-05,10.04,0.022000000000000002,9.5,0.018000000000000002,292.9014487360415,37.62450961132608,kmag,green19,using APOGEE DR16 feh and IRFM teff
KIC2450729,3.9739305825954783,0.04779215941599355,-0.198999,0.011503393999999998,0.003686056444792692,2.9286424557973688e-05,9.585,0.02,9.283,0.018000000000000002,293.0736309167399,37.71658174566087,kmag,green19,using APOGEE DR16 feh and IRFM teff
KIC2837475,4.183049732519287,0.008128803463591187,0.00218411,0.0154638905,0.008297790541507515,2.8966141777005033e-05,7.649,0.021,7.4639999999999995,0.027000000000000003,287.54857383346314,38.082133584002044,kmag,green19,using APOGEE DR16 feh and IRFM teff
KIC2849125,3.816627830750356,0.01773154589835006,0.29191100000000003,0.012119558,0.0016848882360613964,2.5075703269819563e-05,10.327,0.021,10.037,0.018000000000000002,290.7306604068038,38.08566498955752,kmag,green19,using APOGEE DR16 feh and IRFM teff
KIC2852862,3.9550546386081074,0.009640638787808643,-0.08340900400000001,0.013146168,0.0026223523626434137,2.3537137303475008e-05,9.772,0.021,9.511000000000001,0.018000000000000002,291.52574513998627,38.04342678382253,kmag,green19,using APOGEE DR16 feh and IRFM teff
KIC2991448,3.9859705575524735,0.009309106061843354,-0.091143005,0.009065969,0.0035872019531703637,2.9688377756963982e-05,9.602,0.026000000000000002,9.225,0.021,291.8246955697834,38.113118330002926,kmag,green19,using APOGEE DR16 feh and IRFM teff
KIC2998253,4.238894506966978,0.05247481134454518,0.073254995,0.012156838,0.003963774677866837,2.4479853933468452e-05,9.655,0.02,9.396,0.018000000000000002,293.29146028171164,38.107248884604296,kmag,green19,using APOGEE DR16 feh and IRFM teff
KIC3112152,4.042701266524388,0.020221513076358458,-0.0082290005,0.01086914,0.002128475534915428,2.3514654637248268e-05,10.765999999999998,0.019,10.442,0.018000000000000002,290.34301932049607,38.286899144920675,kmag,green19,using APOGEE DR16 feh and IRFM teff
KIC3112889,3.9009451130528734,0.03334081098873665,-0.199819,0.013766408,0.002339925816955447,3.0353271541793525e-05,10.208,0.021,9.925,0.018000000000000002,290.5380106789846,38.24198422575043,kmag,green19,using APOGEE DR16 feh and IRFM teff
KIC3115178,3.5437082392895736,0.00967577113544288,0.12461845,0.006134064,0.002230802699163827,2.3389227326496412e-05,10.011000000000001,0.021,9.421,0.018000000000000002,291.11691830325594,38.213817615945956,kmag,green19,using APOGEE DR16 feh and IRFM teff
KIC3223000,4.367006472312776,0.09526676755670642,-0.14458900000000002,0.012144138,0.008064882276846326,7.006927110081627e-05,8.455,0.021,8.156,0.034,287.9627852603288,38.39566597017495,kmag,green19,using APOGEE DR16 feh and IRFM teff
KIC3241581,4.389115242203755,0.06147603672402473,0.21910100000000002,0.0073027927000000005,0.007733148039824818,3.8620954055524035e-05,9.101,0.022000000000000002,8.711,0.018000000000000002,293.0853050465206,38.34166868111962,kmag,green19,using APOGEE DR16 feh and IRFM teff
KIC3329196,3.553764348658376,0.031637935341764324,-0.27817154,0.007747571,0.003687585299183595,2.104483439160869e-05,8.982000000000001,0.026000000000000002,8.478,0.018000000000000002,287.6139781083662,38.48114279439915,kmag,green19,using APOGEE DR16 feh and IRFM teff
KIC3424541,3.8532970635736503,0.008541684886142039,0.279711,0.01144149,0.003198730322999267,2.8134528388818565e-05,8.863,0.019,8.613999999999999,0.024,285.17906527017163,38.57362018548515,kmag,green19,using APOGEE DR16 feh and IRFM teff
KIC3427720,4.390080811577168,0.010963291573225993,-0.0044067,0.010571108000000001,0.010707861664233377,2.632074417220617e-05,8.094,0.02,7.8260000000000005,0.017,286.4382560026279,38.52262835693347,kmag,green19,using APOGEE DR16 feh and IRFM teff
KIC3429205,3.487446604382167,0.007848839382371997,-0.02849155,0.0070922924,0.0034410391191519504,2.3558042629147076e-05,8.716000000000001,0.037000000000000005,8.183,0.02,287.0070337616333,38.52538571912825,kmag,green19,using APOGEE DR16 feh and IRFM teff
KIC3430893,4.187437827028575,0.023392503287015358,-0.020307,0.011217651,0.003481765864196545,2.3377313744692613e-05,9.836,0.021,9.519,0.017,287.62135117974776,38.538486509213726,kmag,green19,using APOGEE DR16 feh and IRFM teff
KIC3437637,3.8578289973445554,0.024370235894041737,-0.135479,0.008984596999999999,0.002677070740577992,2.9209311975746182e-05,10.14,0.027000000000000003,9.682,0.018000000000000002,289.76039294023775,38.575285918186395,kmag,green19,using APOGEE DR16 feh and IRFM teff
KIC3438633,3.947594297878366,0.017936895681940894,-0.172179,0.01425861,0.002346962642649052,2.779121561906524e-05,10.184,0.019,9.922,0.017,290.02825727825206,38.59797388242753,kmag,green19,using APOGEE DR16 feh and IRFM teff
KIC3545753,3.8294444668627454,0.03894902603752673,-0.23054154,0.020204782,0.0021695310623933667,2.3641097556435684e-05,9.987,0.021,9.675,0.018000000000000002,291.7271257694145,38.689477715274045,kmag,green19,using APOGEE DR16 feh and IRFM teff
KIC3630240,3.3227538930686635,0.012179247566593108,-0.5829715999999999,0.009947002,0.0017076015186085903,2.6273681416432124e-05,10.265999999999998,0.022000000000000002,9.73,0.017,286.51700433122045,38.72657875626482,kmag,green19,using APOGEE DR16 feh and IRFM teff
KIC3632418,3.8010753109724513,0.02156491450745548,-0.091896005,0.013178114,0.009235910602542276,3.230708740761089e-05,7.229,0.032,6.945,0.018000000000000002,287.36196731685897,38.71413838052882,kmag,green19,using APOGEE DR16 feh and IRFM teff
KIC3633847,4.0155489850677615,0.03428916148996044,0.164461,0.010259906,0.0035613612598080968,5.6342212231332684e-05,9.265,0.022000000000000002,8.972000000000001,0.018000000000000002,287.8961603529516,38.74379584761459,kmag,green19,using APOGEE DR16 feh and IRFM teff
KIC3633889,4.269384366084446,0.014418293760058591,-0.116549,0.014764656999999999,0.005195750046215034,2.521205806241453e-05,9.212,0.022000000000000002,8.946,0.018000000000000002,287.9141350847669,38.73456885165679,kmag,green19,using APOGEE DR16 feh and IRFM teff
KIC3642422,3.6168921232367817,0.04353397140031685,0.03989845,0.0073691574,0.00273427257562015,5.0669349385215325e-05,8.977,0.021,8.493,0.018000000000000002,290.5399483790872,38.760306531400225,kmag,green19,using APOGEE DR16 feh and IRFM teff
KIC3643774,4.149764603874357,0.015797413083817085,0.212721,0.00911323,0.005358582286245501,2.6679888179404904e-05,8.89,0.02,8.572000000000001,0.017,290.9470668778781,38.77706175365137,kmag,green19,using APOGEE DR16 feh and IRFM teff
KIC3656476,4.22600216715159,0.007973210340193285,0.24156100000000003,0.0071110222,0.008735325993096062,2.5428765949993292e-05,8.382,0.024,8.008,0.017,294.2039287839221,38.71591251963522,kmag,green19,using APOGEE DR16 feh and IRFM teff
KIC3657002,4.157426171428252,0.02645048722551615,0.135811,0.009349362,0.006061532772919417,2.9322508029842923e-05,8.737,0.023,8.427,0.02,294.33265110237653,38.74471821259211,kmag,green19,using APOGEE DR16 feh and IRFM teff
KIC3661135,3.942929655483717,0.014505008628794232,0.00360985,0.00850113,0.003458845974828332,3.357828480433447e-05,9.65,0.021,9.241,0.017,295.26355752691325,38.74576478606007,kmag,green19,using APOGEE DR16 feh and IRFM teff
KIC3730801,4.1209504824515655,0.0168903851411121,0.192991,0.00979722,0.002751533518299869,2.253401401133213e-05,10.368,0.02,10.015,0.015,286.11974867103766,38.81169925578071,kmag,green19,using APOGEE DR16 feh and IRFM teff
KIC3733735,4.297973478255522,0.00960666377739414,-0.005684399999999999,0.017406479,0.00977741180592977,2.7185261446399504e-05,7.5329999999999995,0.018000000000000002,7.374,0.021,287.2581560064136,38.899730155758455,kmag,green19,using APOGEE DR16 feh and IRFM teff
KIC3735871,4.405951081075005,0.012131043020856998,-0.0036517002,0.010956451,0.008213453724282702,2.613130909246497e-05,8.732000000000001,0.027000000000000003,8.477,0.018000000000000002,288.06919662698033,38.81757141752832,kmag,green19,using APOGEE DR16 feh and IRFM teff
KIC3854781,4.016246389661782,0.01375104106602202,0.308321,0.007137720500000001,0.0030444461630352738,2.8633967065165162e-05,10.003,0.022000000000000002,9.634,0.018000000000000002,292.63968809497464,38.91403197192479,kmag,green19,using APOGEE DR16 feh and IRFM teff
KIC3942719,3.8382811802175607,0.012793897063195937,-0.31225154,0.013612909,0.0030784353656663965,4.543535908389475e-05,9.547,0.02,9.131,0.018000000000000002,287.9924951449109,39.03704189015113,kmag,green19,using APOGEE DR16 feh and IRFM teff
KIC3952307,3.887471799368021,0.029301506142647763,0.0061256,0.010908351,0.0029424392644576062,2.909528476433522e-05,9.565,0.018000000000000002,9.248,0.018000000000000002,290.9361423530763,39.000647146137226,kmag,green19,using APOGEE DR16 feh and IRFM teff
KIC3952580,3.7589625889859377,0.014179904069248,0.038933999999999996,0.011734356000000001,0.0024639781261735355,2.879345337855644e-05,9.302999999999999,0.018000000000000002,9.001,0.018000000000000002,291.0203567708545,39.01637935472562,kmag,green19,using APOGEE DR16 feh and IRFM teff
KIC3967859,4.150486753081653,0.05636003505610813,-0.33564898,0.012734026,0.0050341271473956116,3.73243279342521e-05,9.557,0.02,9.231,0.017,294.9674846394449,39.047628649549814,kmag,green19,using APOGEE DR16 feh and IRFM teff
KIC4038445,3.612187253980105,0.009470078549182909,-0.7108315,0.010053649,0.00218192107358911,3.089348110191545e-05,10.224,0.02,9.682,0.016,285.51669653815065,39.11428328468201,kmag,green19,using APOGEE DR16 feh and IRFM teff
KIC4049576,3.9304610180428927,0.057507221835717125,-0.164929,0.01168288,0.002236214393130909,2.236139873118517e-05,10.367,0.018000000000000002,9.993,0.018000000000000002,289.4498097716263,39.186912651602036,kmag,green19,using APOGEE DR16 feh and IRFM teff
KIC4064447,3.381524970696168,0.033286312250529554,-0.16101155,0.012491538,0.0012157423711984556,2.5501089231828112e-05,10.213,0.022000000000000002,9.71,0.018000000000000002,293.43099672892595,39.15178435155021,kmag,green19,using APOGEE DR16 feh and IRFM teff
KIC4072740,3.327875085125988,0.008010869786033558,0.18293846,0.005921165999999999,0.003884245372439582,2.4153183290274896e-05,8.137,0.03,7.535,0.024,295.41806747291224,39.17299444806633,kmag,green19,using APOGEE DR16 feh and IRFM teff
KIC4165030,3.974200530176075,0.01639863776656867,-0.39158154,0.018652901,0.002886185550076736,2.217419048010064e-05,10.359000000000002,0.021,9.943,0.018000000000000002,293.3704352611008,39.26274754821213,kmag,green19,using APOGEE DR16 feh and IRFM teff
KIC4243623,3.6085698364005983,0.01128434513707123,-0.31921154,0.007908848000000001,0.002879974159301737,2.576420885559036e-05,9.769,0.021,9.149,0.017,285.50848678159235,39.35136088740829,kmag,green19,using APOGEE DR16 feh and IRFM teff
KIC4247542,4.0443747421414855,0.059053368207708824,-0.408469,0.017105486,0.0023469985692470617,2.1224471998963286e-05,10.564,0.023,10.264000000000001,0.018000000000000002,287.06838862459057,39.35524847951939,kmag,green19,using APOGEE DR16 feh and IRFM teff
KIC4346201,3.9356333058928112,0.02043400492023525,-0.239279,0.012638723999999999,0.0039291205032288105,9.378442577607279e-05,8.956,0.021,8.609,0.02,285.2860172897109,39.49827279019023,kmag,green19,using APOGEE DR16 feh and IRFM teff
KIC4347652,3.330179592899793,0.0512467661394664,0.07333545400000001,0.0065362373999999996,0.001767942857225425,2.853839660367949e-05,9.735,0.021,9.17,0.017,285.9073487836037,39.40626202089854,kmag,green19,using APOGEE DR16 feh and IRFM teff
KIC4351319,3.4979661533725275,0.007985663270269427,0.25916845,0.0057708722999999995,0.0038622168492948978,2.238460893615121e-05,8.472999999999999,0.027000000000000003,7.909,0.02,287.39870343931386,39.49752934960674,kmag,green19,using APOGEE DR16 feh and IRFM teff
KIC4378838,3.5107569772944087,0.013168555402007624,0.30731845,0.0057294755,0.002238465924435421,2.650162278754133e-05,9.537,0.022000000000000002,8.93,0.017,295.00919840487165,39.46422226170151,kmag,green19,using APOGEE DR16 feh and IRFM teff
KIC4446300,3.8566409706473923,0.016275494582228812,-0.01181555,0.008621089,0.004060480389967332,2.7243598374366227e-05,9.33,0.021,8.838,0.017,285.35843473482487,39.565502910072155,kmag,green19,using APOGEE DR16 feh and IRFM teff
KIC4450844,4.08111159871286,0.00901357439039647,-0.185499,0.010763436000000001,0.004483143542281449,2.266878593626859e-05,9.424,0.021,9.033,0.023,287.3148859026392,39.53831763368832,kmag,green19,using APOGEE DR16 feh and IRFM teff
KIC4457351,3.9676204652853646,0.017073432292945553,-0.273469,0.009474037,0.0033188668191208495,3.5356781903282225e-05,9.847000000000001,0.018000000000000002,9.424,0.016,289.5538465014463,39.56550614915529,kmag,green19,using APOGEE DR16 feh and IRFM teff
KIC4465324,4.1858491563541405,0.01822325265404876,0.078705,0.011014817,0.0034378864532094936,2.8408566679834886e-05,10.283,0.027000000000000003,9.902000000000001,0.019,291.8913898051817,39.58118129190865,kmag,green19,using APOGEE DR16 feh and IRFM teff
KIC4543171,4.126900149469165,0.021582865958724544,0.181381,0.009413725999999999,0.004127223488241538,2.58942606520363e-05,9.379,0.02,9.062999999999999,0.02,285.2371779543625,39.66641176283297,kmag,green19,using APOGEE DR16 feh and IRFM teff
KIC4571351,4.064367512930018,0.05058214653864437,0.206091,0.011374883999999998,0.0037312854579630837,2.671045585544836e-05,9.789,0.022000000000000002,9.48,0.018000000000000002,294.2964897119716,39.695934257922566,kmag,green19,using APOGEE DR16 feh and IRFM teff
KIC4571904,3.8461699642167746,0.021178071130152243,0.035419002000000005,0.01746246,0.0015225288472804936,0.0003022058033081099,10.619000000000002,0.024,10.306,0.022000000000000002,294.4362762282043,39.64271772085058,kmag,green19,using APOGEE DR16 feh and IRFM teff
KIC4574610,3.8016096208569214,0.02156038304052857,-0.02634455,0.026489022999999997,0.004261153598772278,3.0208946164606624e-05,7.9270000000000005,0.023,7.686,0.024,295.06439472619763,39.682891304168685,kmag,green19,using APOGEE DR16 feh and IRFM teff
KIC4577484,3.84283774539245,0.05842974579624052,0.08695,0.0072309407,0.0027044433623008655,3.32772723574819e-05,9.73,0.025,9.283,0.013999999999999999,295.68290735770273,39.618849411240134,kmag,green19,using APOGEE DR16 feh and IRFM teff
KIC4586099,4.0169163219421264,0.015497010207936843,-0.146209,0.014570186,0.005509982592045252,2.950665359887846e-05,8.26,0.024,7.98,0.026000000000000002,297.4098620518977,39.6463552804419,kmag,green19,using APOGEE DR16 feh and IRFM teff
KIC4638884,4.052313504145458,0.009260221159951386,0.068835996,0.015222301,0.003932303020226733,2.4994028626253574e-05,9.019,0.019,8.752,0.017,286.4077527189409,39.719398840828376,kmag,green19,using APOGEE DR16 feh and IRFM teff
KIC4641621,3.60879020175298,0.045060666131109386,-0.18921155,0.017869327,0.0013283461244715205,2.003958364799081e-05,10.559000000000001,0.024,10.177999999999999,0.018000000000000002,287.58883225978286,39.71147159826272,kmag,green19,using APOGEE DR16 feh and IRFM teff
KIC4672403,3.991318340763424,0.020542197498755396,0.166251,0.009036513000000001,0.0027580515679220324,3.154653774156632e-05,10.064,0.023,9.699,0.013999999999999999,296.1616215928645,39.78177709864818,kmag,green19,using APOGEE DR16 feh and IRFM teff
KIC4739932,4.0046832333555775,0.03715418538479867,0.037931003,0.009197534,0.0022582633775015066,2.338255881339056e-05,10.540999999999999,0.025,10.176,0.018000000000000002,289.7565029602037,39.8720242975967,kmag,green19,using APOGEE DR16 feh and IRFM teff
KIC4755204,4.0809183633674815,0.014634942564748281,-0.038684998,0.010073299499999999,0.003991338497849052,4.23394766513371e-05,9.56,0.02,9.263,0.018000000000000002,294.1491090249452,39.81192203910828,kmag,green19,using APOGEE DR16 feh and IRFM teff
KIC4756112,3.7826716149752806,0.045001685130650636,-0.03076255,0.020405563,0.001948142535679065,2.670444188180816e-05,9.89,0.024,9.59,0.022000000000000002,294.37733055100466,39.855695785772326,kmag,green19,using APOGEE DR16 feh and IRFM teff
KIC4841753,3.889288740121392,0.040937069860268537,0.152341,0.010964526,0.0018161544405801925,2.361621917367921e-05,10.651,0.02,10.312999999999999,0.017,293.52514582699143,39.99118294932861,kmag,green19,using APOGEE DR16 feh and IRFM teff
KIC4842436,4.07152281450617,0.059734727109588624,0.180361,0.0079295635,0.0030985448422735425,4.0238712983383084e-05,10.232999999999999,0.02,9.874,0.018000000000000002,293.72769027355616,39.90733619554557,kmag,green19,using APOGEE DR16 feh and IRFM teff
KIC4846457,3.796295157258888,0.03819906889028788,0.28121102,0.008387618000000001,0.0018853327989424612,2.92215886186925e-05,10.07,0.022000000000000002,9.771,0.024,294.7394102024715,39.998093942555506,kmag,green19,using APOGEE DR16 feh and IRFM teff
KIC4914923,3.78701787273985,0.02148221528494324,0.10944100000000001,0.0087325545,0.008217493631851603,9.0186391019956e-05,8.285,0.024,7.935,0.023,289.1454889245425,40.0480745377673,kmag,green19,using APOGEE DR16 feh and IRFM teff
KIC4915148,3.666209707256525,0.008851610104973292,0.11376845,0.0062293187,0.003792755899296645,2.169261080748916e-05,9.158,0.018000000000000002,8.609,0.018000000000000002,289.21022402809456,40.0191251618955,kmag,green19,using APOGEE DR16 feh and IRFM teff
KIC4947253,3.9160644125921453,0.023259134437089605,-0.12364155,0.017163832,0.0026290554734164097,2.4874177633916388e-05,9.943,0.021,9.621,0.02,297.5143175319795,40.05043795204371,kmag,green19,using APOGEE DR16 feh and IRFM teff
KIC5021689,4.035216989508906,0.014841666173424032,-0.057155,0.012903208000000001,0.005586635143963099,2.4799901495212492e-05,8.472999999999999,0.019,8.196,0.021,294.7196964754528,40.15347221624359,kmag,green19,using APOGEE DR16 feh and IRFM teff
KIC5033245,3.545540416442398,0.00950331954898185,0.15106845,0.006543076,0.002439214686279623,3.9573005916451935e-05,9.478,0.02,8.927999999999999,0.018000000000000002,297.13011963177644,40.19169911275739,kmag,green19,using APOGEE DR16 feh and IRFM teff
KIC5084157,4.1975324253936765,0.012267260772532318,0.169101,0.007896855999999999,0.002936443875983261,2.1242161663020963e-05,10.519,0.024,10.175,0.018000000000000002,286.6882469172991,40.233242032369354,kmag,green19,using APOGEE DR16 feh and IRFM teff
KIC5110725,3.4098422460410958,0.009569759160036936,0.37114844,0.0052684285,0.0026093804036159195,2.4436613979136424e-05,9.377,0.02,8.769,0.018000000000000002,294.9226663938278,40.284672855763496,kmag,green19,using APOGEE DR16 feh and IRFM teff
KIC5214711,3.9668772265872128,0.054266626199336386,-0.010239,0.0137232365,0.002719153007305382,2.5568577733734083e-05,9.9,0.019,9.615,0.018000000000000002,298.3646223477048,40.34362316289415,kmag,green19,using APOGEE DR16 feh and IRFM teff
KIC5253542,4.319496475736112,0.027427987522617263,0.208511,0.00733632,0.0058396473648444965,2.425688678726834e-05,9.455,0.027999999999999997,9.068999999999999,0.02,283.72177369582823,40.491768387112,kmag,green19,using APOGEE DR16 feh and IRFM teff
KIC5265656,3.6646639327608086,0.09394768222719133,0.35883844,0.0059935628,0.002778872986463435,2.1093856354066898e-05,9.531,0.022000000000000002,9.004,0.019,288.91450828871837,40.41912793685249,kmag,green19,using APOGEE DR16 feh and IRFM teff
KIC5344612,4.065412273588957,0.03765949215524629,-0.075982004,0.011998998,0.002608253950690805,2.7940738519426376e-05,10.134,0.02,9.849,0.017,285.3908688411218,40.51716866965096,kmag,green19,using APOGEE DR16 feh and IRFM teff
KIC5353186,3.9046229015576537,0.014288936120371075,0.138231,0.010828134,0.0018318078658552633,2.085003323329624e-05,10.453,0.02,10.156,0.016,288.9116188595277,40.59505542352288,kmag,green19,using APOGEE DR16 feh and IRFM teff
KIC5371516,3.9727242668026985,0.014930590832950194,0.14525099,0.012576251,0.007532083306847771,3.136390631730387e-05,7.4270000000000005,0.035,7.202000000000001,0.018000000000000002,294.36531821376695,40.58874654209039,kmag,green19,using APOGEE DR16 feh and IRFM teff
KIC5390438,3.3856117360497358,0.00932972582559311,0.21966845,0.0057467814,0.0028904985246739957,4.890860089748168e-05,8.986,0.021,8.377,0.018000000000000002,298.6342977464512,40.597683530667204,kmag,green19,using APOGEE DR16 feh and IRFM teff
KIC5429911,3.5783049516926853,0.024598970984856024,0.02774545,0.0071107442000000005,0.004394786389666975,2.661732056218091e-05,8.04,0.034,7.5329999999999995,0.017,285.0525451314505,40.6117814793989,kmag,green19,using APOGEE DR16 feh and IRFM teff
KIC5431016,3.9657493758283886,0.045843954292766984,-0.130719,0.01830977,0.002311130737839568,4.6267838535656096e-05,9.846,0.021,9.613999999999999,0.017,285.5891210631675,40.60526191890258,kmag,green19,using APOGEE DR16 feh and IRFM teff
KIC5450445,3.9880702625358064,0.018650419033554032,0.053742002999999997,0.010405556,0.004251314846016598,2.6338000866301613e-05,8.827,0.019,8.502,0.019,292.452380208253,40.631652101468504,kmag,green19,using APOGEE DR16 feh and IRFM teff
KIC5512589,4.0618311615238545,0.010853501671573243,0.073533,0.008728778000000001,0.0053381794581172475,2.5532235988979703e-05,8.888,0.024,8.562999999999999,0.018000000000000002,283.7329288393197,40.77556301193342,kmag,green19,using APOGEE DR16 feh and IRFM teff
KIC5516982,4.197846882865348,0.012993354229978629,-0.049700997999999996,0.014039626000000001,0.005335579720946718,2.4593837281951254e-05,8.857000000000001,0.023,8.594,0.017,285.9149285670851,40.704933203962284,kmag,green19,using APOGEE DR16 feh and IRFM teff
KIC5523099,3.798394508022808,0.019607895027809446,-0.010872,0.0079946,0.0021694124966159284,2.1201123466956032e-05,10.379000000000001,0.022000000000000002,9.934,0.018000000000000002,288.46794719580816,40.75781614667841,kmag,green19,using APOGEE DR16 feh and IRFM teff
KIC5530375,3.693205699085578,0.020541485956297942,-0.12603155,0.017898517,0.0028368840719475005,0.00015441374994926043,9.329,0.021,8.991,0.017,290.7542372725873,40.724473109253296,kmag,green19,using APOGEE DR16 feh and IRFM teff
KIC5543462,4.202776334874444,0.0709787280238563,-0.216849,0.015677346,0.003676145652031341,2.8239107107703527e-05,10.167,0.022000000000000002,9.824,0.025,294.6389416111113,40.70651477108459,kmag,green19,using APOGEE DR16 feh and IRFM teff
KIC5607242,3.7663379817330473,0.007729745828344339,-0.10312155,0.010347547,0.0029479806118021803,2.0331823210577084e-05,9.504,0.02,9.031,0.018000000000000002,287.6464041981885,40.843211141078974,kmag,green19,using APOGEE DR16 feh and IRFM teff
KIC5629080,3.5560341417309034,0.010125660048264262,-0.23971155,0.008861516,0.0031922156864006147,2.7572017497294364e-05,9.036,0.044000000000000004,8.487,0.024,294.47863578523413,40.83172346939164,kmag,green19,using APOGEE DR16 feh and IRFM teff
KIC5636956,3.9725636602295498,0.0176591760642748,0.135951,0.012594188999999999,0.0023859474550295048,2.36103795721123e-05,9.916,0.026000000000000002,9.602,0.012,296.4064310415427,40.83686266606571,kmag,green19,using APOGEE DR16 feh and IRFM teff
KIC5683538,3.7868254255575993,0.07619779616260515,-0.55038154,0.024741917999999998,0.0018593810165261633,2.0176709648156104e-05,10.407,0.023,10.115,0.023,283.14851800934366,40.98829532526419,kmag,green19,using APOGEE DR16 feh and IRFM teff
KIC5723165,3.6843613645158806,0.008402545296266415,-0.04955055,0.008183511,0.0031797384326804137,2.7889616615525584e-05,9.232999999999999,0.021,8.749,0.012,296.5618894420668,40.99550768149771,kmag,green19,using APOGEE DR16 feh and IRFM teff
KIC5773155,4.0348514435201706,0.018555906640983232,0.149821,0.010705794,0.0034233399166024767,2.7512738644278812e-05,9.399,0.021,9.101,0.017,285.34822924467073,41.019839457255934,kmag,green19,using APOGEE DR16 feh and IRFM teff
KIC5773345,4.006109725893353,0.00878094743653352,0.28942102,0.010336416999999999,0.005547873118767912,2.33961592842433e-05,8.237,0.019,7.946000000000001,0.017,285.4378322369741,41.08068118825256,kmag,green19,using APOGEE DR16 feh and IRFM teff
KIC5822889,3.3999393468027073,0.01219234599496685,-0.08265655,0.0077440105000000006,0.0017023897464350573,3.761170123830725e-05,9.633,0.021,9.056000000000001,0.017,299.49272568872027,41.06972572969498,kmag,green19,using APOGEE DR16 feh and IRFM teff
KIC5892169,3.6193028929561217,0.010324776037433522,0.05072945400000001,0.0076498569999999995,0.003804349350187652,2.563176226673801e-05,8.519,0.035,8.031,0.021,296.22027083122777,41.11473024402526,kmag,green19,using APOGEE DR16 feh and IRFM teff
KIC5950854,4.233009478728791,0.00963336462955284,-0.220939,0.011169638999999999,0.00435470296963703,2.7379627657518224e-05,9.857000000000001,0.021,9.547,0.019,288.78362158579137,41.29887104678695,kmag,green19,using APOGEE DR16 feh and IRFM teff
KIC5955122,3.886024986615444,0.00785263413801719,-0.128179,0.010935683,0.005582213610288653,2.110498709512735e-05,8.243,0.026000000000000002,7.919,0.024,290.122312484516,41.29148429874814,kmag,green19,using APOGEE DR16 feh and IRFM teff
KIC5961597,4.070604333495714,0.02627781557604565,0.106081,0.014164747,0.003095587247229808,2.5685739906204125e-05,9.432,0.022000000000000002,9.182,0.019,292.25753187066096,41.24146630520699,kmag,green19,using APOGEE DR16 feh and IRFM teff
KIC6034893,3.4485298765688848,0.015074367393863322,-0.087291546,0.0077622333,0.0019027293350737649,2.1813727468139838e-05,9.539,0.021,9.009,0.017,289.3651204677922,41.370785623610885,kmag,green19,using APOGEE DR16 feh and IRFM teff
KIC6035199,3.428296245653315,0.015880086830942552,-0.42402154,0.008254883000000001,0.0025253281722443324,4.5595955878048765e-05,9.482999999999999,0.018000000000000002,8.943999999999999,0.018000000000000002,289.46845553993626,41.33182745112699,kmag,green19,using APOGEE DR16 feh and IRFM teff
KIC6047087,4.251083041963652,0.02818779086815776,-0.16097899999999998,0.012467528,0.005116880110268238,2.286011590758217e-05,9.416,0.02,9.125,0.018000000000000002,293.2660820673912,41.39232004203185,kmag,green19,using APOGEE DR16 feh and IRFM teff
KIC6049366,3.9969320821591703,0.05138330094019631,-0.152239,0.013780331000000002,0.0025947049019551596,2.5082758081562817e-05,10.134,0.02,9.868,0.018000000000000002,293.9328704277111,41.31670210032685,kmag,green19,using APOGEE DR16 feh and IRFM teff
KIC6116048,4.276813283943271,0.008101173382868362,-0.199439,0.01206985,0.0134173175274146,2.941585025347226e-05,7.438,0.044000000000000004,7.121,0.017,289.44288473735287,41.41055332021363,kmag,green19,using APOGEE DR16 feh and IRFM teff
KIC6129877,4.24413037476184,0.027437468715843637,0.023213,0.010773238000000001,0.005589637297667284,3.7487336256354726e-05,9.099,0.018000000000000002,8.762,0.021,293.77497591077736,41.4198078925887,kmag,green19,using APOGEE DR16 feh and IRFM teff
KIC6145937,3.7438704776191467,0.01226663069278171,-0.23563156,0.009264541,0.003647296726979845,2.900833777885511e-05,8.9,0.018000000000000002,8.423,0.031,297.67635249439303,41.473111087928594,kmag,green19,using APOGEE DR16 feh and IRFM teff
KIC6232600,4.2538393313505445,0.022395300045689303,-0.25183898,0.016875483,0.008934785470832608,2.476361143561149e-05,8.022,0.024,7.755,0.024,298.87177945682964,41.58331279950416,kmag,green19,using APOGEE DR16 feh and IRFM teff
KIC6287060,4.151762433618042,0.05660192715011945,0.023579,0.00919272,0.004488643273706962,3.14757425134869e-05,9.252,0.021,8.891,0.017,292.4581382038523,41.69850980954124,kmag,green19,using APOGEE DR16 feh and IRFM teff
KIC6290627,3.4243819109410434,0.011075938625415034,-0.26969156,0.008106575999999999,0.0022960036443019157,2.641414106545168e-05,9.588,0.022000000000000002,9.017000000000001,0.017,293.5943719516441,41.60625745061184,kmag,green19,using APOGEE DR16 feh and IRFM teff
KIC6308642,3.806133189445767,0.015227831405759297,-0.15529154,0.012543114,0.003023579759379273,2.1428985462676043e-05,9.427,0.019,9.039,0.018000000000000002,298.04659845214763,41.66639921512067,kmag,green19,using APOGEE DR16 feh and IRFM teff
KIC6313425,3.7411354682812887,0.00872807453859087,-0.00945355,0.011786221999999999,0.0020075394094531533,2.9243183739006006e-05,10.128,0.02,9.737,0.02,299.080970095453,41.69447876166375,kmag,green19,using APOGEE DR16 feh and IRFM teff
KIC6370489,3.9256232007031686,0.010416453729458978,-0.36647898,0.017080968000000002,0.006850778394844858,2.797447008590441e-05,7.807,0.019,7.529,0.017,293.84150909689515,41.77650489127883,kmag,green19,using APOGEE DR16 feh and IRFM teff
KIC6430804,3.4735761378373837,0.01298545004316388,0.09086245,0.0063422383,0.0021234443985155204,1.8475251445733015e-05,9.958,0.021,9.366,0.018000000000000002,287.50898793632575,41.88938999866377,kmag,green19,using APOGEE DR16 feh and IRFM teff
KIC6442183,3.783770588232878,0.021487706345360687,-0.085913,0.009580084,0.01107888776236103,2.4303067354245056e-05,7.321000000000001,0.023,6.983,0.016,291.5800673469364,41.86991691413756,kmag,green19,using APOGEE DR16 feh and IRFM teff
KIC6508366,3.9492512086862184,0.008227984832976045,-0.046845,0.013923841000000001,0.005546270509790096,2.3018764249750086e-05,8.014,0.02,7.801,0.024,286.93163372684074,41.93773511197378,kmag,green19,using APOGEE DR16 feh and IRFM teff
KIC6520835,3.912545206915407,0.023130989139451098,0.0016634,0.012143518999999998,0.0034398503515261094,2.047124562942719e-05,9.062000000000001,0.028999999999999998,8.786,0.013999999999999999,291.31609726830743,41.91677054606697,kmag,green19,using APOGEE DR16 feh and IRFM teff
KIC6529109,3.9987636893328,0.013778902841205698,0.10605099999999999,0.008019945,0.0031072271451743298,2.5187487234733687e-05,9.902999999999999,0.021,9.557,0.013999999999999999,293.92404135464716,41.952581131429355,kmag,green19,using APOGEE DR16 feh and IRFM teff
KIC6530901,4.1726021632886665,0.04825914187973406,0.054126002,0.013754399999999998,0.0042422017711137815,3.3907558402584425e-05,9.31,0.021,9.013,0.016,294.43527828426164,41.903276603710864,kmag,green19,using APOGEE DR16 feh and IRFM teff
KIC6531928,3.578791037743484,0.011084222110007287,-0.67175156,0.009791121,0.00326102363258224,2.536163846151714e-05,9.325,0.022000000000000002,8.833,0.024,294.71256628975897,41.96604081217391,kmag,green19,using APOGEE DR16 feh and IRFM teff
KIC6592305,3.8820183719573262,0.018387782125201344,0.10183400000000001,0.010740441000000002,0.003612918535690101,2.6187024950987428e-05,8.95,0.03,8.625,0.011000000000000001,287.2529241765191,42.05480833351256,kmag,green19,using APOGEE DR16 feh and IRFM teff
KIC6593620,4.0469492607041735,0.02964389025956528,-0.25306898,0.010383683000000001,0.0032919838409229203,2.400767630157136e-05,10.125,0.02,9.762,0.011000000000000001,287.77565459171024,42.04551557946144,kmag,green19,using APOGEE DR16 feh and IRFM teff
KIC6603624,4.311135449070201,0.00828759991496108,0.20165099,0.0068847069999999995,0.012204592362716673,2.079640771050877e-05,7.917999999999999,0.024,7.566,0.024,291.04645954865845,42.05254163836772,kmag,green19,using APOGEE DR16 feh and IRFM teff
KIC6605673,4.055096139532206,0.03203247076498263,-0.237929,0.013795459,0.003046588162508959,2.5413205349296143e-05,10.007,0.023,9.704,0.016,291.67260853863337,42.06151368025952,kmag,green19,using APOGEE DR16 feh and IRFM teff
KIC6612225,4.016887224760212,0.013242735585937741,-0.283429,0.018580522,0.0032434299637006765,3.676579459628418e-05,9.506,0.021,9.237,0.012,293.58985495846275,42.08681631879463,kmag,green19,using APOGEE DR16 feh and IRFM teff
KIC6671492,3.826870689455132,0.028510505444214095,0.19734100000000002,0.00903722,0.001867913504177679,2.576405265732701e-05,10.245,0.021,9.96,0.016,284.59616301409415,42.11882866972714,kmag,green19,using APOGEE DR16 feh and IRFM teff
KIC6688822,3.8596537196021234,0.02617552204267421,0.32278103,0.006890736999999999,0.0035612839437566906,7.849411519580419e-05,8.908999999999999,0.019,8.543,0.011000000000000001,291.00157878382544,42.14608301074197,kmag,green19,using APOGEE DR16 feh and IRFM teff
KIC6689943,4.185997373710322,0.01827016022246172,0.074643,0.011369977,0.004595026046211892,2.302431541809421e-05,9.22,0.021,8.872,0.013999999999999999,291.352812497018,42.123622026219365,kmag,green19,using APOGEE DR16 feh and IRFM teff
KIC6693861,3.836096068533176,0.008407717702653212,-0.35508156,0.013044231000000002,0.0022935684898291696,2.393739425623073e-05,10.325999999999999,0.021,9.974,0.017,292.5372094942204,42.153935664697975,kmag,green19,using APOGEE DR16 feh and IRFM teff
KIC6766513,3.9060682745116586,0.012442573021542884,-0.140229,0.014479691000000001,0.001988702122204865,2.2309108730206082e-05,10.373,0.022000000000000002,10.103,0.018000000000000002,288.2697122641904,42.25708226308305,kmag,green19,using APOGEE DR16 feh and IRFM teff
KIC6802438,3.6827176234644012,0.012798538175965312,-0.20454155,0.009137689000000001,0.002963907738634712,2.627199945789874e-05,9.367,0.02,8.87,0.012,298.0107424770336,42.20221306720447,kmag,green19,using APOGEE DR16 feh and IRFM teff
KIC6806100,3.882459629571695,0.08451478219148917,0.29295844,0.0066039064,0.0022453419127383615,6.575180023365555e-05,9.916,0.024,9.501,0.018000000000000002,298.78797306994096,42.21627816565551,kmag,green19,using APOGEE DR16 feh and IRFM teff
KIC6837853,4.21945808227792,0.03314798231492744,0.187831,0.008045531,0.004004639007247923,1.9038237033507375e-05,9.995,0.027000000000000003,9.61,0.019,282.0069232120291,42.35321723059389,kmag,green19,using APOGEE DR16 feh and IRFM teff
KIC6848299,3.9001600954539657,0.014558840722021887,-0.36955154,0.0124253305,0.0031922397353471633,2.142520022274059e-05,10.035,0.021,9.571,0.013999999999999999,286.8205812464422,42.31260146042114,kmag,green19,using APOGEE DR16 feh and IRFM teff
KIC6853020,3.972559124856232,0.041886591696235334,0.148221,0.011960861000000001,0.002567589775123687,2.610500339088907e-05,9.793,0.023,9.502,0.013999999999999999,288.6733101455193,42.34251564451787,kmag,green19,using APOGEE DR16 feh and IRFM teff
KIC6863041,3.841544229742407,0.023314927569759003,0.25176102,0.007358844399999999,9.040106078317152e-05,0.00028012912405343376,10.273,0.021,9.898,0.015,291.8135393631154,42.362093844669936,kmag,green19,using APOGEE DR16 feh and IRFM teff
KIC6933899,4.0914242885911145,0.0077990122205270985,0.033857,0.009517573,0.006232995393205254,3.125894004322696e-05,8.5,0.02,8.171,0.021,286.74285376207405,42.435392462787405,kmag,green19,using APOGEE DR16 feh and IRFM teff
KIC6947945,3.7941489275048967,0.010977811184577541,-0.07018055,0.008910153,0.00286682557917845,3.7864732785466064e-05,9.774,0.02,9.328,0.015,291.6013069926766,42.48449151948921,kmag,green19,using APOGEE DR16 feh and IRFM teff
KIC7038145,3.828959782350663,0.025902966377552086,0.29493102,0.008359815999999999,0.0016289847733398058,2.3018132656648743e-05,10.561,0.018000000000000002,10.267000000000001,0.018000000000000002,293.1982500722225,42.5555801554328,kmag,green19,using APOGEE DR16 feh and IRFM teff
KIC7103006,4.0357090678153895,0.008501851690389903,0.11524100000000001,0.013220333,0.006401729340537688,2.4502073896832013e-05,7.922999999999999,0.021,7.702000000000001,0.021,286.7330618145741,42.671972945533454,kmag,green19,using APOGEE DR16 feh and IRFM teff
KIC7106245,4.338421633376248,0.011715386075536785,-0.14434901,0.010955051499999998,0.005058833579325963,2.137381514692332e-05,9.742,0.023,9.419,0.011000000000000001,288.00930296833616,42.67220189709535,kmag,green19,using APOGEE DR16 feh and IRFM teff
KIC7107778,3.648102823608329,0.01031411634229463,0.08690045,0.006587956999999999,0.0016632553847167962,2.299812740515897e-05,9.895,0.021,9.381,0.013999999999999999,288.57750916207215,42.64702094112845,kmag,green19,using APOGEE DR16 feh and IRFM teff
KIC7133688,4.022927767545489,0.05868479886174687,-0.0079270005,0.016156752,0.002240435140823192,3.667393284863189e-05,10.206,0.023,9.943,0.012,296.1565337470145,42.60727569281262,kmag,green19,using APOGEE DR16 feh and IRFM teff
KIC7174470,3.924654731336387,0.03882675488113598,0.230121,0.009234051,0.0025130005528583442,2.2340626973708244e-05,9.818999999999999,0.022000000000000002,9.465,0.011000000000000001,281.50330060397437,42.732877473293186,kmag,green19,using APOGEE DR16 feh and IRFM teff
KIC7174707,3.839159217907284,0.007592758719961214,0.040295452,0.007946957,0.002770517764471344,2.28439139519041e-05,10.047,0.021,9.582,0.011000000000000001,281.64427704135113,42.75925607124283,kmag,green19,using APOGEE DR16 feh and IRFM teff
KIC7206837,4.183349155389552,0.0097863241756512,0.188621,0.013165131000000002,0.005147679691275283,2.77174987817469e-05,8.828,0.021,8.575,0.013999999999999999,293.7656768034555,42.73800270761938,kmag,green19,using APOGEE DR16 feh and IRFM teff
KIC7216846,3.604772631158788,0.014636848363576416,0.12295845,0.0068874685,0.0022535251275595906,2.492352019423851e-05,9.777999999999999,0.02,9.24,0.012,296.3320655399625,42.719647661994536,kmag,green19,using APOGEE DR16 feh and IRFM teff
KIC7264595,3.6776088977612287,0.037059378038231824,-0.15120155,0.012608021,0.0019026238907482419,2.3635611601875332e-05,10.154,0.027000000000000003,9.747,0.021,285.4778225487468,42.8707029379463,kmag,green19,using APOGEE DR16 feh and IRFM teff
KIC7282890,3.8794977085134064,0.013636646710364582,0.066723,0.012437263,0.004599489837990597,2.389292784401651e-05,8.168,0.024,7.941,0.016,292.05486873733884,42.863643947189594,kmag,green19,using APOGEE DR16 feh and IRFM teff
KIC7296438,4.2102686419942605,0.007947384849007519,0.21036100000000002,0.007674032,0.006036345933374768,2.60592293302049e-05,8.988999999999999,0.039,8.645,0.012,295.87221939754806,42.8811453455083,kmag,green19,using APOGEE DR16 feh and IRFM teff
KIC7341231,3.7692079277714696,0.021605448975381417,-1.7849616000000001,0.019917795,0.004274651696167771,2.227691890186308e-05,8.564,0.023,8.166,0.013000000000000001,283.57087175824864,42.9845391014131,kmag,green19,using APOGEE DR16 feh and IRFM teff
KIC7376493,4.067402033923058,0.017163039612186844,-0.036989997999999996,0.010062637,0.0031314761263730295,2.493738748772081e-05,10.350999999999999,0.02,9.958,0.013999999999999999,295.6866870138399,42.921768784299246,kmag,green19,using APOGEE DR16 feh and IRFM teff
KIC7383120,4.209175236877352,0.023059877005349918,-0.13866900000000001,0.012207061000000002,0.0038216490586657245,2.8586869744332145e-05,9.87,0.021,9.557,0.013999999999999999,297.23764068031954,42.97528073735229,kmag,green19,using APOGEE DR16 feh and IRFM teff
KIC7386523,3.9052184904894034,0.032280115764157125,0.00686695,0.016877776,0.002018369485090915,2.4171540784521638e-05,10.440999999999999,0.022000000000000002,10.091000000000001,0.015,297.9508173371449,42.99111118164818,kmag,green19,using APOGEE DR16 feh and IRFM teff
KIC7429287,4.072994789500523,0.01675153619690551,-0.37189898,0.011592306,0.0030688571282451145,2.249306090633921e-05,10.29,0.02,9.92,0.015,286.3960422093417,43.07565655365099,kmag,green19,using APOGEE DR16 feh and IRFM teff
KIC7448374,3.829527831563416,0.019143053953944483,0.17553845,0.010255171,0.0035983435320375563,2.7717462147558882e-05,9.078,0.028999999999999998,8.693999999999999,0.015,292.863214148623,43.03446532537304,kmag,green19,using APOGEE DR16 feh and IRFM teff
KIC7529180,4.259426994501409,0.014982301832555266,0.054974,0.018515913000000002,0.009076188559490916,3.4831240694619535e-05,7.63,0.02,7.4479999999999995,0.02,292.25678841329056,43.176427806362746,kmag,green19,using APOGEE DR16 feh and IRFM teff
KIC7534011,3.941741370706788,0.015215748501933168,0.305721,0.0062788133999999995,0.0032458185722389625,2.475403787205973e-05,9.347000000000001,0.021,8.925,0.016,293.64508193155467,43.1847827968491,kmag,green19,using APOGEE DR16 feh and IRFM teff
KIC7584900,3.417601800780618,0.007460716338100716,0.29063845,0.0055202440000000005,0.001809774468736035,4.3987038142069856e-05,9.719,0.021,9.095,0.011000000000000001,282.3893098324809,43.28173938538623,kmag,green19,using APOGEE DR16 feh and IRFM teff
KIC7591963,3.9961294962197136,0.026616943057523032,0.074598,0.009544027,0.0022766412262227908,2.102016235590133e-05,10.474,0.024,10.128,0.022000000000000002,285.85270095472663,43.21430671746014,kmag,green19,using APOGEE DR16 feh and IRFM teff
KIC7611858,4.141516691328203,0.07917586335607649,0.059057000000000005,0.009245604000000001,0.003320716640156478,2.702777795008749e-05,10.11,0.018000000000000002,9.766,0.02,293.15335091392535,43.28651117046008,kmag,green19,using APOGEE DR16 feh and IRFM teff
KIC7628676,3.602016786132475,0.014164259116069909,-0.06403455,0.007622533000000001,0.002551934069242381,9.545917020369407e-05,9.345,0.021,8.823,0.015,297.47555349611,43.20547302602705,kmag,green19,using APOGEE DR16 feh and IRFM teff
KIC7668623,3.8730952522994095,0.017163541487559667,0.00042699999999999997,0.013650246000000001,0.004119377569669552,1.9186459643818137e-05,8.4,0.02,8.155,0.021,286.2608427782693,43.379640074754704,kmag,green19,using APOGEE DR16 feh and IRFM teff
KIC7680114,4.179847758897985,0.007978992418137312,0.07463,0.00879099,0.0058605676213374066,2.331128168314272e-05,9.012,0.037000000000000005,8.673,0.011000000000000001,290.98527476094137,43.314865735591106,kmag,green19,using APOGEE DR16 feh and IRFM teff
KIC7700968,4.247549706817711,0.08956018020161935,-0.37740898,0.010273069000000001,0.005938876876160232,0.00022225369546854492,9.256,0.022000000000000002,8.856,0.015,297.34192962311124,43.333792078023,kmag,green19,using APOGEE DR16 feh and IRFM teff
KIC7739672,4.086739179616258,0.06763237202228145,0.120781,0.009893586999999999,0.0030134555611216994,1.871215474834862e-05,9.931000000000001,0.019,9.626,0.012,286.3145026508642,43.462532833101776,kmag,green19,using APOGEE DR16 feh and IRFM teff
KIC7747078,3.789593518789488,0.021521635548226798,-0.196519,0.011325293,0.005602577902874084,2.71709738692438e-05,8.294,0.027000000000000003,7.976,0.021,289.72571380981213,43.496146900652725,kmag,green19,using APOGEE DR16 feh and IRFM teff
KIC7771282,4.122008531889886,0.02111246406718325,-0.049161,0.011667982,0.0032470366478920365,2.537415695307781e-05,9.801,0.022000000000000002,9.532,0.013000000000000001,297.3702529744352,43.429474569079495,kmag,green19,using APOGEE DR16 feh and IRFM teff
KIC7799349,3.6706640610173698,0.007817825974617108,0.23765846,0.0060181054,0.005484198170389129,2.031819537153801e-05,8.06,0.026000000000000002,7.518,0.016,281.0531989805502,43.53386218210304,kmag,green19,using APOGEE DR16 feh and IRFM teff
KIC7799430,3.5822840557481785,0.010053088375981406,-0.12558155,0.007001564,0.0034665119151547604,1.95560933818157e-05,9.16,0.02,8.629,0.011000000000000001,281.1116521026579,43.544873055598146,kmag,green19,using APOGEE DR16 feh and IRFM teff
KIC7800289,3.7335200628963165,0.012513737007434713,-0.22314155,0.032797507999999996,0.003137765034560666,2.137382305625633e-05,8.597999999999999,0.023,8.381,0.011000000000000001,281.65966381574486,43.54157369275063,kmag,green19,using APOGEE DR16 feh and IRFM teff
KIC7833440,4.007782176440637,0.04125659988789062,-0.36970899,0.016348348999999998,0.002886493071553429,3.110423734298833e-05,10.065,0.021,9.774,0.012,295.41610491169916,43.58313257617996,kmag,green19,using APOGEE DR16 feh and IRFM teff
KIC7870112,4.092609068039302,0.031875574704461465,0.36458102,0.006480110999999999,0.003854037587646691,2.1061424198227004e-05,9.671,0.023,9.304,0.023,282.07982270248044,43.60376539689753,kmag,green19,using APOGEE DR16 feh and IRFM teff
KIC7871531,4.453209670764366,0.009682483165569954,-0.51177156,0.008165794,0.015078801647521838,0.0002610358437779321,7.971,0.017,7.516,0.023,282.91480269717243,43.63594821558285,kmag,green19,using APOGEE DR16 feh and IRFM teff
KIC7880676,3.9710893046186606,0.03167044326711329,0.09215899599999999,0.011074444,0.0025267952968952203,2.3752409618833768e-05,9.921,0.027000000000000003,9.466000000000001,0.012,287.76729298003613,43.603090444862175,kmag,green19,using APOGEE DR16 feh and IRFM teff
KIC7910848,4.0618560575248015,0.1144733320000971,0.125461,0.010543838,0.0029768422793686284,2.374048594127206e-05,10.062999999999999,0.019,9.74,0.015,297.81766393329286,43.665881583768986,kmag,green19,using APOGEE DR16 feh and IRFM teff
KIC7914731,3.7152733422284743,0.041161808887781495,0.03578645,0.014530963999999999,0.0017149958511971219,2.2722069039752485e-05,10.286,0.035,9.923,0.027000000000000003,298.7683123168697,43.695730779039735,kmag,green19,using APOGEE DR16 feh and IRFM teff
KIC7976303,3.900313329849959,0.013464462485875356,-0.405179,0.016030775,0.0061240800794302806,2.7477998567514028e-05,8.038,0.021,7.73,0.021,297.05984307249776,43.746914558683,kmag,green19,using APOGEE DR16 feh and IRFM teff
KIC8012842,4.246720038744922,0.06919291509171603,0.16871099,0.008070437,0.0049070044398512175,2.1034989558358624e-05,9.567,0.02,9.232000000000001,0.016,284.8062019272624,43.89516335322035,kmag,green19,using APOGEE DR16 feh and IRFM teff
KIC8016496,3.980643806457938,0.042789088195113074,0.08806,0.015366518000000001,0.0020461776923544955,4.8709689947734637e-05,10.41,0.024,10.183,0.016,286.8507207026495,43.8087075996628,kmag,green19,using APOGEE DR16 feh and IRFM teff
KIC8018599,3.5934595075490843,0.008903860202612924,0.15770845,0.013935231999999999,0.0018622354030551251,2.118751629927863e-05,9.61,0.025,9.277999999999999,0.011000000000000001,287.88527010618253,43.814867072480624,kmag,green19,using APOGEE DR16 feh and IRFM teff
KIC8019508,3.7686213383461036,0.029509529699091482,0.129741,0.010590502,0.0023427204057143132,2.2950657536241637e-05,9.59,0.023,9.279,0.011000000000000001,288.3092830870426,43.85100221494724,kmag,green19,using APOGEE DR16 feh and IRFM teff
KIC8026226,3.7155117532636814,0.008263386893242167,-0.161779,0.014426342,0.005555397515916584,3.138194498227624e-05,7.476,0.021,7.229,0.023,290.903869847575,43.891326480118934,kmag,green19,using APOGEE DR16 feh and IRFM teff
KIC8027956,4.021679934583805,0.03179923176117036,0.05715800000000001,0.008846059,0.002435724406781414,1.9290592043756983e-05,10.501,0.02,10.179,0.013999999999999999,291.4937797076683,43.86118825801033,kmag,green19,using APOGEE DR16 feh and IRFM teff
KIC8045442,3.63093106975485,0.04420124944253975,-0.02795355,0.01388767,0.001990114510693684,2.5706244377433082e-05,9.825,0.022000000000000002,9.478,0.016,297.119130787405,43.829188108997606,kmag,green19,using APOGEE DR16 feh and IRFM teff
KIC8106950,4.008548936929241,0.03994411491303927,-0.34374899999999997,0.015788208999999997,0.0024482302574066824,4.049599510749601e-05,10.527000000000001,0.022000000000000002,10.177,0.015,295.01372795184693,43.99797335120835,kmag,green19,using APOGEE DR16 feh and IRFM teff
KIC8114155,4.0830272792259885,0.0478629404202346,0.047381002,0.008438933000000001,0.003234222884650989,2.522770890007806e-05,10.088,0.022000000000000002,9.721,0.016,297.1264889138135,43.901319596537924,kmag,green19,using APOGEE DR16 feh and IRFM teff
KIC8150065,4.232673288905676,0.015811457785090147,0.0072965,0.011634209,0.0038765935435306448,1.797334146492364e-05,9.771,0.02,9.457,0.016,285.0288461869014,44.02906018590601,kmag,green19,using APOGEE DR16 feh and IRFM teff
KIC8174981,3.9535506667803286,0.028190054161619262,0.038218003,0.010643426000000001,0.002950871686771528,2.5364844546926886e-05,9.585,0.02,9.277999999999999,0.016,294.9589369402246,44.046321597131254,kmag,green19,using APOGEE DR16 feh and IRFM teff
KIC8176564,4.136366686040385,0.009550956068267835,-0.136889,0.011636933,0.004699287522609257,2.6741467429468975e-05,9.309,0.019,8.996,0.013999999999999999,295.43967061410115,44.03901185982932,kmag,green19,using APOGEE DR16 feh and IRFM teff
KIC8179536,4.2839470119349965,0.009317045716270131,0.073928,0.014016273999999999,0.007045635549109437,3.6286716009839985e-05,8.508,0.02,8.277999999999999,0.012,296.34975145988585,44.07648621000197,kmag,green19,using APOGEE DR16 feh and IRFM teff
KIC8179643,3.974694842146005,0.021306784075419968,-0.29978898,0.017090354,0.0003794816873037775,0.0003646587503779429,10.134,0.025,9.843,0.012,296.38391902285395,44.04427602277483,kmag,green19,using APOGEE DR16 feh and IRFM teff
KIC8179973,3.4478455880677923,0.007609926414170881,0.055226452999999995,0.00647999,0.003352372414563528,2.1702646741001838e-05,8.795,0.027000000000000003,8.206,0.016,296.4818429935221,44.00923239885689,kmag,green19,using APOGEE DR16 feh and IRFM teff
KIC8216936,4.0195543814791055,0.023695034504897763,-0.07861599999999999,0.016343664,0.0024268013087364775,3.0480749054502808e-05,9.627,0.021,9.408999999999999,0.013999999999999999,284.34866661372536,44.1180539657339,kmag,green19,using APOGEE DR16 feh and IRFM teff
KIC8228742,4.0272690321734865,0.008538122607232999,-0.075509004,0.011691675,0.005708690961678289,2.4850099552138486e-05,8.386000000000001,0.027000000000000003,8.116,0.023,290.1999433665821,44.155233664443614,kmag,green19,using APOGEE DR16 feh and IRFM teff
KIC8241455,3.808667294582308,0.03655900269748871,-0.02540255,0.018986309,0.0024743698896038018,2.2258421780605192e-05,9.485,0.021,9.181000000000001,0.013999999999999999,294.6578494072088,44.1762846525916,kmag,green19,using APOGEE DR16 feh and IRFM teff
KIC8249189,4.111159863380362,0.030379894488323494,-0.22158899999999998,0.015195106000000002,0.0037745054092998263,0.00014019063106520424,8.964,0.028999999999999998,8.68,0.015,297.0038540439798,44.13736432398977,kmag,green19,using APOGEE DR16 feh and IRFM teff
KIC8289241,4.221944246880645,0.0300434676523192,0.070975,0.011868596,0.004636485739420899,3.009603778442606e-05,9.407,0.023,9.169,0.011000000000000001,287.6272942334692,44.28070166809754,kmag,green19,using APOGEE DR16 feh and IRFM teff
KIC8298626,4.224626350160122,0.02481425284622616,0.078995995,0.008754375,0.005409728850556431,2.781913550494969e-05,8.641,0.02,8.386000000000001,0.011000000000000001,291.3913104533488,44.2212815918458,kmag,green19,using APOGEE DR16 feh and IRFM teff
KIC8321567,4.057497064209136,0.0617969657444926,0.029166,0.009287519000000001,0.004046754187406497,4.253849024381818e-05,9.664,0.021,9.257,0.013999999999999999,298.5188423966267,44.29165610722021,kmag,green19,using APOGEE DR16 feh and IRFM teff
KIC8360349,3.837368818909388,0.012799909468998054,0.14129099,0.013062803999999999,0.005388645162398402,2.4147369604942773e-05,7.671,0.018000000000000002,7.44,0.015,289.93107089543975,44.374955897447855,kmag,green19,using APOGEE DR16 feh and IRFM teff
KIC8367710,3.9765951734722513,0.013201391105634187,0.090578996,0.011738301999999999,0.0036594006436422256,3.0791124532836175e-05,8.995,0.021,8.749,0.015,292.6382149954232,44.37020543388109,kmag,green19,using APOGEE DR16 feh and IRFM teff
KIC8394589,4.336349512452899,0.009911978668545951,-0.30133899999999997,0.014178173999999998,0.008090574510365567,2.3407625459169718e-05,8.54,0.02,8.226,0.019,300.46466582945425,44.35392573667421,kmag,green19,using APOGEE DR16 feh and IRFM teff
KIC8408931,3.721515765431186,0.03419692131700805,-0.014431,0.011729769,0.0023449523388003567,2.2870143794144902e-05,9.378,0.021,9.083,0.011000000000000001,281.03373901088014,44.44753308334752,kmag,green19,using APOGEE DR16 feh and IRFM teff
KIC8414062,4.020939522204691,0.07490285439466134,-0.21722901,0.016537596,0.003468276322282606,4.746420942940046e-05,9.937000000000001,0.022000000000000002,9.681000000000001,0.013999999999999999,284.0633877973821,44.455190667423665,kmag,green19,using APOGEE DR16 feh and IRFM teff
KIC8416311,3.904009578812834,0.02093213734070269,0.149751,0.011063102,0.002903109121399101,2.2981168961012925e-05,9.282,0.022000000000000002,9.033,0.013999999999999999,285.29533978670804,44.42583728463225,kmag,green19,using APOGEE DR16 feh and IRFM teff
KIC8424992,4.343541897449103,0.014734601401113613,-0.10870899999999999,0.011840406000000001,0.0073217823353638615,2.4446625306138482e-05,9.173,0.028999999999999998,8.843,0.013999999999999999,289.6384258949794,44.40488704003973,kmag,green19,using APOGEE DR16 feh and IRFM teff
KIC8493735,3.7428785924545354,0.02921435501845365,0.0010480001,0.009793992,0.003237232423073577,2.358047622934091e-05,9.017999999999999,0.03,8.699,0.013999999999999999,291.2378067667465,44.58767174909124,kmag,green19,using APOGEE DR16 feh and IRFM teff
KIC8493800,4.218595790191996,0.03726552193670201,0.061409000000000005,0.010652652,0.003975929093856247,2.7083763866859348e-05,9.666,0.023,9.38,0.013999999999999999,291.2604260637628,44.545374342439644,kmag,green19,using APOGEE DR16 feh and IRFM teff
KIC8499940,4.064117164918349,0.021082767028139587,0.045057002,0.010997021000000001,0.002779390834256372,2.2058439846129118e-05,10.357000000000001,0.02,10.015,0.012,293.66966289588817,44.582352854534534,kmag,green19,using APOGEE DR16 feh and IRFM teff
KIC8561221,3.6180292860922494,0.007768748769211936,-0.09090355,0.008583114499999999,0.0037835526885178702,2.488962538356371e-05,8.529,0.03,8.09,0.015,292.2852328566284,44.64126166023778,kmag,green19,using APOGEE DR16 feh and IRFM teff
KIC8574769,4.059513211742355,0.022270424654495597,0.33664099999999997,0.0067902883,0.003562816732573018,3.894447119639929e-05,9.954,0.023,9.544,0.015,296.96314715324087,44.61428857037466,kmag,green19,using APOGEE DR16 feh and IRFM teff
KIC8579578,3.9500925306280084,0.017374128502443673,0.052275002,0.01397903,0.005341026942246241,2.6678225864743942e-05,7.986000000000001,0.018000000000000002,7.768,0.02,298.17332071869305,44.60466502293605,kmag,green19,using APOGEE DR16 feh and IRFM teff
KIC8621637,3.963559731925351,0.014697099379485426,0.14994100000000002,0.008183397,0.002501008217514357,3.371110812896894e-05,10.395,0.021,10.033999999999999,0.013000000000000001,290.6348508214084,44.743984453454765,kmag,green19,using APOGEE DR16 feh and IRFM teff
KIC8656342,3.957871210183201,0.09738518418867577,-0.033710998,0.010193989,0.003356701504942861,2.673523946914317e-05,9.861,0.021,9.517000000000001,0.019,301.4448035963375,44.79319536086216,kmag,green19,using APOGEE DR16 feh and IRFM teff
KIC8677016,4.215284745003214,0.03834912994361828,-0.09263600400000001,0.009801229,0.0028440512331226945,9.280491715548959e-05,10.127,0.021,9.765,0.012,286.28668022741977,44.80861791467126,kmag,green19,using APOGEE DR16 feh and IRFM teff
KIC8694723,4.123092192478357,0.009122724070678169,-0.40307897,0.01816464,0.008265604849819518,2.873159723689778e-05,7.939,0.02,7.662999999999999,0.016,293.96040006853735,44.88078765502926,kmag,green19,using APOGEE DR16 feh and IRFM teff
KIC8696343,4.329732102223192,0.04109733953403793,-0.014541,0.009614746,0.004742975137870198,2.8376684610710726e-05,9.682,0.024,9.335,0.015,294.5183483523463,44.81536853843068,kmag,green19,using APOGEE DR16 feh and IRFM teff
KIC8702606,3.760660752481504,0.008940072943248493,-0.11317155,0.010541812,0.00554609891490736,2.8702209253209806e-05,8.089,0.03,7.684,0.027000000000000003,296.57427201060074,44.827676249596436,kmag,green19,using APOGEE DR16 feh and IRFM teff
KIC8738809,3.9054606600684423,0.012909375055221434,0.135631,0.010423847,0.0037523461245268057,3.8806377366072236e-05,8.982999999999999,0.02,8.681000000000001,0.016,284.7936308853488,44.95038325482843,kmag,green19,using APOGEE DR16 feh and IRFM teff
KIC8776961,4.030876365888629,0.014044664491579898,-0.041197000000000004,0.009942293,0.0034847400545010925,2.4763635037151665e-05,9.823,0.026000000000000002,9.442,0.019,299.2296189627958,44.93736780605313,kmag,green19,using APOGEE DR16 feh and IRFM teff
KIC8802782,3.8437296895514437,0.030719703974782176,0.301371,0.0088359965,0.001572113279741968,2.015352447112165e-05,10.705,0.021,10.405999999999999,0.013999999999999999,284.2300901379917,45.085939863831136,kmag,green19,using APOGEE DR16 feh and IRFM teff
KIC8817551,3.8081524920186176,0.0693517813457187,0.12358845,0.010424174,0.002064468542358568,2.1409366213409516e-05,10.207,0.022000000000000002,9.852,0.011000000000000001,291.31988540495604,45.011663817026594,kmag,green19,using APOGEE DR16 feh and IRFM teff
KIC8915084,4.159525423778991,0.021439473949756902,0.142591,0.009279104,0.005166446749646724,3.0087031043384326e-05,9.092,0.019,8.735,0.019,300.86803789156534,45.13051675183495,kmag,green19,using APOGEE DR16 feh and IRFM teff
KIC8938364,4.169547363384478,0.008082556167364259,-0.12359901,0.010168370999999999,0.006386187112945772,3.107697813855483e-05,8.987,0.032,8.636000000000001,0.018000000000000002,285.5409678553385,45.27755703929603,kmag,green19,using APOGEE DR16 feh and IRFM teff
KIC8940939,4.157079946685179,0.01692778025256363,-0.32458898,0.018863445,0.004192727930634786,2.750215840608554e-05,8.879,0.026000000000000002,8.612,0.012,286.77820732224006,45.2780315231954,kmag,green19,using APOGEE DR16 feh and IRFM teff
KIC8950146,4.290025554840408,0.019669014618878967,0.015434999999999999,0.013942351,0.003516499559221416,2.1566126881726042e-05,10.077,0.023,9.812000000000001,0.011000000000000001,290.8193090043152,45.24473536818636,kmag,green19,using APOGEE DR16 feh and IRFM teff
KIC8952800,3.9393229786269646,0.012670668059398206,0.125911,0.009085483,0.0024799941878309857,2.1990516894233847e-05,9.959,0.02,9.642999999999999,0.015,291.76294694711964,45.26295154101985,kmag,green19,using APOGEE DR16 feh and IRFM teff
KIC8956017,4.061972993151479,0.034780896353254064,0.15881099999999998,0.013734194,0.0031172210623766463,2.8184110435535963e-05,9.607999999999999,0.021,9.329,0.019,292.9788521895035,45.27910044560503,kmag,green19,using APOGEE DR16 feh and IRFM teff
KIC9005973,4.135094869378382,0.036232553955892505,-0.102979004,0.012299606000000001,0.0029883927238227963,2.6853351395864045e-05,10.455,0.021,10.101,0.013999999999999999,285.09983535280213,45.318021522891655,kmag,green19,using APOGEE DR16 feh and IRFM teff
KIC9025370,4.416946774498534,0.009501900332434721,-0.072565004,0.008681239,0.012239359427198108,6.856018665537225e-05,7.69,0.028999999999999998,7.372000000000001,0.028999999999999998,293.0607029854934,45.31085127149989,kmag,green19,using APOGEE DR16 feh and IRFM teff
KIC9026479,3.7841363412429367,0.012215314747096256,-0.12228155,0.010709251000000001,0.0028148240081424937,2.297946164748227e-05,9.655,0.02,9.22,0.012,293.4643789713242,45.307561864692275,kmag,green19,using APOGEE DR16 feh and IRFM teff
KIC9026685,3.9960940839111383,0.017936680517586196,0.0044758,0.008829725,0.003423567579969225,6.64456258289408e-05,9.899,0.021,9.488,0.013999999999999999,293.5498206603375,45.361425961909774,kmag,green19,using APOGEE DR16 feh and IRFM teff
KIC9049593,4.237134185950727,0.033898024494974296,0.261851,0.008756025,0.004680515397826792,2.6337353961299116e-05,9.392000000000001,0.027000000000000003,9.06,0.02,299.79141456211084,45.39168268670613,kmag,green19,using APOGEE DR16 feh and IRFM teff
KIC9051235,3.918483419465917,0.053385363275982936,0.254521,0.009791578,0.0020619275743283226,2.4784038597631037e-05,10.347999999999999,0.018000000000000002,10.005,0.015,300.21718948931306,45.35609421523183,kmag,green19,using APOGEE DR16 feh and IRFM teff
KIC9073645,3.8286008355778365,0.0410728390842646,-0.032282997,0.01189307,0.0016814331033300225,2.500768848569126e-05,10.542,0.022000000000000002,10.261,0.013999999999999999,284.37219761608225,45.44791433285707,kmag,green19,using APOGEE DR16 feh and IRFM teff
KIC9073950,3.3890845472129096,0.00933263942757656,-0.13168155,0.0073743914,0.0017239458431433762,2.5603717236770693e-05,9.943,0.02,9.416,0.013999999999999999,284.54850720848924,45.49769988208896,kmag,green19,using APOGEE DR16 feh and IRFM teff
KIC9093289,4.197223709661402,0.0689843394126659,-0.003989,0.011857198000000001,0.0031333126740827073,2.333758281729629e-05,10.152000000000001,0.02,9.875,0.012,293.4744269075385,45.480450032735135,kmag,green19,using APOGEE DR16 feh and IRFM teff
KIC9098294,4.318324885663845,0.008270039108860155,-0.092058,0.010660686,0.008229699235646969,2.4257029962646386e-05,8.722999999999999,0.024,8.363999999999999,0.012,295.0884676305697,45.489451521183284,kmag,green19,using APOGEE DR16 feh and IRFM teff
KIC9116461,4.3166294037992685,0.01586928855257948,-0.08583300599999999,0.014424808,0.008071081731871913,2.521754882691516e-05,8.341000000000001,0.019,8.13,0.015,300.0703029815934,45.453608137529706,kmag,green19,using APOGEE DR16 feh and IRFM teff
KIC9119139,3.9906452558308816,0.04966527755027657,0.221951,0.0071818777,0.003591496334869046,2.454827315336995e-05,9.722000000000001,0.021,9.286,0.016,300.8025552657357,45.439672149484466,kmag,green19,using APOGEE DR16 feh and IRFM teff
KIC9138680,3.7984454485143417,0.02798449004821272,0.238731,0.008004899000000001,0.0017680759644594936,2.2209801609017358e-05,10.45,0.021,10.144,0.013999999999999999,283.851331389565,45.54310297736686,kmag,green19,using APOGEE DR16 feh and IRFM teff
KIC9139151,4.38668120391248,0.009560176409968351,0.10554100000000001,0.010343063000000001,0.009756618199343365,2.4869397448285734e-05,8.238,0.032,7.952000000000001,0.016,284.08873848812976,45.51504132966575,kmag,green19,using APOGEE DR16 feh and IRFM teff
KIC9139163,4.195981962143737,0.01017363531364338,0.13136099999999998,0.013682594499999999,0.009813752074176207,3.150752858297327e-05,7.441,0.024,7.231,0.016,284.09234925187894,45.50729618236033,kmag,green19,using APOGEE DR16 feh and IRFM teff
KIC9143749,4.0284530656646895,0.022478154971539828,-0.031467,0.010007627,0.002845269268238735,2.8891687808952488e-05,10.059,0.021,9.705,0.013999999999999999,286.6555538663443,45.5962230667461,kmag,green19,using APOGEE DR16 feh and IRFM teff
KIC9150095,3.3252393849309128,0.015224333463044843,0.12345845,0.006070221999999999,0.0020677562501659023,2.686448069332002e-05,9.624,0.025,9.019,0.011000000000000001,289.98467963024933,45.507945277108966,kmag,green19,using APOGEE DR16 feh and IRFM teff
KIC9163769,4.2445713922794965,0.06749992688960055,0.084318995,0.014598518999999999,0.0043304717056189945,2.3804573873863768e-05,9.238999999999999,0.021,8.969,0.015,295.327566458683,45.543737033551544,kmag,green19,using APOGEE DR16 feh and IRFM teff
KIC9201604,3.522210516080167,0.016992661043044817,0.01423845,0.007179426,0.001846937542896529,2.3808858663218382e-05,10.061,0.022000000000000002,9.533999999999999,0.013000000000000001,283.2268885255451,45.69770624094929,kmag,green19,using APOGEE DR16 feh and IRFM teff
KIC9202077,4.0123973348925865,0.020762594014981543,0.174101,0.010140577,0.003462677857983666,2.6604384931633692e-05,9.269,0.022000000000000002,8.985,0.013000000000000001,283.51924769108416,45.697877054296896,kmag,green19,using APOGEE DR16 feh and IRFM teff
KIC9204313,4.082666145395527,0.1011510585510531,-0.087441005,0.009644261999999999,0.004657327222407156,2.490469236050966e-05,9.552999999999999,0.021,9.187999999999999,0.016,284.7833826379192,45.6824284328564,kmag,green19,using APOGEE DR16 feh and IRFM teff
KIC9206432,4.24706152296866,0.008276133610853794,0.231041,0.014767192,0.006801817114077573,2.186696134951526e-05,8.213,0.018000000000000002,8.067,0.02,285.9382192297268,45.60835917837853,kmag,green19,using APOGEE DR16 feh and IRFM teff
KIC9225600,4.0542529040032615,0.017133431588775658,0.22235100000000002,0.010252677,0.002942049205528545,2.6832161870892382e-05,9.831,0.021,9.527000000000001,0.016,294.63727425115,45.69251677672856,kmag,green19,using APOGEE DR16 feh and IRFM teff
KIC9226926,4.183715867139596,0.013230743426006594,-0.066265,0.019430555,0.007314594016978668,2.26462108116482e-05,7.876,0.021,7.709,0.02,295.11304924605895,45.695830921816565,kmag,green19,using APOGEE DR16 feh and IRFM teff
KIC9266926,4.064649758338022,0.01727566816486055,-0.39438897,0.011555313000000001,0.003375164488851164,2.3926055137215304e-05,10.208,0.021,9.817,0.017,284.6660243795158,45.796681989747995,kmag,green19,using APOGEE DR16 feh and IRFM teff
KIC9287845,3.881725360563923,0.04400780622955722,0.10723099999999999,0.013295227,0.0020576852656498073,2.418808668639644e-05,10.1,0.021,9.825,0.016,294.5545263774249,45.77723574394005,kmag,green19,using APOGEE DR16 feh and IRFM teff
KIC9289275,4.070610547342708,0.017517643871416085,0.129441,0.009848133,0.00531317860127003,2.565928616395992e-05,8.684,0.024,8.36,0.012,295.09448049497183,45.7765406557882,kmag,green19,using APOGEE DR16 feh and IRFM teff
KIC9292130,3.8874316576976256,0.014988439590670463,0.098758996,0.009955921999999999,0.0027815954434608978,2.360632640674712e-05,9.645,0.021,9.332,0.013999999999999999,296.06940169403856,45.70313087109089,kmag,green19,using APOGEE DR16 feh and IRFM teff
KIC9328372,4.085467570728795,0.046867383680068,0.13186099999999998,0.010462075,0.0022418136889403627,3.1773394167043246e-05,10.237,0.021,9.952,0.017,284.70781431182525,45.84927993672335,kmag,green19,using APOGEE DR16 feh and IRFM teff
KIC9353712,3.9239345484466313,0.00884063249483019,-0.079858005,0.012496358,0.0024182569588449684,2.4938417813629154e-05,9.892000000000001,0.021,9.607000000000001,0.013999999999999999,296.0444584761998,45.88921606036087,kmag,green19,using APOGEE DR16 feh and IRFM teff
KIC9353859,3.503594658821277,0.011825148847441177,-0.09279555,0.00768916,0.0018886891541348891,2.6122089296805778e-05,10.001,0.021,9.461,0.013999999999999999,296.09487877526874,45.89770543024311,kmag,green19,using APOGEE DR16 feh and IRFM teff
KIC9390670,4.110665227577284,0.037847737918431934,0.25020102,0.012233363999999998,0.004963422100664588,4.734378755143605e-05,8.671,0.026000000000000002,8.405,0.016,284.93090302617037,45.960351271709385,kmag,green19,using APOGEE DR16 feh and IRFM teff
KIC9394953,4.0227849989094535,0.05371085141517082,0.088103,0.008555345,0.002537177554439621,2.379231272544429e-05,10.367,0.021,9.982999999999999,0.013000000000000001,287.35459951309207,45.94865426907829,kmag,green19,using APOGEE DR16 feh and IRFM teff
KIC9410862,4.3033288151625415,0.011262924276192616,-0.38080898,0.0139130885,0.0049997580353816126,2.7633792646949292e-05,9.705,0.022000000000000002,9.375,0.016,294.48640709314975,45.96480221115049,kmag,green19,using APOGEE DR16 feh and IRFM teff
KIC9414381,3.876336085647879,0.013377330637833468,0.280871,0.006570301,0.0028613163318997477,2.7804135243258226e-05,9.832,0.023,9.415,0.012,295.7928719809047,45.98779065363613,kmag,green19,using APOGEE DR16 feh and IRFM teff
KIC9414417,4.018870296768391,0.009251975392926472,-0.064289,0.014357189,0.0047237906988585225,2.7571708638271602e-05,8.661,0.024,8.407,0.012,295.8028718996762,45.98796628706118,kmag,green19,using APOGEE DR16 feh and IRFM teff
KIC9446628,3.975217018884664,0.05551068581984856,-0.157399,0.013729271000000001,0.0030245630701852115,2.347910615980112e-05,9.687000000000001,0.024,9.437000000000001,0.019,282.04500719129464,46.06792117816504,kmag,green19,using APOGEE DR16 feh and IRFM teff
KIC9451741,4.262092276294749,0.02136722548390348,0.234911,0.007275806700000001,0.003963443108040093,2.586666744916242e-05,9.985,0.025,9.601,0.019,285.21161237679513,46.02137542678179,kmag,green19,using APOGEE DR16 feh and IRFM teff
KIC9455860,4.144821430836209,0.05351767614456021,-0.055273,0.017929927,0.0028416188217352777,2.550223825553034e-05,9.986,0.022000000000000002,9.754,0.011000000000000001,287.56839894585937,46.00829005058874,kmag,green19,using APOGEE DR16 feh and IRFM teff
KIC9457728,3.9898182329686023,0.02175345545152941,-0.23263899999999998,0.014767812,0.003335672700964542,2.6466611533000217e-05,9.52,0.023,9.227,0.011000000000000001,288.5996272688565,46.031785967193755,kmag,green19,using APOGEE DR16 feh and IRFM teff
KIC9458636,4.025162183426805,0.020253097595729082,-0.045218997000000004,0.010924435,0.00278169409471798,2.282691230937554e-05,10.1,0.02,9.845,0.013999999999999999,289.09138503913096,46.05705614516389,kmag,green19,using APOGEE DR16 feh and IRFM teff
KIC9468847,3.9907448718713217,0.03160726716170633,-0.06808,0.011258923999999998,0.003675662141029368,2.7158292267088576e-05,9.465,0.021,9.141,0.012,293.43431430156863,46.074841410635564,kmag,green19,using APOGEE DR16 feh and IRFM teff
KIC9512063,3.873329011800253,0.009731276646920379,-0.23920155,0.015292908999999999,0.004713084591953638,2.0568608305487677e-05,8.697000000000001,0.027000000000000003,8.377,0.013000000000000001,284.3472692838562,46.183988120904814,kmag,green19,using APOGEE DR16 feh and IRFM teff
KIC9542776,3.783804817392448,0.05282703777553672,-0.05669655,0.036853783,0.0014131851455255547,2.376319479810252e-05,10.637,0.021,10.339,0.013999999999999999,297.74849341951057,46.13350057623331,kmag,green19,using APOGEE DR16 feh and IRFM teff
KIC9574283,3.5719225500103478,0.008208284665952756,-0.42982155,0.009136674000000001,0.0030164341709494466,2.837597669504045e-05,9.377,0.02,8.879,0.019,284.791014156798,46.284759425835546,kmag,green19,using APOGEE DR16 feh and IRFM teff
KIC9579208,4.013571158058888,0.018969437467895815,-0.188849,0.014901973,0.0034963220235167264,2.0507791054616e-05,9.445,0.021,9.191,0.011000000000000001,287.6374855435408,46.20444309171769,kmag,green19,using APOGEE DR16 feh and IRFM teff
KIC9641837,3.877501203529883,0.017273982388329192,-0.068035,0.012300819,0.0036959368186175474,2.30687258000654e-05,9.004,0.039,8.719,0.013999999999999999,288.48860227159247,46.33465357813121,kmag,green19,using APOGEE DR16 feh and IRFM teff
KIC9664694,3.8186315086943257,0.015686885947947066,-0.140819,0.014255381000000001,0.0019100270443289096,2.3041088776818462e-05,10.272,0.024,9.976,0.017,297.5003461869216,46.38064633447108,kmag,green19,using APOGEE DR16 feh and IRFM teff
KIC9693187,4.148822169172245,0.011915891121685413,-0.189669,0.016095743,0.006560045398575492,2.5953685886389226e-05,8.356,0.02,8.07,0.026000000000000002,282.7503895865938,46.42257138857824,kmag,green19,using APOGEE DR16 feh and IRFM teff
KIC9696358,3.916155875469335,0.013532776860405837,0.075095996,0.010386229,0.0016486134872913212,2.9259017874026788e-05,10.755999999999998,0.021,10.454,0.016,284.59368582552065,46.44973641571437,kmag,green19,using APOGEE DR16 feh and IRFM teff
KIC9697131,4.017008579291336,0.01444671798809308,0.061183,0.01189129,0.0033795372942495884,2.6810916472026797e-05,9.381,0.021,9.109,0.019,285.0775880806762,46.41965513707333,kmag,green19,using APOGEE DR16 feh and IRFM teff
KIC9700430,4.1674802784615546,0.025799794640964782,0.042276002,0.01109446,0.002821251858863895,2.530100907905337e-05,10.417,0.022000000000000002,10.134,0.011000000000000001,287.02767792556136,46.45465994426257,kmag,green19,using APOGEE DR16 feh and IRFM teff
KIC9702369,4.2663988986547325,0.01077553472903616,0.016246,0.012666978999999998,0.0069680428829286935,7.643739780715987e-05,8.675,0.034,8.419,0.011000000000000001,288.1705843855847,46.40042862998958,kmag,green19,using APOGEE DR16 feh and IRFM teff
KIC9702752,4.045375690992324,0.01738308402530344,0.264811,0.0066816746,0.004139788426088487,2.4341030972851826e-05,9.556000000000001,0.023,9.172,0.011000000000000001,288.39985759804284,46.43964406693573,kmag,green19,using APOGEE DR16 feh and IRFM teff
KIC9754284,4.136748369103082,0.05792143265765234,0.035125002,0.011213115,0.0031182759535838727,2.4406730142094927e-05,10.049,0.02,9.772,0.013999999999999999,283.03240774667256,46.51006040030866,kmag,green19,using APOGEE DR16 feh and IRFM teff
KIC9757640,4.012825759108658,0.03928336298161194,0.342411,0.007177239,0.003117449510727067,2.2096940793642625e-05,9.947000000000001,0.024,9.582,0.013000000000000001,284.95965358971637,46.587492134070274,kmag,green19,using APOGEE DR16 feh and IRFM teff
KIC9778067,3.9177681378187614,0.0246207248191691,-0.423969,0.018674461,0.002009785900797045,2.0647464125918752e-05,10.574000000000002,0.021,10.261,0.016,294.8272608820975,46.56294855268335,kmag,green19,using APOGEE DR16 feh and IRFM teff
KIC9787965,3.9172664025954114,0.023365952809990133,0.051060002,0.012043898999999999,0.0018815896384615774,4.8145582915589096e-05,10.345999999999998,0.022000000000000002,10.049,0.015,298.0584690654711,46.56601897070423,kmag,green19,using APOGEE DR16 feh and IRFM teff
KIC9791157,3.947918209364984,0.03893968826406118,0.01958545,0.015060243999999999,0.0027900763251162163,3.322573748073218e-05,9.899,0.023,9.547,0.021,298.96342709740384,46.59556996802784,kmag,green19,using APOGEE DR16 feh and IRFM teff
KIC9812421,3.5569847604459417,0.010142116301482908,-0.22636154,0.008417813,0.0033769554994474934,3.8797560164678126e-05,8.832,0.024,8.342,0.011000000000000001,281.586995127056,46.63488160806444,kmag,green19,using APOGEE DR16 feh and IRFM teff
KIC9812850,4.059067991316393,0.008747448046851592,-0.081622005,0.014766755500000001,0.0053450640392320925,2.5290245109441526e-05,8.504,0.02,8.299,0.017,281.91359446314414,46.68606055792709,kmag,green19,using APOGEE DR16 feh and IRFM teff
KIC9821513,4.04689758654892,0.016160183813749753,-0.17887901,0.01624891,0.0024470752292019503,2.190386904911103e-05,10.102,0.022000000000000002,9.881,0.011000000000000001,287.0844073708905,46.60361601488107,kmag,green19,using APOGEE DR16 feh and IRFM teff
KIC9880787,3.89783133864297,0.020235754499052037,-0.26132154,0.01565548,0.0024457105176114314,2.2592090428138213e-05,10.142000000000001,0.021,9.815,0.012,286.8430609688827,46.70722798132515,kmag,green19,using APOGEE DR16 feh and IRFM teff
KIC9893470,3.583071294067336,0.034006237802748404,0.05023745,0.015367111000000001,0.001988854455392269,2.245809436923012e-05,9.545,0.02,9.205,0.015,292.93683439543764,46.70843117677902,kmag,green19,using APOGEE DR16 feh and IRFM teff
KIC9903271,3.46116628108483,0.010337709642786595,0.35059845,0.006569944,0.0024259974088877406,2.7142424207181537e-05,9.658999999999999,0.021,9.037,0.013999999999999999,296.55469499318195,46.72745071011689,kmag,green19,using APOGEE DR16 feh and IRFM teff
KIC9955598,4.48071268491422,0.01136526111999353,0.041136,0.007532474599999999,0.01468963043467283,2.1240073200917834e-05,8.2,0.018000000000000002,7.768,0.023,293.6792057996139,46.85273373546158,kmag,green19,using APOGEE DR16 feh and IRFM teff
KIC9962623,4.117610555747473,0.038038715941320966,-0.034619,0.013924538,0.0037094036182431078,2.4822269060767743e-05,10.099,0.021,9.718,0.012,296.3391649664887,46.82508995730967,kmag,green19,using APOGEE DR16 feh and IRFM teff
KIC9965715,4.276420096468739,0.008711870492664356,-0.32431898,0.014525595,0.008079738361804228,2.5191025844200342e-05,8.197000000000001,0.028999999999999998,7.872999999999999,0.015,297.3334809692721,46.82684477052961,kmag,green19,using APOGEE DR16 feh and IRFM teff
KIC10003270,3.861693849189393,0.03108506483316168,-0.064704,0.015525635,0.0016644488223089018,3.135531736820822e-05,10.457,0.02,10.241,0.011000000000000001,288.11845160346513,46.97476459712533,kmag,green19,using APOGEE DR16 feh and IRFM teff
KIC10016239,4.3070809849925284,0.02622730640431989,0.020349000000000003,0.014302975,0.005859823461303266,2.502412006488073e-05,8.984,0.027000000000000003,8.741,0.015,293.77165954198335,46.975122110284026,kmag,green19,using APOGEE DR16 feh and IRFM teff
KIC10018963,3.951248009377343,0.008909595518179188,-0.181069,0.014243178,0.007081869812259782,2.578335059324735e-05,7.712999999999999,0.019,7.452999999999999,0.023,294.7530367817401,46.9020778769345,kmag,green19,using APOGEE DR16 feh and IRFM teff
KIC10019747,4.0302767198369365,0.03994352247572182,0.222471,0.0071488004,0.004803910896479588,2.49902110069581e-05,9.167,0.034,8.763,0.013999999999999999,295.03905157787466,46.96599382244099,kmag,green19,using APOGEE DR16 feh and IRFM teff
KIC10024648,4.000986067710087,0.022176013463846643,-0.019107,0.01708989,0.0026692462635917553,2.1203129548630643e-05,9.88,0.019,9.581,0.015,296.7396220970808,46.95060675144209,kmag,green19,using APOGEE DR16 feh and IRFM teff
KIC10025841,4.1423109048198254,0.05126043215189047,0.23454099999999997,0.008855682,0.0036954561971108556,2.4812791435397577e-05,9.68,0.021,9.363999999999999,0.016,297.0873661556977,46.96311268792674,kmag,green19,using APOGEE DR16 feh and IRFM teff
KIC10070754,4.2977667795542684,0.047090392703121146,-0.21419899999999997,0.017159715,0.004921467727232712,2.4015508634862032e-05,9.413,0.025,9.175,0.013999999999999999,290.07588942284303,47.041092055974865,kmag,green19,using APOGEE DR16 feh and IRFM teff
KIC10074716,4.187697280759911,0.06362146965653978,0.14794100000000002,0.010897589,0.0028382063533059893,1.983103534330461e-05,10.501,0.02,10.147,0.015,291.63250356395463,47.08466260488619,kmag,green19,using APOGEE DR16 feh and IRFM teff
KIC10079226,4.363904432956397,0.013660509263136757,0.166021,0.009261983,0.006793949102365472,2.55360477714262e-05,9.05,0.024,8.714,0.015,293.4698854948296,47.04549621254127,kmag,green19,using APOGEE DR16 feh and IRFM teff
KIC10081026,3.81653940870741,0.036379683919502206,-0.16560155,0.029917493,0.0017434280498295,2.5964882517232582e-05,10.267000000000001,0.025,9.996,0.012,294.1407092212797,47.044959848079316,kmag,green19,using APOGEE DR16 feh and IRFM teff
KIC10088136,3.4843146114993533,0.03429500870968739,-0.34950155,0.011262227,0.0021713770387456056,2.0677696034007383e-05,9.687999999999999,0.022000000000000002,9.17,0.015,296.5948384296161,47.03525228393642,kmag,green19,using APOGEE DR16 feh and IRFM teff
KIC10118942,3.8352111646202713,0.031989805058683984,-0.52220154,0.02822857,0.0019286530937580174,2.482801630901419e-05,10.478,0.021,10.184,0.011000000000000001,281.1228859273351,47.164922347229755,kmag,green19,using APOGEE DR16 feh and IRFM teff
KIC10129349,4.249076662122088,0.0695039321542481,0.106470995,0.015710475,0.004952344890670339,2.1195561531406808e-05,8.85,0.026000000000000002,8.633,0.012,286.77523956105466,47.17784511458114,kmag,green19,using APOGEE DR16 feh and IRFM teff
KIC10130853,3.3808479720279867,0.008120487537614166,0.33429846,0.00538786,0.0023495006098887944,3.170082720522409e-05,9.394,0.021,8.777999999999999,0.011000000000000001,287.5434298606718,47.16054761331481,kmag,green19,using APOGEE DR16 feh and IRFM teff
KIC10147635,3.741078971395192,0.008414700844139034,0.04916445,0.016640842,0.002269544145783172,2.37858831731566e-05,9.632,0.021,9.277999999999999,0.012,294.2858878031912,47.10867602311708,kmag,green19,using APOGEE DR16 feh and IRFM teff
KIC10162436,3.9686382505054234,0.00904188446747198,-0.059541997,0.012884511000000001,0.007299021064366028,2.697687908573159e-05,7.636,0.03,7.358,0.02,298.72587749137887,47.14515065375595,kmag,green19,using APOGEE DR16 feh and IRFM teff
KIC10186764,4.077800347605876,0.0415906289594126,-0.09550399999999999,0.018848151,0.0031576635921695922,1.9412281732257183e-05,9.877,0.021,9.584,0.011000000000000001,281.32374347782957,47.296606486289214,kmag,green19,using APOGEE DR16 feh and IRFM teff
KIC10214328,4.06058911402004,0.07002606825201389,-0.345729,0.020931633,0.0028123050969584324,2.08362185251764e-05,9.774,0.02,9.532,0.015,294.3770950369047,47.2899190945341,kmag,green19,using APOGEE DR16 feh and IRFM teff
KIC10215584,4.267513321599177,0.09485116302666732,0.017155001,0.008775586,0.005130045201041394,6.35792865340381e-05,9.533999999999999,0.02,9.158999999999999,0.012,294.81431930826665,47.24832004914877,kmag,green19,using APOGEE DR16 feh and IRFM teff
KIC10272858,3.45415204304085,0.007616744774258165,0.0053668497,0.0069732530000000004,0.001830289757192946,2.46189363477299e-05,9.914,0.02,9.38,0.013999999999999999,291.36288353800813,47.32866822298559,kmag,green19,using APOGEE DR16 feh and IRFM teff
KIC10272923,3.6000942202468997,0.01151945526347573,0.07621745,0.0063041425,0.002462938485563464,2.2831906403130414e-05,9.887,0.02,9.33,0.013999999999999999,291.3932955272342,47.3777112281646,kmag,green19,using APOGEE DR16 feh and IRFM teff
KIC10273246,3.8809768565415514,0.016090949299105355,-0.14993900000000002,0.012842518999999998,0.0024754197753065763,3.509490480981864e-05,9.869,0.019,9.572000000000001,0.013999999999999999,291.5240119202132,47.35828878642518,kmag,green19,using APOGEE DR16 feh and IRFM teff
KIC10295224,3.775047235976329,0.0315462822085878,0.28306103,0.009454487,0.004887053103348765,0.0004070381821861103,8.032,0.026000000000000002,7.712999999999999,0.016,298.8957440741846,47.378072037563285,kmag,green19,using APOGEE DR16 feh and IRFM teff
KIC10319352,3.963915771482089,0.12978519589768064,0.227631,0.0068830526,0.003886200445116432,2.106702388805973e-05,9.902999999999999,0.022000000000000002,9.517000000000001,0.011000000000000001,281.5343109673211,47.499414380305964,kmag,green19,using APOGEE DR16 feh and IRFM teff
KIC10322381,4.185095009155076,0.03761697816094335,-0.294469,0.0150149055,0.0035023413759250562,2.2453834534194282e-05,10.128,0.021,9.834,0.013999999999999999,283.4331620263038,47.40839848667785,kmag,green19,using APOGEE DR16 feh and IRFM teff
KIC10324098,3.916597602268814,0.022145185124596026,-0.016206,0.015343842,0.0018473421378228762,2.4645019574290883e-05,10.545,0.022000000000000002,10.231,0.017,284.3677367943876,47.4520857690963,kmag,green19,using APOGEE DR16 feh and IRFM teff
KIC10351059,4.092638618190254,0.02855752899612375,0.247491,0.011519251000000001,0.0034631049010355854,2.0235132763544138e-05,9.325,0.02,9.091000000000001,0.012,296.0716592030712,47.419282466205075,kmag,green19,using APOGEE DR16 feh and IRFM teff
KIC10355856,4.08888481977187,0.011425936631999421,-0.108849004,0.015553771499999999,0.0056875775403193,2.662537189803277e-05,8.298,0.021,8.057,0.013999999999999999,297.55937741962583,47.47351356126002,kmag,green19,using APOGEE DR16 feh and IRFM teff
KIC10385708,4.004604860990272,0.04796792801133106,0.141221,0.008439335,0.0028658241760491855,2.380849265636009e-05,10.075,0.021,9.765,0.011000000000000001,282.211831252882,47.57692961927508,kmag,green19,using APOGEE DR16 feh and IRFM teff
KIC10394814,3.4889539337484896,0.008705977115172242,-0.16236155,0.007502664300000001,0.002947442902203567,2.0314962834372387e-05,9.19,0.034,8.674,0.011000000000000001,287.2985457218452,47.57797499384346,kmag,green19,using APOGEE DR16 feh and IRFM teff
KIC10398597,3.962281853236731,0.04652892928856042,0.137101,0.012579873,0.0017772054463615864,1.9751448874809976e-05,10.692,0.021,10.455,0.012,289.27033359053337,47.56553428625973,kmag,green19,using APOGEE DR16 feh and IRFM teff
KIC10417911,3.938380651049232,0.022466057239060196,0.29504102,0.007090865,0.002726445550512879,2.3167080478557e-05,10.068,0.02,9.693999999999999,0.012,296.730907256607,47.57930499146924,kmag,green19,using APOGEE DR16 feh and IRFM teff
KIC10454113,4.328470086975302,0.008752007331477888,0.057812999999999996,0.011217693999999999,0.010294714050738006,6.226216738394345e-05,7.655,0.021,7.291,9.995,284.15262326049736,47.65642759535394,kmag,green19,using APOGEE DR16 feh and IRFM teff
KIC10462940,4.325958890228073,0.014099182988143909,0.15294100000000002,0.010794192,0.006909200069867216,2.9249296107462074e-05,8.755,0.043,8.468,0.013999999999999999,288.72583586793456,47.696962120610074,kmag,green19,using APOGEE DR16 feh and IRFM teff
KIC10491771,4.197769588120486,0.04609327153950052,-0.077254005,0.016379943,0.0052672161637950686,2.2144530458893743e-05,8.913,0.046,8.67,0.018000000000000002,298.9669683701632,47.67837427077399,kmag,green19,using APOGEE DR16 feh and IRFM teff
KIC10518551,3.899929873452842,0.014433643314258403,-0.19478900000000002,0.012405403,0.0030416830187997286,2.4071142576869426e-05,9.326,0.02,8.987,0.016,283.8238482097299,47.71637841154857,kmag,green19,using APOGEE DR16 feh and IRFM teff
KIC10593351,3.648021969148559,0.010158113840553007,0.22913845,0.012289786,0.0019598995620885244,2.046463867968136e-05,9.742,0.02,9.429,0.013999999999999999,289.09709615725086,47.84927927793632,kmag,green19,using APOGEE DR16 feh and IRFM teff
KIC10610027,4.211573555877943,0.03778767676829941,0.022851,0.019069895,0.005339919149360334,2.5793751356567304e-05,8.263,0.024,8.101,0.016,295.6671258127123,47.892208653657704,kmag,green19,using APOGEE DR16 feh and IRFM teff
KIC10644253,4.419537084166713,0.01520753368134622,0.12934099,0.010136787,0.010346066829362505,2.3962611140987326e-05,8.167,0.023,7.874,0.026000000000000002,280.926714704014,47.93798750119903,kmag,green19,using APOGEE DR16 feh and IRFM teff
KIC10655953,4.306151538561475,0.02937170401073028,-0.072376005,0.013497193000000001,0.004333890495935154,2.7395394907905572e-05,9.827,0.023,9.547,0.025,287.67012303875714,47.93582198166664,kmag,green19,using APOGEE DR16 feh and IRFM teff
KIC10670371,3.656416063654904,0.009776525989378409,-0.09210855,0.0081926,0.0020848995739026167,4.285628231700305e-05,9.641,0.021,9.139,0.013999999999999999,293.7745016187333,47.90416938073414,kmag,green19,using APOGEE DR16 feh and IRFM teff
KIC10712891,3.6348640279583946,0.014256876140410591,0.00341345,0.008048624,0.0020631316362654394,0.0003822752226904304,10.121,0.024,9.605,0.013999999999999999,283.13386354098645,48.01192655120141,kmag,green19,using APOGEE DR16 feh and IRFM teff
KIC10717090,4.1474650030224405,0.0627504084148028,0.264871,0.0074133677,0.003434554896619281,2.2543649662474456e-05,10.055,0.026000000000000002,9.664,0.022000000000000002,285.3960865190944,48.09610991344359,kmag,green19,using APOGEE DR16 feh and IRFM teff
KIC10727922,3.9510844447663813,0.038642312836439575,-0.19082901,0.01353609,0.0024667360195491698,2.3706562807502784e-05,10.213,0.021,9.884,0.022000000000000002,290.5441452796639,48.04685686231237,kmag,green19,using APOGEE DR16 feh and IRFM teff
KIC10730618,4.074258399919123,0.013271815490611844,-0.016263,0.01434102,0.0033778001988945846,2.461396725120196e-05,9.546,0.021,9.316,0.013000000000000001,291.6270471490217,48.0930193029842,kmag,green19,using APOGEE DR16 feh and IRFM teff
KIC10731424,3.785145998834482,0.023211127338750026,-0.033366997,0.014395317,0.0014722504103005436,2.6759240837872647e-05,10.597999999999999,0.019,10.344000000000001,0.017,291.93682584014715,48.06536952686799,kmag,green19,using APOGEE DR16 feh and IRFM teff
KIC10732098,3.9653579055979606,0.024310577262729945,0.0108611,0.009011637,0.002401071075946931,2.957142168739597e-05,10.54,0.03,10.139,0.018000000000000002,292.19708338130033,48.03763032960828,kmag,green19,using APOGEE DR16 feh and IRFM teff
KIC10794845,4.403141809898844,0.11437797358051885,-0.16711900000000002,0.013085458999999999,0.0053323809938474334,2.6763133147665546e-05,9.578,0.027000000000000003,9.283,0.02,290.873353350578,48.11454462688285,kmag,green19,using APOGEE DR16 feh and IRFM teff
KIC10873176,3.8778413140468233,0.02744510279095056,-0.73775154,0.040086992,0.0021272034982491705,2.002147193511717e-05,10.342,0.019,10.071,0.016,296.36000234413007,48.240456915213365,kmag,green19,using APOGEE DR16 feh and IRFM teff
KIC10909629,3.911304627352082,0.013393745834856271,-0.171939,0.0144139305,0.0023473135658220313,2.307346386872094e-05,9.919,0.023,9.62,0.022000000000000002,286.19010259716134,48.359273467741225,kmag,green19,using APOGEE DR16 feh and IRFM teff
KIC10923629,3.839408119124784,0.012370526461138905,0.20368099,0.011041705,0.0031819911178417345,2.700630328888736e-05,8.877,0.032,8.636000000000001,0.013000000000000001,293.50157404616164,48.366606253648854,kmag,green19,using APOGEE DR16 feh and IRFM teff
KIC10959362,3.8701745321336776,0.029248945639486875,0.44399099999999997,0.007894323,0.002433713253311127,2.326703972457012e-05,9.804,0.021,9.464,0.016,282.1077590389179,48.467415348064534,kmag,green19,using APOGEE DR16 feh and IRFM teff
KIC10963065,4.293911525760998,0.008693245477535114,-0.173509,0.012265215,0.0112845778902741,3.300645334661186e-05,7.784,0.021,7.486000000000001,0.018000000000000002,284.7862157903107,48.423262246183825,kmag,green19,using APOGEE DR16 feh and IRFM teff
KIC10971974,4.320140348515371,0.04198114369890141,-0.071202,0.014725263,0.0040122128683878246,2.3621983996056968e-05,10.241,0.026000000000000002,9.897,0.02,289.9237756144527,48.435862591104915,kmag,green19,using APOGEE DR16 feh and IRFM teff
KIC10972252,3.8711031842823487,0.02000361393252095,-0.09251255,0.028172005,0.0017478595882530813,2.508096396395689e-05,10.44,0.028999999999999998,10.169,0.02,290.0594421507559,48.42952501922644,kmag,green19,using APOGEE DR16 feh and IRFM teff
KIC10972873,3.956478360448109,0.012776177956289969,-0.11460899999999999,0.014371613,0.003747136537914748,2.894897910892767e-05,9.557,0.023,9.177999999999999,0.024,290.42641790801144,48.44325806448517,kmag,green19,using APOGEE DR16 feh and IRFM teff
KIC11021413,3.839227342704578,0.013024317277432529,-0.046308547,0.008559679,0.004733100953613034,2.1498055121949953e-05,8.879,0.019,8.439,0.024,287.44641365552536,48.54636959022327,kmag,green19,using APOGEE DR16 feh and IRFM teff
KIC11026764,3.8959423855254434,0.008566898748870356,0.059400003,0.008816737,0.006423859835370778,9.598646495085111e-05,8.218,0.019,7.862,0.017,290.3529233519078,48.51481330173181,kmag,green19,using APOGEE DR16 feh and IRFM teff
KIC11027406,4.170838105360725,0.022061261273285167,-0.25681898,0.011830265,0.0054116210080361596,2.2827323672269214e-05,9.349,0.022000000000000002,9.004,0.024,290.718431332196,48.5410042365553,kmag,green19,using APOGEE DR16 feh and IRFM teff
KIC11070918,3.813632612714252,0.021614639436806384,0.10406099999999999,0.016102022,0.004442705942242375,3.022638169534628e-05,8.808,0.044000000000000004,8.597999999999999,0.018000000000000002,284.22234557922815,48.693965543343886,kmag,green19,using APOGEE DR16 feh and IRFM teff
KIC11074380,3.680668267792352,0.016325697165050918,0.13640845,0.006557281,0.002331039434106092,2.0322559272125874e-05,9.902000000000001,0.022000000000000002,9.371,0.022000000000000002,286.4137472446618,48.6586926156275,kmag,green19,using APOGEE DR16 feh and IRFM teff
KIC11075448,4.200825406120543,0.05515786596782611,0.026953999,0.016501093,0.00390464329977751,2.574261549111204e-05,9.496,0.021,9.256,0.02,287.1422184695715,48.69643619369418,kmag,green19,using APOGEE DR16 feh and IRFM teff
KIC11081729,4.260547549849022,0.009236963185677741,-0.10002899999999999,0.017440442,0.007689145310958532,2.0717415026651208e-05,8.187000000000001,0.039,7.973,0.018000000000000002,290.58425561122976,48.69535201609725,kmag,green19,using APOGEE DR16 feh and IRFM teff
KIC11082784,3.875697053022209,0.018703920875147943,-0.168809,0.010150465,0.002315691553610901,2.9582576140349552e-05,10.306,0.022000000000000002,9.948,0.02,291.1618903529509,48.6453047692994,kmag,green19,using APOGEE DR16 feh and IRFM teff
KIC11083308,3.916223146539065,0.03716883199738987,0.0092074,0.011931997,0.001964665846879983,2.673176841642686e-05,10.368,0.021,10.099,0.016,291.43571177296934,48.624011338484145,kmag,green19,using APOGEE DR16 feh and IRFM teff
KIC11127479,4.219302677295583,0.03240969020044398,0.163481,0.008871720999999999,0.003640233653334465,2.462850368091744e-05,10.072000000000001,0.024,9.761000000000001,0.023,286.3385561610159,48.74426973114006,kmag,green19,using APOGEE DR16 feh and IRFM teff
KIC11137075,4.0058600276252765,0.008378294578220553,-0.13859901,0.011625192,0.0039767481082550165,4.555205264997559e-05,9.664,0.023,9.274,0.013000000000000001,291.6208435608788,48.71172102616643,kmag,green19,using APOGEE DR16 feh and IRFM teff
KIC11138101,3.7884780835860217,0.04773342035428329,-0.048625,0.012328628999999999,0.0023096762130357406,2.08052681637818e-05,9.793,0.022000000000000002,9.506,0.013000000000000001,292.1377888602616,48.700735467414724,kmag,green19,using APOGEE DR16 feh and IRFM teff
KIC11188219,4.211532643106226,0.08741909573914765,0.135391,0.008680468,0.004008888197997164,2.363262704284683e-05,9.988999999999999,0.021,9.657,0.024,290.6194465066932,48.82920942886193,kmag,green19,using APOGEE DR16 feh and IRFM teff
KIC11193681,3.814805648306084,0.008177170912218328,0.283391,0.007126433000000001,0.002804385664538961,2.1251101808139563e-05,9.562999999999999,0.021,9.22,0.016,293.50117225107886,48.83584471748327,kmag,green19,using APOGEE DR16 feh and IRFM teff
KIC11244118,4.0789208862983335,0.007768976483455488,0.255421,0.00681125,0.0063098210841369936,2.0070443330411386e-05,8.675,0.026000000000000002,8.294,0.013000000000000001,291.83540657744186,48.95297698277522,kmag,green19,using APOGEE DR16 feh and IRFM teff
KIC11253226,4.194612653643894,0.008484660186640644,-0.09458899999999999,0.018229396999999998,0.008463872534391948,4.228244786472527e-05,7.6160000000000005,0.02,7.459,0.016,295.91509758414793,48.92853425736312,kmag,green19,using APOGEE DR16 feh and IRFM teff
KIC11294717,3.9126576692458963,0.03510158944502678,0.101344995,0.008172908000000001,0.002015663510040996,1.9544676828580247e-05,10.706,0.021,10.287,0.026000000000000002,290.63627641075874,49.03761443832324,kmag,green19,using APOGEE DR16 feh and IRFM teff
KIC11307875,3.3940674616117734,0.021841040250035196,0.08802445,0.006590166,0.00185175396545521,2.4205441830077786e-05,9.75,0.022000000000000002,9.166,0.021,296.64099757036547,49.02377299147784,kmag,green19,using APOGEE DR16 feh and IRFM teff
KIC11389393,4.012561334169171,0.018667472923389283,0.149391,0.009700076,0.003295550238645528,1.822524182630976e-05,9.568,0.02,9.283999999999999,0.013000000000000001,283.70129705654665,49.228184154175025,kmag,green19,using APOGEE DR16 feh and IRFM teff
KIC11389437,4.0454381893779585,0.014911113089293769,0.028919,0.0106197875,0.003859899053934055,1.897297218202898e-05,9.402999999999999,0.02,9.095,0.013000000000000001,283.7315513252464,49.22974844783744,kmag,green19,using APOGEE DR16 feh and IRFM teff
KIC11395018,3.8672962321021545,0.010031695561491376,0.240191,0.007095133399999999,0.0029582947914055823,2.1430098296416633e-05,9.568,0.02,9.222000000000001,0.022000000000000002,287.48116364984025,49.25119205376334,kmag,green19,using APOGEE DR16 feh and IRFM teff
KIC11401156,3.6801642092399134,0.01410502282996809,0.06402445,0.006751194,0.004857032705361437,2.308501572239944e-05,8.525,0.034,7.971,0.021,290.9338238823378,49.22242572409293,kmag,green19,using APOGEE DR16 feh and IRFM teff
KIC11401708,3.774018701987545,0.013635166992292322,0.24280100000000002,0.0077658724,0.0022747205385365028,2.7308807356053702e-05,9.692,0.023,9.32,0.022000000000000002,291.22697265142926,49.2818813828337,kmag,green19,using APOGEE DR16 feh and IRFM teff
KIC11414712,3.8170607965828465,0.012791495106610208,-0.08579255,0.011287715,0.007803667013652119,2.6669630223060443e-05,7.398,0.026000000000000002,7.0329999999999995,0.017,297.09355265788736,49.23689803958744,kmag,green19,using APOGEE DR16 feh and IRFM teff
KIC11454149,4.3644162726116535,0.04891348041694901,-0.24135900000000002,0.013790756000000001,0.005273307064875493,2.719740691644511e-05,9.552999999999999,0.023,9.271,0.022000000000000002,291.271721787621,49.32701227378804,kmag,green19,using APOGEE DR16 feh and IRFM teff
KIC11460626,3.8645708294791152,0.04008455726885913,-0.055336,0.014495248,0.0018868748727702733,3.0109924209043845e-05,10.48,0.021,10.185,0.016,294.53454743663485,49.38016391206773,kmag,green19,using APOGEE DR16 feh and IRFM teff
KIC11467550,3.943258229511338,0.023350698904583026,0.0098407,0.01111992,0.0024830937459503545,2.1466397621797983e-05,10.002,0.02,9.732000000000001,0.013999999999999999,297.37163302388353,49.35283313622077,kmag,green19,using APOGEE DR16 feh and IRFM teff
KIC11496573,3.464175946791296,0.011164589259065001,0.01171445,0.0068898303,0.0018443393491526818,2.757191373793452e-05,9.977,0.019,9.385,0.024,285.7146802719718,49.44433056653975,kmag,green19,using APOGEE DR16 feh and IRFM teff
KIC11507653,4.075692013976252,0.058900641699400326,0.13238099,0.0080332365,0.002725538840582932,4.120227626052917e-05,10.276,0.024,9.957,0.013999999999999999,292.02238347069766,49.415837686723854,kmag,green19,using APOGEE DR16 feh and IRFM teff
KIC11558593,3.5758453932561545,0.02450087792789737,-0.20137155,0.008367233,0.0010131767661693731,0.0002381942050944065,9.914,0.021,9.413,0.017,291.5656594826065,49.59277289097073,kmag,green19,using APOGEE DR16 feh and IRFM teff
KIC11611414,4.0083580959935805,0.07561556462209372,-0.050065998,0.011866095,0.002271738470302784,2.559944071016236e-05,10.535,0.026000000000000002,10.273,0.021,292.2315674281056,49.64786819504508,kmag,green19,using APOGEE DR16 feh and IRFM teff
KIC11620833,3.458071042925661,0.02616396530419186,0.30201846,0.0056411754,0.0036122916417112797,7.076928133355885e-05,8.908,0.023,8.363999999999999,0.015,296.420046520644,49.68240804502942,kmag,green19,using APOGEE DR16 feh and IRFM teff
KIC11674236,3.886209896713695,0.038961370916063935,0.19568099,0.0072062574,0.002417304018921157,2.7986781501937758e-05,10.307,0.022000000000000002,9.896,0.013000000000000001,297.5384797982407,49.724774417148474,kmag,green19,using APOGEE DR16 feh and IRFM teff
KIC11713510,4.047598738220207,0.008898641510200554,-0.115389004,0.010289679,0.00386094162034514,2.04862046321944e-05,9.724,0.025,9.35,0.018000000000000002,292.2578296781836,49.865447815995886,kmag,green19,using APOGEE DR16 feh and IRFM teff
KIC11717120,3.691406539081656,0.01041208044725353,-0.33100155,0.0082846,0.006982115179871751,2.5807469943150975e-05,7.917000000000001,0.023,7.406000000000001,0.016,294.0786471736795,49.824146473065426,kmag,green19,using APOGEE DR16 feh and IRFM teff
KIC11722551,3.789235731327542,0.00833850791060412,0.45693845,0.005290683000000001,0.0035632712681893343,2.3125824490717446e-05,9.512,0.019,8.972999999999999,0.016,296.3907744874878,49.88227648327086,kmag,green19,using APOGEE DR16 feh and IRFM teff
KIC11723674,3.805872558262629,0.02783441919521419,0.040632002,0.013231123999999999,0.0016207978198328353,2.937235668882992e-05,10.422,0.021,10.134,0.016,296.83232405336895,49.83543816730874,kmag,green19,using APOGEE DR16 feh and IRFM teff
KIC11771760,3.6676041032096727,0.009524213007524228,-0.00076915,0.014114416000000001,0.0015143840257712405,2.2292406018504343e-05,10.287,0.019,9.941,0.016,295.9905062799245,49.922692737192705,kmag,green19,using APOGEE DR16 feh and IRFM teff
KIC11772920,4.464709224474931,0.02048726720563547,-0.084580004,0.008173699,0.014123395665517154,2.992051378539478e-05,8.435,0.023,7.981,0.016,296.4418455634103,49.98834250779755,kmag,green19,using APOGEE DR16 feh and IRFM teff
KIC11802968,3.61733501696522,0.015082710914161896,-0.11692155,0.006820217,0.0033773867120300595,2.213125352731653e-05,9.426,0.024,8.859,0.017,285.26848571592967,50.09696231971446,kmag,green19,using APOGEE DR16 feh and IRFM teff
KIC11817562,3.8172564658079664,0.0494067628431267,0.147821,0.011456873999999999,0.0015726280325834884,2.249042194676271e-05,10.523,0.021,10.217,0.013999999999999999,293.74144135500273,50.01715752831873,kmag,green19,using APOGEE DR16 feh and IRFM teff
KIC11873252,3.3401904764824435,0.016418431789768075,-0.33015156,0.007714404300000001,0.002091987459638971,2.0841995556733487e-05,9.755,0.021,9.204,0.015,296.22903873403703,50.147130052748146,kmag,green19,using APOGEE DR16 feh and IRFM teff
KIC12020532,3.5023725695308734,0.012288085599108812,0.086516455,0.0077548930000000005,0.001841965325191217,2.4012092084705183e-05,9.509,0.021,9.076,0.013000000000000001,295.5563909602982,50.41129140971941,kmag,green19,using APOGEE DR16 feh and IRFM teff
KIC12069127,3.91092996727134,0.010391434688537685,0.0931,0.013070523999999998,0.002333608834175326,2.2250171173065656e-05,9.732999999999999,0.02,9.494,0.013999999999999999,295.30327210604,50.56518307361613,kmag,green19,using APOGEE DR16 feh and IRFM teff
KIC12069569,3.827979802126693,0.06090329297876746,-0.049280000000000004,0.013496188999999999,0.001819589958613369,2.49174053834781e-05,10.286,0.021,10.039,0.013999999999999999,295.5290266410778,50.52748469031018,kmag,green19,using APOGEE DR16 feh and IRFM teff
KIC12117868,4.223885710907098,0.044070754435164866,-0.040071998,0.010857288,0.0048673785887692585,2.225460168320393e-05,9.486,0.021,9.218,0.015,295.25125024488244,50.694731932205435,kmag,green19,using APOGEE DR16 feh and IRFM teff
KIC12265063,4.073389343532752,0.07631655823632919,-0.16487901,0.011182936000000001,0.0032632752057051113,2.7990464044024318e-05,9.939,0.021,9.626,0.016,295.0705476707032,50.90363975474693,kmag,green19,using APOGEE DR16 feh and IRFM teff
KIC12317678,4.071957902773451,0.00840499522874162,-0.271889,0.021491911000000002,0.006739641576629765,8.817042290158414e-05,7.882999999999999,0.037000000000000005,7.631,0.017,296.6572381075311,51.020180608398675,kmag,green19,using APOGEE DR16 feh and IRFM teff
KIC12366681,3.802776171760483,0.02155327759684813,0.10017100000000001,0.011978063999999998,0.0029480088227731025,2.5662478132039826e-05,8.581,0.03,8.366,0.016,296.08607147607603,51.12710132408653,kmag,green19,using APOGEE DR16 feh and IRFM teff
