id_starname,teff,teff_err,logg,logg_err,feh,feh_err,parallax,parallax_err,jmag,jmag_err,kmag,kmag_err,ra,dec,band,dust,comments
KIC1435467,6433.0,86.0,4.111702876518821,0.007872909411759912,-0.028,0.099,0.007337584408721481,3.017258342924623e-05,7.983,0.024,7.718,0.017,292.0826387546914,37.05987401545169,kmag,green19,using DR13 feh and SDSS teff
KIC2010607,6361.0,71.0,3.797904688958752,0.09440945382251184,-0.07,0.1,0.001628592276149511,2.6386132806215326e-05,10.427,0.02,10.155,0.019,290.50559137541734,37.45893516017856,kmag,green19,using DR13 feh and SDSS teff
KIC2309595,5238.0,65.0,3.73482452122853,0.009082592457477721,-0.095,0.101,0.0025978996763661847,2.7855535546288746e-05,10.04,0.022000000000000002,9.5,0.018000000000000002,292.9014487360415,37.62450961132608,kmag,green19,using DR13 feh and SDSS teff
KIC2450729,6029.0,59.0,3.9794846534812183,0.047620417616860776,-0.212,0.1,0.003686056444792692,2.9286424557973688e-05,9.585,0.02,9.283,0.018000000000000002,293.0736309167399,37.71658174566087,kmag,green19,using DR13 feh and SDSS teff
KIC2837475,6688.0,57.0,4.1916623899935095,0.006725678189074983,-0.015,0.1,0.008297790541507515,2.8966141777005033e-05,7.649,0.021,7.4639999999999995,0.027000000000000003,287.54857383346314,38.082133584002044,kmag,green19,using DR13 feh and SDSS teff
KIC2849125,6158.0,56.0,3.820493711685868,0.017029503197412046,0.293,0.101,0.0016848882360613964,2.5075703269819563e-05,10.327,0.021,10.037,0.018000000000000002,290.7306604068038,38.08566498955752,kmag,green19,using DR13 feh and SDSS teff
KIC2852862,6417.0,58.0,3.9633404353691017,0.008613694293074544,-0.155,0.1,0.0026223523626434137,2.3537137303475008e-05,9.772,0.021,9.511000000000001,0.018000000000000002,291.52574513998627,38.04342678382253,kmag,green19,using DR13 feh and SDSS teff
KIC2991448,5836.0,70.0,3.99575897076037,0.008652569044245325,-0.085,0.1,0.0035872019531703637,2.9688377756963982e-05,9.602,0.026000000000000002,9.225,0.021,291.8246955697834,38.113118330002926,kmag,green19,using DR13 feh and SDSS teff
KIC2998253,6333.0,54.0,4.242946067687462,0.05229578387085538,0.057,0.1,0.003963774677866837,2.4479853933468452e-05,9.655,0.02,9.396,0.018000000000000002,293.29146028171164,38.107248884604296,kmag,green19,using DR13 feh and SDSS teff
KIC3112152,6282.0,59.0,4.0528302853444345,0.019802860166227967,-0.136,0.1,0.002128475534915428,2.3514654637248268e-05,10.765999999999998,0.019,10.442,0.018000000000000002,290.34301932049607,38.286899144920675,kmag,green19,using DR13 feh and SDSS teff
KIC3112889,6433.0,65.0,3.9113769620187253,0.033070248564446965,-0.358,0.102,0.002339925816955447,3.0353271541793525e-05,10.208,0.021,9.925,0.018000000000000002,290.5380106789846,38.24198422575043,kmag,green19,using DR13 feh and SDSS teff
KIC3115178,5046.0,85.0,3.550685577135277,0.00961508286076165,0.08,0.1,0.002230802699163827,2.3389227326496412e-05,10.011000000000001,0.021,9.421,0.018000000000000002,291.11691830325594,38.213817615945956,kmag,green19,using DR13 feh and SDSS teff
KIC3223000,6198.0,47.0,4.373493378541221,0.0951673016083112,-0.185,0.1,0.008064882276846326,7.006927110081627e-05,8.455,0.021,8.156,0.034,287.9627852603288,38.39566597017495,kmag,green19,using DR13 feh and SDSS teff
KIC3241581,5770.0,81.0,4.395812239638242,0.06140908468813638,0.185,0.1,0.007733148039824818,3.8620954055524035e-05,9.101,0.022000000000000002,8.711,0.018000000000000002,293.0853050465206,38.34166868111962,kmag,green19,using DR13 feh and SDSS teff
KIC3329196,5161.0,65.0,3.5618393625353284,0.031500330111927426,-0.313,0.101,0.003687585299183595,2.104483439160869e-05,8.982000000000001,0.026000000000000002,8.478,0.018000000000000002,287.6139781083662,38.48114279439915,kmag,green19,using DR13 feh and SDSS teff
KIC3424541,6475.0,66.0,3.858789954073902,0.007473461423642778,0.27,0.1,0.003198730322999267,2.8134528388818565e-05,8.863,0.019,8.613999999999999,0.024,285.17906527017163,38.57362018548515,kmag,green19,using DR13 feh and SDSS teff
KIC3427720,6023.0,51.0,4.392383314912422,0.010145369969869795,-0.037000000000000005,0.1,0.010707861664233377,2.632074417220617e-05,8.094,0.02,7.8260000000000005,0.017,286.4382560026279,38.52262835693347,kmag,green19,using DR13 feh and SDSS teff
KIC3429205,5116.0,62.0,3.490777506478977,0.007272726519643902,-0.046,0.1,0.0034410391191519504,2.3558042629147076e-05,8.716000000000001,0.037000000000000005,8.183,0.02,287.0070337616333,38.52538571912825,kmag,green19,using DR13 feh and SDSS teff
KIC3430893,6270.0,60.0,4.1959868236154785,0.02302889003679052,-0.11,0.1,0.003481765864196545,2.3377313744692613e-05,9.836,0.021,9.519,0.017,287.62135117974776,38.538486509213726,kmag,green19,using DR13 feh and SDSS teff
KIC3437637,5483.0,58.0,3.857888767595389,0.024103826960348008,-0.255,0.102,0.002677070740577992,2.9209311975746182e-05,10.14,0.027000000000000003,9.682,0.018000000000000002,289.76039294023775,38.575285918186395,kmag,green19,using DR13 feh and SDSS teff
KIC3438633,6432.0,73.0,3.955587067634764,0.017453073383206997,-0.184,0.1,0.002346962642649052,2.779121561906524e-05,10.184,0.019,9.922,0.017,290.02825727825206,38.59797388242753,kmag,green19,using DR13 feh and SDSS teff
KIC3545753,6206.0,58.0,3.83797571798756,0.03872308906023237,-0.338,0.105,0.0021695310623933667,2.3641097556435684e-05,9.987,0.021,9.675,0.018000000000000002,291.7271257694145,38.689477715274045,kmag,green19,using DR13 feh and SDSS teff
KIC3630240,5256.0,71.0,3.3309886328809046,0.011755301637072871,-0.613,0.103,0.0017076015186085903,2.6273681416432124e-05,10.265999999999998,0.022000000000000002,9.73,0.017,286.51700433122045,38.72657875626482,kmag,green19,using DR13 feh and SDSS teff
KIC3632418,6188.0,66.0,3.801625342493257,0.021161441253717925,0.15,0.1,0.009235910602542276,3.230708740761089e-05,7.229,0.032,6.945,0.018000000000000002,287.36196731685897,38.71413838052882,kmag,green19,using DR13 feh and SDSS teff
KIC3633847,6122.0,51.0,4.016893132340911,0.034032542043994266,0.12,0.1,0.0035613612598080968,5.6342212231332684e-05,9.265,0.022000000000000002,8.972000000000001,0.018000000000000002,287.8961603529516,38.74379584761459,kmag,green19,using DR13 feh and SDSS teff
KIC3633889,6452.0,49.0,4.275013510981589,0.013673343288947258,-0.12,0.1,0.005195750046215034,2.521205806241453e-05,9.212,0.022000000000000002,8.946,0.018000000000000002,287.9141350847669,38.73456885165679,kmag,green19,using DR13 feh and SDSS teff
KIC3642422,5325.0,98.0,3.6239054270594937,0.04353440349626694,-0.019,0.1,0.00273427257562015,5.0669349385215325e-05,8.977,0.021,8.493,0.018000000000000002,290.5399483790872,38.760306531400225,kmag,green19,using DR13 feh and SDSS teff
KIC3643774,6029.0,104.0,4.151964724812989,0.01561356063913114,0.158,0.1,0.005358582286245501,2.6679888179404904e-05,8.89,0.02,8.572000000000001,0.017,290.9470668778781,38.77706175365137,kmag,green19,using DR13 feh and SDSS teff
KIC3656476,5684.0,56.0,4.230314400246658,0.007129664443488345,0.233,0.1,0.008735325993096062,2.5428765949993292e-05,8.382,0.024,8.008,0.017,294.2039287839221,38.71591251963522,kmag,green19,using DR13 feh and SDSS teff
KIC3657002,6006.0,64.0,4.160364323155415,0.02617535382094906,0.112,0.1,0.006061532772919417,2.9322508029842923e-05,8.737,0.023,8.427,0.02,294.33265110237653,38.74471821259211,kmag,green19,using DR13 feh and SDSS teff
KIC3661135,5603.0,71.0,3.9435297995825387,0.014131441007972518,-0.02,0.1,0.003458845974828332,3.357828480433447e-05,9.65,0.021,9.241,0.017,295.26355752691325,38.74576478606007,kmag,green19,using DR13 feh and SDSS teff
KIC3730801,5894.0,58.0,4.126166845615688,0.016321762354013756,0.16399999999999998,0.1,0.002751533518299869,2.253401401133213e-05,10.368,0.02,10.015,0.015,286.11974867103766,38.81169925578071,kmag,green19,using DR13 feh and SDSS teff
KIC3733735,6711.0,66.0,4.3035375005915695,0.008457099788255753,-0.077,0.1,0.00977741180592977,2.7185261446399504e-05,7.5329999999999995,0.018000000000000002,7.374,0.021,287.2581560064136,38.899730155758455,kmag,green19,using DR13 feh and SDSS teff
KIC3735871,6176.0,50.0,4.411810001105778,0.011368565389049479,-0.032,0.099,0.008213453724282702,2.613130909246497e-05,8.732000000000001,0.027000000000000003,8.477,0.018000000000000002,288.06919662698033,38.81757141752832,kmag,green19,using DR13 feh and SDSS teff
KIC3761840,6236.0,61.0,3.7749374455055986,0.030124902669511237,0.011,0.1,0.0018491191695441357,2.6582280622992008e-05,9.881,0.024,9.584,0.018000000000000002,295.17490810966336,38.802256475923116,kmag,green19,using DR13 feh and SDSS teff
KIC3854781,5705.0,102.0,4.017269161997285,0.013656569148373928,0.256,0.1,0.0030444461630352738,2.8633967065165162e-05,10.003,0.022000000000000002,9.634,0.018000000000000002,292.63968809497464,38.91403197192479,kmag,green19,using DR13 feh and SDSS teff
KIC3942719,5736.0,65.0,3.841766061335455,0.012243574022297856,-0.364,0.101,0.0030784353656663965,4.543535908389475e-05,9.547,0.02,9.131,0.018000000000000002,287.9924951449109,39.03704189015113,kmag,green19,using DR13 feh and SDSS teff
KIC3952307,6210.0,118.0,3.894394332442682,0.029233742185763623,-0.118,0.1,0.0029424392644576062,2.909528476433522e-05,9.565,0.018000000000000002,9.248,0.018000000000000002,290.9361423530763,39.000647146137226,kmag,green19,using DR13 feh and SDSS teff
KIC3952580,6115.0,101.0,3.7579776672230376,0.013861884329088504,-0.07400000000000001,0.1,0.0024639781261735355,2.879345337855644e-05,9.302999999999999,0.018000000000000002,9.001,0.018000000000000002,291.0203567708545,39.01637935472562,kmag,green19,using DR13 feh and SDSS teff
KIC3967859,6211.0,78.0,4.162257083247265,0.05623475874139817,-0.375,0.1,0.0050341271473956116,3.73243279342521e-05,9.557,0.02,9.231,0.017,294.9674846394449,39.047628649549814,kmag,green19,using DR13 feh and SDSS teff
KIC4038445,5327.0,69.0,3.622805909456485,0.008912807553775553,-0.7659999999999999,0.105,0.00218192107358911,3.089348110191545e-05,10.224,0.02,9.682,0.016,285.51669653815065,39.11428328468201,kmag,green19,using DR13 feh and SDSS teff
KIC4049576,6066.0,84.0,3.9376982181311657,0.057395480745320415,-0.264,0.101,0.002236214393130909,2.236139873118517e-05,10.367,0.018000000000000002,9.993,0.018000000000000002,289.4498097716263,39.186912651602036,kmag,green19,using DR13 feh and SDSS teff
KIC4064447,5755.0,118.0,3.405300019535056,0.03318876809248971,-0.252,0.1,0.0012157423711984556,2.5501089231828112e-05,10.213,0.022000000000000002,9.71,0.018000000000000002,293.43099672892595,39.15178435155021,kmag,green19,using DR13 feh and SDSS teff
KIC4072740,5015.0,71.0,3.3342981591099945,0.007701511740081866,0.14800000000000002,0.1,0.003884245372439582,2.4153183290274896e-05,8.137,0.03,7.535,0.024,295.41806747291224,39.17299444806633,kmag,green19,using DR13 feh and SDSS teff
KIC4165030,5758.0,63.0,3.9868688166190847,0.015564643745038775,-0.482,0.102,0.002886185550076736,2.217419048010064e-05,10.359000000000002,0.021,9.943,0.018000000000000002,293.3704352611008,39.26274754821213,kmag,green19,using DR13 feh and SDSS teff
KIC4243623,5094.0,63.0,3.6137500834211935,0.010873770179850152,-0.369,0.101,0.002879974159301737,2.576420885559036e-05,9.769,0.021,9.149,0.017,285.50848678159235,39.35136088740829,kmag,green19,using DR13 feh and SDSS teff
KIC4247542,6440.0,66.0,4.051984284973313,0.058887577989283575,-0.44,0.1,0.0023469985692470617,2.1224471998963286e-05,10.564,0.023,10.264000000000001,0.018000000000000002,287.06838862459057,39.35524847951939,kmag,green19,using DR13 feh and SDSS teff
KIC4346201,6147.0,51.0,3.941744793241992,0.019975158101916992,-0.337,0.099,0.0039291205032288105,9.378442577607279e-05,8.956,0.021,8.609,0.02,285.2860172897109,39.49827279019023,kmag,green19,using DR13 feh and SDSS teff
KIC4347652,5043.0,75.0,3.3331279840101256,0.05120162543652596,0.025,0.102,0.001767942857225425,2.853839660367949e-05,9.735,0.021,9.17,0.017,285.9073487836037,39.40626202089854,kmag,green19,using DR13 feh and SDSS teff
KIC4351319,5001.0,61.0,3.5024532855176984,0.0075223424902330655,0.229,0.1,0.0038622168492948978,2.238460893615121e-05,8.472999999999999,0.027000000000000003,7.909,0.02,287.39870343931386,39.49752934960674,kmag,green19,using DR13 feh and SDSS teff
KIC4378838,5053.0,71.0,3.5158092775722887,0.01298140806172085,0.238,0.099,0.002238465924435421,2.650162278754133e-05,9.537,0.022000000000000002,8.93,0.017,295.00919840487165,39.46422226170151,kmag,green19,using DR13 feh and SDSS teff
KIC4446300,5410.0,60.0,3.859873093904141,0.01592970784728471,-0.101,0.101,0.004060480389967332,2.7243598374366227e-05,9.33,0.021,8.838,0.017,285.35843473482487,39.565502910072155,kmag,green19,using DR13 feh and SDSS teff
KIC4450844,5968.0,59.0,4.087992242677932,0.0081022946786822,-0.28,0.099,0.004483143542281449,2.266878593626859e-05,9.424,0.021,9.033,0.023,287.3148859026392,39.53831763368832,kmag,green19,using DR13 feh and SDSS teff
KIC4457351,5483.0,58.0,3.9730698665675117,0.016697593835768368,-0.3670000000000001,0.102,0.0033188668191208495,3.5356781903282225e-05,9.847000000000001,0.018000000000000002,9.424,0.016,289.5538465014463,39.56550614915529,kmag,green19,using DR13 feh and SDSS teff
KIC4465324,5850.0,59.0,4.190021993381697,0.017654499799823115,0.037000000000000005,0.1,0.0034378864532094936,2.8408566679834886e-05,10.283,0.027000000000000003,9.902000000000001,0.019,291.8913898051817,39.58118129190865,kmag,green19,using DR13 feh and SDSS teff
KIC4543171,6129.0,59.0,4.132141944565993,0.021216929590122814,0.13699999999999998,0.1,0.004127223488241538,2.58942606520363e-05,9.379,0.02,9.062999999999999,0.02,285.2371779543625,39.66641176283297,kmag,green19,using DR13 feh and SDSS teff
KIC4571351,6000.0,59.0,4.067578257790408,0.05036404833989056,0.14300000000000002,0.101,0.0037312854579630837,2.671045585544836e-05,9.789,0.022000000000000002,9.48,0.018000000000000002,294.2964897119716,39.695934257922566,kmag,green19,using DR13 feh and SDSS teff
KIC4571904,6069.0,78.0,3.844106340046244,0.020509419170234213,-0.097,0.1,0.0015225288472804936,0.0003022058033081099,10.619000000000002,0.024,10.306,0.022000000000000002,294.4362762282043,39.64271772085058,kmag,green19,using DR13 feh and SDSS teff
KIC4574610,6188.0,66.0,3.801625342493257,0.021161441253717925,0.15,0.1,0.004261153598772278,3.0208946164606624e-05,7.9270000000000005,0.023,7.686,0.024,295.06439472619763,39.682891304168685,kmag,green19,using DR13 feh and SDSS teff
KIC4577484,5424.0,74.0,3.847004123198301,0.05836309716583556,0.022,0.1,0.0027044433623008655,3.32772723574819e-05,9.73,0.025,9.283,0.013999999999999999,295.68290735770273,39.618849411240134,kmag,green19,using DR13 feh and SDSS teff
KIC4586099,6383.0,58.0,4.021581704826277,0.014852234242858229,-0.151,0.1,0.005509982592045252,2.950665359887846e-05,8.26,0.024,7.98,0.026000000000000002,297.4098620518977,39.6463552804419,kmag,green19,using DR13 feh and SDSS teff
KIC4638884,6662.0,57.0,4.0590117044481255,0.008061613800829143,0.008,0.099,0.003932303020226733,2.4994028626253574e-05,9.019,0.019,8.752,0.017,286.4077527189409,39.719398840828376,kmag,green19,using DR13 feh and SDSS teff
KIC4641621,5684.0,61.0,3.6022192230507284,0.04487715931443964,-0.264,0.101,0.0013283461244715205,2.003958364799081e-05,10.559000000000001,0.024,10.177999999999999,0.018000000000000002,287.58883225978286,39.71147159826272,kmag,green19,using DR13 feh and SDSS teff
KIC4672403,5779.0,88.0,3.991493662382533,0.02030277536154082,0.113,0.1,0.0027580515679220324,3.154653774156632e-05,10.064,0.023,9.699,0.013999999999999999,296.1616215928645,39.78177709864818,kmag,green19,using DR13 feh and SDSS teff
KIC4739932,5876.0,111.0,4.0080113823686965,0.03712045559292498,0.008,0.1,0.0022582633775015066,2.338255881339056e-05,10.540999999999999,0.025,10.176,0.018000000000000002,289.7565029602037,39.8720242975967,kmag,green19,using DR13 feh and SDSS teff
KIC4755204,6073.0,70.0,4.089143481910194,0.014156810133506776,-0.07200000000000001,0.1,0.003991338497849052,4.23394766513371e-05,9.56,0.02,9.263,0.018000000000000002,294.1491090249452,39.81192203910828,kmag,green19,using DR13 feh and SDSS teff
KIC4756112,6182.0,60.0,3.788072417766223,0.04481457523203953,-0.209,0.1,0.001948142535679065,2.670444188180816e-05,9.89,0.024,9.59,0.022000000000000002,294.37733055100466,39.855695785772326,kmag,green19,using DR13 feh and SDSS teff
KIC4841753,5966.0,67.0,3.889773950378431,0.04071550930234492,0.127,0.1,0.0018161544405801925,2.361621917367921e-05,10.651,0.02,10.312999999999999,0.017,293.52514582699143,39.99118294932861,kmag,green19,using DR13 feh and SDSS teff
KIC4842436,5688.0,63.0,4.071138706842486,0.0596297844682984,0.139,0.1,0.0030985448422735425,4.0238712983383084e-05,10.232999999999999,0.02,9.874,0.018000000000000002,293.72769027355616,39.90733619554557,kmag,green19,using DR13 feh and SDSS teff
KIC4846457,5885.0,81.0,3.7950904250549553,0.03806440199620777,0.229,0.1,0.0018853327989424612,2.92215886186925e-05,10.07,0.022000000000000002,9.771,0.024,294.7394102024715,39.998093942555506,kmag,green19,using DR13 feh and SDSS teff
KIC4914923,6188.0,66.0,3.801625342493257,0.021161441253717925,0.15,0.1,0.008217493631851603,9.0186391019956e-05,8.285,0.024,7.935,0.023,289.1454889245425,40.0480745377673,kmag,green19,using DR13 feh and SDSS teff
KIC4915148,5026.0,75.0,3.671211001432385,0.008612280685159034,0.095,0.102,0.003792755899296645,2.169261080748916e-05,9.158,0.018000000000000002,8.609,0.018000000000000002,289.21022402809456,40.0191251618955,kmag,green19,using DR13 feh and SDSS teff
KIC4947253,5953.0,59.0,3.9184353797692526,0.022912204513796983,-0.196,0.1,0.0026290554734164097,2.4874177633916388e-05,9.943,0.021,9.621,0.02,297.5143175319795,40.05043795204371,kmag,green19,using DR13 feh and SDSS teff
KIC5021689,6262.0,45.0,4.038198571660958,0.014150411717526925,-0.08900000000000001,0.1,0.005586635143963099,2.4799901495212492e-05,8.472999999999999,0.019,8.196,0.021,294.7196964754528,40.15347221624359,kmag,green19,using DR13 feh and SDSS teff
KIC5033245,5086.0,63.0,3.547110327785961,0.00907906299084815,0.119,0.1,0.002439214686279623,3.9573005916451935e-05,9.478,0.02,8.927999999999999,0.018000000000000002,297.13011963177644,40.19169911275739,kmag,green19,using DR13 feh and SDSS teff
KIC5084157,5803.0,83.0,4.2021748172885625,0.011914143129513513,0.125,0.1,0.002936443875983261,2.1242161663020963e-05,10.519,0.024,10.175,0.018000000000000002,286.6882469172991,40.233242032369354,kmag,green19,using DR13 feh and SDSS teff
KIC5110725,4869.0,79.0,3.4130387097656096,0.009511678968190846,0.353,0.099,0.0026093804036159195,2.4436613979136424e-05,9.377,0.02,8.769,0.018000000000000002,294.9226663938278,40.284672855763496,kmag,green19,using DR13 feh and SDSS teff
KIC5214711,6194.0,54.0,3.963581960242866,0.05408603049308533,-0.025,0.1,0.002719153007305382,2.5568577733734083e-05,9.9,0.019,9.615,0.018000000000000002,298.3646223477048,40.34362316289415,kmag,green19,using DR13 feh and SDSS teff
KIC5253542,5770.0,96.0,4.3264470751022515,0.027346392921219483,0.203,0.1,0.0058396473648444965,2.425688678726834e-05,9.455,0.027999999999999997,9.068999999999999,0.02,283.72177369582823,40.491768387112,kmag,green19,using DR13 feh and SDSS teff
KIC5265656,5099.0,90.0,3.665860704007861,0.0939482934380004,0.309,0.099,0.002778872986463435,2.1093856354066898e-05,9.531,0.022000000000000002,9.004,0.019,288.91450828871837,40.41912793685249,kmag,green19,using DR13 feh and SDSS teff
KIC5344612,6359.0,84.0,4.075657283711889,0.03747993744753998,-0.123,0.1,0.002608253950690805,2.7940738519426376e-05,10.134,0.02,9.849,0.017,285.3908688411218,40.51716866965096,kmag,green19,using DR13 feh and SDSS teff
KIC5353186,6166.0,55.0,3.9058982644560154,0.013662998080677441,0.073,0.1,0.0018318078658552633,2.085003323329624e-05,10.453,0.02,10.156,0.016,288.9116188595277,40.59505542352288,kmag,green19,using DR13 feh and SDSS teff
KIC5371516,6350.0,81.0,3.9739779528074552,0.014421233597346926,0.075,0.1,0.007532083306847771,3.136390631730387e-05,7.4270000000000005,0.035,7.202000000000001,0.018000000000000002,294.36531821376695,40.58874654209039,kmag,green19,using DR13 feh and SDSS teff
KIC5390438,4814.0,64.0,3.384638799730435,0.009016363902354564,0.18600000000000005,0.1,0.0028904985246739957,4.890860089748168e-05,8.986,0.021,8.377,0.018000000000000002,298.6342977464512,40.597683530667204,kmag,green19,using DR13 feh and SDSS teff
KIC5429911,5303.0,74.0,3.5871959530038633,0.024466494879824344,-0.005,0.102,0.004394786389666975,2.661732056218091e-05,8.04,0.034,7.5329999999999995,0.017,285.0525451314505,40.6117814793989,kmag,green19,using DR13 feh and SDSS teff
KIC5431016,6601.0,62.0,3.968920777789784,0.045609019914867495,-0.264,0.101,0.002311130737839568,4.6267838535656096e-05,9.846,0.021,9.613999999999999,0.017,285.5891210631675,40.60526191890258,kmag,green19,using DR13 feh and SDSS teff
KIC5450445,6212.0,49.0,3.9957435382956152,0.01816909291388138,0.019,0.1,0.004251314846016598,2.6338000866301613e-05,8.827,0.019,8.502,0.019,292.452380208253,40.631652101468504,kmag,green19,using DR13 feh and SDSS teff
KIC5512589,5789.0,56.0,4.063706102652384,0.010164257563782477,0.032,0.1,0.0053381794581172475,2.5532235988979703e-05,8.888,0.024,8.562999999999999,0.018000000000000002,283.7329288393197,40.77556301193342,kmag,green19,using DR13 feh and SDSS teff
KIC5516982,6444.0,50.0,4.203338924263728,0.012180833290540377,-0.065,0.1,0.005335579720946718,2.4593837281951254e-05,8.857000000000001,0.023,8.594,0.017,285.9149285670851,40.704933203962284,kmag,green19,using DR13 feh and SDSS teff
KIC5523099,5488.0,62.0,3.80148327206998,0.019316683759600373,-0.112,0.1,0.0021694124966159284,2.1201123466956032e-05,10.379000000000001,0.022000000000000002,9.934,0.018000000000000002,288.46794719580816,40.75781614667841,kmag,green19,using DR13 feh and SDSS teff
KIC5530375,6210.0,55.0,3.703716697483438,0.020119563615109283,-0.226,0.1,0.0028368840719475005,0.00015441374994926043,9.329,0.021,8.991,0.017,290.7542372725873,40.724473109253296,kmag,green19,using DR13 feh and SDSS teff
KIC5543462,6246.0,54.0,4.212372757150138,0.07080060822629476,-0.3720000000000001,0.102,0.003676145652031341,2.8239107107703527e-05,10.167,0.022000000000000002,9.824,0.025,294.6389416111113,40.70651477108459,kmag,green19,using DR13 feh and SDSS teff
KIC5607242,5689.0,67.0,3.774430801814398,0.0069449361897532865,-0.185,0.102,0.0029479806118021803,2.0331823210577084e-05,9.504,0.02,9.031,0.018000000000000002,287.6464041981885,40.843211141078974,kmag,green19,using DR13 feh and SDSS teff
KIC5629080,5203.0,94.0,3.557099813981618,0.010013786507792735,-0.301,0.102,0.0031922156864006147,2.7572017497294364e-05,9.036,0.044000000000000004,8.487,0.024,294.47863578523413,40.83172346939164,kmag,green19,using DR13 feh and SDSS teff
KIC5636956,6369.0,60.0,3.974662289518614,0.01712923973747319,0.094,0.1,0.0023859474550295048,2.36103795721123e-05,9.916,0.026000000000000002,9.602,0.012,296.4064310415427,40.83686266606571,kmag,green19,using DR13 feh and SDSS teff
KIC5683538,6366.0,73.0,3.8037051138580313,0.07606032180072066,-0.557,0.102,0.0018593810165261633,2.0176709648156104e-05,10.407,0.023,10.115,0.023,283.14851800934366,40.98829532526419,kmag,green19,using DR13 feh and SDSS teff
KIC5723165,5290.0,91.0,3.686298070598494,0.008241235957396283,-0.12,0.1,0.0031797384326804137,2.7889616615525584e-05,9.232999999999999,0.021,8.749,0.012,296.5618894420668,40.99550768149771,kmag,green19,using DR13 feh and SDSS teff
KIC5773155,6317.0,55.0,4.041523312896448,0.018075622241738042,0.138,0.1,0.0034233399166024767,2.7512738644278812e-05,9.399,0.021,9.101,0.017,285.34822924467073,41.019839457255934,kmag,green19,using DR13 feh and SDSS teff
KIC5773345,6214.0,61.0,4.006454940678428,0.007778953911257215,0.255,0.1,0.005547873118767912,2.33961592842433e-05,8.237,0.019,7.946000000000001,0.017,285.4378322369741,41.08068118825256,kmag,green19,using DR13 feh and SDSS teff
KIC5822889,5220.0,68.0,3.403208604380534,0.011848222595218748,-0.11,0.101,0.0017023897464350573,3.761170123830725e-05,9.633,0.021,9.056000000000001,0.017,299.49272568872027,41.06972572969498,kmag,green19,using DR13 feh and SDSS teff
KIC5892169,5295.0,79.0,3.6225476305259683,0.010045982679222307,-0.003,0.1,0.003804349350187652,2.563176226673801e-05,8.519,0.035,8.031,0.021,296.22027083122777,41.11473024402526,kmag,green19,using DR13 feh and SDSS teff
KIC5950854,5913.0,61.0,4.2371203156395945,0.008793876385136151,-0.238,0.1,0.00435470296963703,2.7379627657518224e-05,9.857000000000001,0.021,9.547,0.019,288.78362158579137,41.29887104678695,kmag,green19,using DR13 feh and SDSS teff
KIC5955122,5930.0,55.0,3.887987837899513,0.006717137463346972,-0.246,0.101,0.005582213610288653,2.110498709512735e-05,8.243,0.026000000000000002,7.919,0.024,290.122312484516,41.29148429874814,kmag,green19,using DR13 feh and SDSS teff
KIC5961597,6492.0,53.0,4.074088701122953,0.025876519998264645,0.051,0.1,0.003095587247229808,2.5685739906204125e-05,9.432,0.022000000000000002,9.182,0.019,292.25753187066096,41.24146630520699,kmag,green19,using DR13 feh and SDSS teff
KIC6034893,5381.0,79.0,3.4583870045972662,0.014869729416287798,-0.14400000000000002,0.101,0.0019027293350737649,2.1813727468139838e-05,9.539,0.021,9.009,0.017,289.3651204677922,41.370785623610885,kmag,green19,using DR13 feh and SDSS teff
KIC6035199,5271.0,69.0,3.4417027382085883,0.015610123471481434,-0.46,0.1,0.0025253281722443324,4.5595955878048765e-05,9.482999999999999,0.018000000000000002,8.943999999999999,0.018000000000000002,289.46845553993626,41.33182745112699,kmag,green19,using DR13 feh and SDSS teff
KIC6047087,6189.0,61.0,4.25651884763513,0.027879299790041855,-0.188,0.1,0.005116880110268238,2.286011590758217e-05,9.416,0.02,9.125,0.018000000000000002,293.2660820673912,41.39232004203185,kmag,green19,using DR13 feh and SDSS teff
KIC6049366,6220.0,62.0,3.998511420420836,0.051205702237562496,-0.14300000000000002,0.099,0.0025947049019551596,2.5082758081562817e-05,10.134,0.02,9.868,0.018000000000000002,293.9328704277111,41.31670210032685,kmag,green19,using DR13 feh and SDSS teff
KIC6116048,6072.0,49.0,4.281209383861063,0.006875889178769963,-0.253,0.099,0.0134173175274146,2.941585025347226e-05,7.438,0.044000000000000004,7.121,0.017,289.44288473735287,41.41055332021363,kmag,green19,using DR13 feh and SDSS teff
KIC6129877,6064.0,72.0,4.24590350928291,0.027176223361190983,-0.048,0.1,0.005589637297667284,3.7487336256354726e-05,9.099,0.018000000000000002,8.762,0.021,293.77497591077736,41.4198078925887,kmag,green19,using DR13 feh and SDSS teff
KIC6145937,5391.0,58.0,3.7480078087883713,0.011764741931240084,-0.313,0.101,0.003647296726979845,2.900833777885511e-05,8.9,0.018000000000000002,8.423,0.031,297.67635249439303,41.473111087928594,kmag,green19,using DR13 feh and SDSS teff
KIC6232600,6435.0,70.0,4.25739736514754,0.021964530169225924,-0.294,0.1,0.008934785470832608,2.476361143561149e-05,8.022,0.024,7.755,0.024,298.87177945682964,41.58331279950416,kmag,green19,using DR13 feh and SDSS teff
KIC6287060,6020.0,53.0,4.161055771140134,0.05646381691622083,-0.016,0.1,0.004488643273706962,3.14757425134869e-05,9.252,0.021,8.891,0.017,292.4581382038523,41.69850980954124,kmag,green19,using DR13 feh and SDSS teff
KIC6290627,5247.0,69.0,3.431875042270537,0.010689308409656942,-0.309,0.105,0.0022960036443019157,2.641414106545168e-05,9.588,0.022000000000000002,9.017000000000001,0.017,293.5943719516441,41.60625745061184,kmag,green19,using DR13 feh and SDSS teff
KIC6308642,5610.0,56.0,3.80512811070229,0.014745567884855038,-0.259,0.101,0.003023579759379273,2.1428985462676043e-05,9.427,0.019,9.039,0.018000000000000002,298.04659845214763,41.66639921512067,kmag,green19,using DR13 feh and SDSS teff
KIC6313425,5763.0,85.0,3.7458286965279495,0.008235601331247282,-0.078,0.103,0.0020075394094531533,2.9243183739006006e-05,10.128,0.02,9.737,0.02,299.080970095453,41.69447876166375,kmag,green19,using DR13 feh and SDSS teff
KIC6370489,6302.0,80.0,3.927357104221752,0.009566454654471791,-0.452,0.1,0.006850778394844858,2.797447008590441e-05,7.807,0.019,7.529,0.017,293.84150909689515,41.77650489127883,kmag,green19,using DR13 feh and SDSS teff
KIC6430804,5076.0,67.0,3.4800205300837033,0.012728939275901338,0.061,0.1,0.0021234443985155204,1.8475251445733015e-05,9.958,0.021,9.366,0.018000000000000002,287.50898793632575,41.88938999866377,kmag,green19,using DR13 feh and SDSS teff
KIC6442183,6188.0,66.0,3.801625342493257,0.021161441253717925,0.15,0.1,0.01107888776236103,2.4303067354245056e-05,7.321000000000001,0.023,6.983,0.016,291.5800673469364,41.86991691413756,kmag,green19,using DR13 feh and SDSS teff
KIC6508366,6499.0,46.0,3.956837507710024,0.006844063483529244,-0.03,0.099,0.005546270509790096,2.3018764249750086e-05,8.014,0.02,7.801,0.024,286.93163372684074,41.93773511197378,kmag,green19,using DR13 feh and SDSS teff
KIC6520835,6146.0,50.0,3.912305473919165,0.0227186978333767,0.032,0.1,0.0034398503515261094,2.047124562942719e-05,9.062000000000001,0.028999999999999998,8.786,0.013999999999999999,291.31609726830743,41.91677054606697,kmag,green19,using DR13 feh and SDSS teff
KIC6529109,5806.0,90.0,4.0058129363556985,0.013531896661429291,0.07200000000000001,0.099,0.0031072271451743298,2.5187487234733687e-05,9.902999999999999,0.021,9.557,0.013999999999999999,293.92404135464716,41.952581131429355,kmag,green19,using DR13 feh and SDSS teff
KIC6530901,6374.0,53.0,4.173704113441952,0.04805125432026357,0.018000000000000002,0.1,0.0042422017711137815,3.3907558402584425e-05,9.31,0.021,9.013,0.016,294.43527828426164,41.903276603710864,kmag,green19,using DR13 feh and SDSS teff
KIC6531928,5333.0,64.0,3.5902524136031224,0.010569270635449024,-0.7190000000000001,0.103,0.00326102363258224,2.536163846151714e-05,9.325,0.022000000000000002,8.833,0.024,294.71256628975897,41.96604081217391,kmag,green19,using DR13 feh and SDSS teff
KIC6592305,6132.0,55.0,3.883649778209893,0.017911354770849888,0.06,0.1,0.003612918535690101,2.6187024950987428e-05,8.95,0.03,8.625,0.011000000000000001,287.2529241765191,42.05480833351256,kmag,green19,using DR13 feh and SDSS teff
KIC6593620,5791.0,60.0,4.053461772434009,0.029400164461221037,-0.26,0.1,0.0032919838409229203,2.400767630157136e-05,10.125,0.02,9.762,0.011000000000000001,287.77565459171024,42.04551557946144,kmag,green19,using DR13 feh and SDSS teff
KIC6603624,5612.0,66.0,4.318557901315454,0.007650297178089849,0.2,0.1,0.012204592362716673,2.079640771050877e-05,7.917999999999999,0.024,7.566,0.024,291.04645954865845,42.05254163836772,kmag,green19,using DR13 feh and SDSS teff
KIC6605673,6222.0,60.0,4.059433677642332,0.03174518543738021,-0.258,0.1,0.003046588162508959,2.5413205349296143e-05,10.007,0.023,9.704,0.016,291.67260853863337,42.06151368025952,kmag,green19,using DR13 feh and SDSS teff
KIC6612225,6374.0,54.0,4.015634450773114,0.01237664698465693,-0.337,0.1,0.0032434299637006765,3.676579459628418e-05,9.506,0.021,9.237,0.012,293.58985495846275,42.08681631879463,kmag,green19,using DR13 feh and SDSS teff
KIC6671492,6103.0,103.0,3.8327500073730416,0.02840067498234243,0.067,0.1,0.001867913504177679,2.576405265732701e-05,10.245,0.021,9.96,0.016,284.59616301409415,42.11882866972714,kmag,green19,using DR13 feh and SDSS teff
KIC6688822,5563.0,61.0,3.8570839842734914,0.025951666847714664,0.147,0.1,0.0035612839437566906,7.849411519580419e-05,8.908999999999999,0.019,8.543,0.011000000000000001,291.00157878382544,42.14608301074197,kmag,green19,using DR13 feh and SDSS teff
KIC6689943,6011.0,54.0,4.181569825324779,0.017777544573504066,-0.002,0.1,0.004595026046211892,2.302431541809421e-05,9.22,0.021,8.872,0.013999999999999999,291.352812497018,42.123622026219365,kmag,green19,using DR13 feh and SDSS teff
KIC6693861,5937.0,80.0,3.8491759654206175,0.007719114270116133,-0.402,0.102,0.0022935684898291696,2.393739425623073e-05,10.325999999999999,0.021,9.974,0.017,292.5372094942204,42.153935664697975,kmag,green19,using DR13 feh and SDSS teff
KIC6766513,6594.0,77.0,3.917878339633544,0.011740266788513544,-0.397,0.102,0.001988702122204865,2.2309108730206082e-05,10.373,0.022000000000000002,10.103,0.018000000000000002,288.2697122641904,42.25708226308305,kmag,green19,using DR13 feh and SDSS teff
KIC6802438,5313.0,59.0,3.683643182166621,0.012337089817797443,-0.298,0.1,0.002963907738634712,2.627199945789874e-05,9.367,0.02,8.87,0.012,298.0107424770336,42.20221306720447,kmag,green19,using DR13 feh and SDSS teff
KIC6806100,5286.0,83.0,3.887183076981517,0.08449363850299864,0.237,0.1,0.0022453419127383615,6.575180023365555e-05,9.916,0.024,9.501,0.018000000000000002,298.78797306994096,42.21627816565551,kmag,green19,using DR13 feh and SDSS teff
KIC6837853,5886.0,57.0,4.224912208214942,0.032935463372910215,0.154,0.1,0.004004639007247923,1.9038237033507375e-05,9.995,0.027000000000000003,9.61,0.019,282.0069232120291,42.35321723059389,kmag,green19,using DR13 feh and SDSS teff
KIC6848299,5437.0,60.0,3.9118979919025385,0.0138957712862704,-0.368,0.101,0.0031922397353471633,2.142520022274059e-05,10.035,0.021,9.571,0.013999999999999999,286.8205812464422,42.31260146042114,kmag,green19,using DR13 feh and SDSS teff
KIC6853020,6437.0,56.0,3.978652958961499,0.041663860713346566,0.125,0.1,0.002567589775123687,2.610500339088907e-05,9.793,0.023,9.502,0.013999999999999999,288.6733101455193,42.34251564451787,kmag,green19,using DR13 feh and SDSS teff
KIC6863041,5570.0,68.0,3.838120679850335,0.023083697150382755,0.14,0.1,9.040106078317152e-05,0.00028012912405343376,10.273,0.021,9.898,0.015,291.8135393631154,42.362093844669936,kmag,green19,using DR13 feh and SDSS teff
KIC6933899,5841.0,56.0,4.091490573041053,0.006743554711264074,-0.045,0.1,0.006232995393205254,3.125894004322696e-05,8.5,0.02,8.171,0.021,286.74285376207405,42.435392462787405,kmag,green19,using DR13 feh and SDSS teff
KIC6947945,5572.0,74.0,3.803524434105405,0.01056676066381589,-0.14400000000000002,0.103,0.00286682557917845,3.7864732785466064e-05,9.774,0.02,9.328,0.015,291.6013069926766,42.48449151948921,kmag,green19,using DR13 feh and SDSS teff
KIC7038145,6074.0,58.0,3.834264776148834,0.025613518223560217,0.257,0.1,0.0016289847733398058,2.3018132656648743e-05,10.561,0.018000000000000002,10.267000000000001,0.018000000000000002,293.1982500722225,42.5555801554328,kmag,green19,using DR13 feh and SDSS teff
KIC7103006,6421.0,51.0,4.038283963463928,0.007227362725998249,0.071,0.099,0.006401729340537688,2.4502073896832013e-05,7.922999999999999,0.021,7.702000000000001,0.021,286.7330618145741,42.671972945533454,kmag,green19,using DR13 feh and SDSS teff
KIC7106245,6074.0,54.0,4.346173981567548,0.010973387567908114,-0.188,0.1,0.005058833579325963,2.137381514692332e-05,9.742,0.023,9.419,0.011000000000000001,288.00930296833616,42.67220189709535,kmag,green19,using DR13 feh and SDSS teff
KIC7107778,5129.0,82.0,3.6534519393220863,0.010163776431371232,0.034,0.1,0.0016632553847167962,2.299812740515897e-05,9.895,0.021,9.381,0.013999999999999999,288.57750916207215,42.64702094112845,kmag,green19,using DR13 feh and SDSS teff
KIC7133688,6400.0,63.0,4.0244903456601016,0.05849369614211181,0.028,0.1,0.002240435140823192,3.667393284863189e-05,10.206,0.023,9.943,0.012,296.1565337470145,42.60727569281262,kmag,green19,using DR13 feh and SDSS teff
KIC7174470,6119.0,84.0,3.928756005359337,0.03868364979020726,0.192,0.1,0.0025130005528583442,2.2340626973708244e-05,9.818999999999999,0.022000000000000002,9.465,0.011000000000000001,281.50330060397437,42.732877473293186,kmag,green19,using DR13 feh and SDSS teff
KIC7174707,5381.0,69.0,3.844084900098635,0.006999024485012278,-0.006,0.1,0.002770517764471344,2.28439139519041e-05,10.047,0.021,9.582,0.011000000000000001,281.64427704135113,42.75925607124283,kmag,green19,using DR13 feh and SDSS teff
KIC7206837,6392.0,59.0,4.183213195573835,0.008757705984483936,0.128,0.1,0.005147679691275283,2.77174987817469e-05,8.828,0.021,8.575,0.013999999999999999,293.7656768034555,42.73800270761938,kmag,green19,using DR13 feh and SDSS teff
KIC7216846,5124.0,84.0,3.605244417230164,0.014540743098827368,0.073,0.102,0.0022535251275595906,2.492352019423851e-05,9.777999999999999,0.02,9.24,0.012,296.3320655399625,42.719647661994536,kmag,green19,using DR13 feh and SDSS teff
KIC7264595,5778.0,59.0,3.6827796399879857,0.03686651685217742,-0.252,0.103,0.0019026238907482419,2.3635611601875332e-05,10.154,0.027000000000000003,9.747,0.021,285.4778225487468,42.8707029379463,kmag,green19,using DR13 feh and SDSS teff
KIC7282890,6341.0,47.0,3.88307079751926,0.012890521891871171,-0.014,0.099,0.004599489837990597,2.389292784401651e-05,8.168,0.024,7.941,0.016,292.05486873733884,42.863643947189594,kmag,green19,using DR13 feh and SDSS teff
KIC7296438,5749.0,56.0,4.212806423774001,0.007042135925371084,0.208,0.1,0.006036345933374768,2.60592293302049e-05,8.988999999999999,0.039,8.645,0.012,295.87221939754806,42.8811453455083,kmag,green19,using DR13 feh and SDSS teff
KIC7341231,6188.0,66.0,3.801625342493257,0.021161441253717925,0.15,0.1,0.004274651696167771,2.227691890186308e-05,8.564,0.023,8.166,0.013000000000000001,283.57087175824864,42.9845391014131,kmag,green19,using DR13 feh and SDSS teff
KIC7376493,5803.0,73.0,4.074611815466978,0.016743225927781533,-0.123,0.101,0.0031314761263730295,2.493738748772081e-05,10.350999999999999,0.02,9.958,0.013999999999999999,295.6866870138399,42.921768784299246,kmag,green19,using DR13 feh and SDSS teff
KIC7383120,6048.0,58.0,4.209870112830151,0.022679757036118547,-0.112,0.1,0.0038216490586657245,2.8586869744332145e-05,9.87,0.021,9.557,0.013999999999999999,297.23764068031954,42.97528073735229,kmag,green19,using DR13 feh and SDSS teff
KIC7386523,5796.0,67.0,3.908445553915017,0.031979644534218685,-0.06,0.102,0.002018369485090915,2.4171540784521638e-05,10.440999999999999,0.022000000000000002,10.091000000000001,0.015,297.9508173371449,42.99111118164818,kmag,green19,using DR13 feh and SDSS teff
KIC7429287,5802.0,60.0,4.077972955197868,0.016291190679951155,-0.381,0.1,0.0030688571282451145,2.249306090633921e-05,10.29,0.02,9.92,0.015,286.3960422093417,43.07565655365099,kmag,green19,using DR13 feh and SDSS teff
KIC7448374,5676.0,59.0,3.8327411362617165,0.01881211741364934,0.107,0.1,0.0035983435320375563,2.7717462147558882e-05,9.078,0.028999999999999998,8.693999999999999,0.015,292.863214148623,43.03446532537304,kmag,green19,using DR13 feh and SDSS teff
KIC7529180,6682.0,58.0,4.260818740287254,0.014215862132412832,-0.024,0.1,0.009076188559490916,3.4831240694619535e-05,7.63,0.02,7.4479999999999995,0.02,292.25678841329056,43.176427806362746,kmag,green19,using DR13 feh and SDSS teff
KIC7534011,5491.0,60.0,3.9463228815262896,0.014867789703795006,0.292,0.099,0.0032458185722389625,2.475403787205973e-05,9.347000000000001,0.021,8.925,0.016,293.64508193155467,43.1847827968491,kmag,green19,using DR13 feh and SDSS teff
KIC7584900,4955.0,71.0,3.4236066210815226,0.0071777428113385,0.284,0.101,0.001809774468736035,4.3987038142069856e-05,9.719,0.021,9.095,0.011000000000000001,282.3893098324809,43.28173938538623,kmag,green19,using DR13 feh and SDSS teff
KIC7591963,5966.0,61.0,3.998910966390603,0.026335170595962156,0.011,0.1,0.0022766412262227908,2.102016235590133e-05,10.474,0.024,10.128,0.022000000000000002,285.85270095472663,43.21430671746014,kmag,green19,using DR13 feh and SDSS teff
KIC7611858,5926.0,58.0,4.145395730949257,0.07908140380545327,0.021,0.099,0.003320716640156478,2.702777795008749e-05,10.11,0.018000000000000002,9.766,0.02,293.15335091392535,43.28651117046008,kmag,green19,using DR13 feh and SDSS teff
KIC7628676,5182.0,69.0,3.6041516603521813,0.01388604954349555,-0.07,0.1,0.002551934069242381,9.545917020369407e-05,9.345,0.021,8.823,0.015,297.47555349611,43.20547302602705,kmag,green19,using DR13 feh and SDSS teff
KIC7668623,6277.0,48.0,3.8726054922966813,0.016559680138996075,-0.004,0.1,0.004119377569669552,1.9186459643818137e-05,8.4,0.02,8.155,0.021,286.2608427782693,43.379640074754704,kmag,green19,using DR13 feh and SDSS teff
KIC7680114,5800.0,56.0,4.181598920135121,0.007005622858020256,0.058,0.1,0.0058605676213374066,2.331128168314272e-05,9.012,0.037000000000000005,8.673,0.011000000000000001,290.98527476094137,43.314865735591106,kmag,green19,using DR13 feh and SDSS teff
KIC7700968,5982.0,75.0,4.271213386710368,0.08949853605956731,-0.517,0.204,0.005938876876160232,0.00022225369546854492,9.256,0.022000000000000002,8.856,0.015,297.34192962311124,43.333792078023,kmag,green19,using DR13 feh and SDSS teff
KIC7739672,6069.0,55.0,4.0895007570039175,0.06751047059409117,0.085,0.099,0.0030134555611216994,1.871215474834862e-05,9.931000000000001,0.019,9.626,0.012,286.3145026508642,43.462532833101776,kmag,green19,using DR13 feh and SDSS teff
KIC7747078,6188.0,66.0,3.801625342493257,0.021161441253717925,0.15,0.1,0.005602577902874084,2.71709738692438e-05,8.294,0.027000000000000003,7.976,0.021,289.72571380981213,43.496146900652725,kmag,green19,using DR13 feh and SDSS teff
KIC7771282,6407.0,74.0,4.1343203169859954,0.02074884972580273,-0.033,0.1,0.0032470366478920365,2.537415695307781e-05,9.801,0.022000000000000002,9.532,0.013000000000000001,297.3702529744352,43.429474569079495,kmag,green19,using DR13 feh and SDSS teff
KIC7799349,5038.0,71.0,3.6736381934058984,0.007479942006125951,0.195,0.1,0.005484198170389129,2.031819537153801e-05,8.06,0.026000000000000002,7.518,0.016,281.0531989805502,43.53386218210304,kmag,green19,using DR13 feh and SDSS teff
KIC7799430,5120.0,66.0,3.5913413031105,0.009668791361015257,-0.159,0.101,0.0034665119151547604,1.95560933818157e-05,9.16,0.02,8.629,0.011000000000000001,281.1116521026579,43.544873055598146,kmag,green19,using DR13 feh and SDSS teff
KIC7800289,6422.0,53.0,3.7390786513045002,0.011656748734287192,-0.362,0.101,0.003137765034560666,2.137382305625633e-05,8.597999999999999,0.023,8.381,0.011000000000000001,281.65966381574486,43.54157369275063,kmag,green19,using DR13 feh and SDSS teff
KIC7833440,6327.0,59.0,4.0155688650421135,0.04099599800729427,-0.467,0.103,0.002886493071553429,3.110423734298833e-05,10.065,0.021,9.774,0.012,295.41610491169916,43.58313257617996,kmag,green19,using DR13 feh and SDSS teff
KIC7870112,5656.0,79.0,4.096209218946211,0.031755534230008195,0.35100000000000003,0.099,0.003854037587646691,2.1061424198227004e-05,9.671,0.023,9.304,0.023,282.07982270248044,43.60376539689753,kmag,green19,using DR13 feh and SDSS teff
KIC7871531,5378.0,57.0,4.477760683995123,0.009100731130053255,-0.474,0.139,0.015078801647521838,0.0002610358437779321,7.971,0.017,7.516,0.023,282.91480269717243,43.63594821558285,kmag,green19,using DR13 feh and SDSS teff
KIC7880676,6269.0,56.0,3.976418783951608,0.031391481928820915,0.048,0.099,0.0025267952968952203,2.3752409618833768e-05,9.921,0.027000000000000003,9.466000000000001,0.012,287.76729298003613,43.603090444862175,kmag,green19,using DR13 feh and SDSS teff
KIC7910848,6074.0,56.0,4.065692798148068,0.11439322189630513,0.11,0.1,0.0029768422793686284,2.374048594127206e-05,10.062999999999999,0.019,9.74,0.015,297.81766393329286,43.665881583768986,kmag,green19,using DR13 feh and SDSS teff
KIC7914731,5633.0,67.0,3.7081678240655074,0.041005139602344316,-0.047,0.103,0.0017149958511971219,2.2722069039752485e-05,10.286,0.035,9.923,0.027000000000000003,298.7683123168697,43.695730779039735,kmag,green19,using DR13 feh and SDSS teff
KIC7976303,6304.0,46.0,3.906026460157977,0.012647800184793072,-0.5770000000000001,0.102,0.0061240800794302806,2.7477998567514028e-05,8.038,0.021,7.73,0.021,297.05984307249776,43.746914558683,kmag,green19,using DR13 feh and SDSS teff
KIC8012842,5849.0,58.0,4.251537572253352,0.06909321760940076,0.152,0.1,0.0049070044398512175,2.1034989558358624e-05,9.567,0.02,9.232000000000001,0.016,284.8062019272624,43.89516335322035,kmag,green19,using DR13 feh and SDSS teff
KIC8016496,6446.0,73.0,3.985193301077184,0.04253343589079441,0.08800000000000001,0.1,0.0020461776923544955,4.8709689947734637e-05,10.41,0.024,10.183,0.016,286.8507207026495,43.8087075996628,kmag,green19,using DR13 feh and SDSS teff
KIC8018599,6013.0,62.0,3.60018363782522,0.008072923440251355,0.064,0.1,0.0018622354030551251,2.118751629927863e-05,9.61,0.025,9.277999999999999,0.011000000000000001,287.88527010618253,43.814867072480624,kmag,green19,using DR13 feh and SDSS teff
KIC8019508,6211.0,55.0,3.7727661187761634,0.02921453537643435,0.052000000000000005,0.1,0.0023427204057143132,2.2950657536241637e-05,9.59,0.023,9.279,0.011000000000000001,288.3092830870426,43.85100221494724,kmag,green19,using DR13 feh and SDSS teff
KIC8026226,6319.0,54.0,3.7188523022760793,0.00695656620041259,-0.272,0.103,0.005555397515916584,3.138194498227624e-05,7.476,0.021,7.229,0.023,290.903869847575,43.891326480118934,kmag,green19,using DR13 feh and SDSS teff
KIC8027956,5967.0,70.0,4.0300210650607315,0.03160221937369132,0.042,0.1,0.002435724406781414,1.9290592043756983e-05,10.501,0.02,10.179,0.013999999999999999,291.4937797076683,43.86118825801033,kmag,green19,using DR13 feh and SDSS teff
KIC8045442,5853.0,76.0,3.6342164084266515,0.044071000807265885,-0.138,0.1,0.001990114510693684,2.5706244377433082e-05,9.825,0.022000000000000002,9.478,0.016,297.119130787405,43.829188108997606,kmag,green19,using DR13 feh and SDSS teff
KIC8106950,6098.0,63.0,4.019057309121936,0.0396465906231522,-0.385,0.101,0.0024482302574066824,4.049599510749601e-05,10.527000000000001,0.022000000000000002,10.177,0.015,295.01372795184693,43.99797335120835,kmag,green19,using DR13 feh and SDSS teff
KIC8114155,5761.0,60.0,4.087696966230117,0.047723970160458866,0.019,0.1,0.003234222884650989,2.522770890007806e-05,10.088,0.022000000000000002,9.721,0.016,297.1264889138135,43.901319596537924,kmag,green19,using DR13 feh and SDSS teff
KIC8150065,6265.0,58.0,4.238357242225308,0.0152452579755283,-0.033,0.1,0.0038765935435306448,1.797334146492364e-05,9.771,0.02,9.457,0.016,285.0288461869014,44.02906018590601,kmag,green19,using DR13 feh and SDSS teff
KIC8174981,6065.0,53.0,3.9554338296659584,0.027882676111649216,-0.099,0.1,0.002950871686771528,2.5364844546926886e-05,9.585,0.02,9.277999999999999,0.016,294.9589369402246,44.046321597131254,kmag,green19,using DR13 feh and SDSS teff
KIC8176564,6109.0,51.0,4.141650980618065,0.008560024113525806,-0.201,0.1,0.004699287522609257,2.6741467429468975e-05,9.309,0.019,8.996,0.013999999999999999,295.43967061410115,44.03901185982932,kmag,green19,using DR13 feh and SDSS teff
KIC8179536,6418.0,50.0,4.285331236692775,0.00813550621104305,0.031,0.1,0.007045635549109437,3.6286716009839985e-05,8.508,0.02,8.277999999999999,0.012,296.34975145988585,44.07648621000197,kmag,green19,using DR13 feh and SDSS teff
KIC8179643,6280.0,61.0,3.9783235167145454,0.02077032726214641,-0.402,0.102,0.0003794816873037775,0.0003646587503779429,10.134,0.025,9.843,0.012,296.38391902285395,44.04427602277483,kmag,green19,using DR13 feh and SDSS teff
KIC8179973,4949.0,60.0,3.4483744931228166,0.007062912890067373,0.006999999999999999,0.1,0.003352372414563528,2.1702646741001838e-05,8.795,0.027000000000000003,8.206,0.016,296.4818429935221,44.00923239885689,kmag,green19,using DR13 feh and SDSS teff
KIC8216936,6437.0,50.0,4.0199022473572965,0.023230104395280612,-0.106,0.1,0.0024268013087364775,3.0480749054502808e-05,9.627,0.021,9.408999999999999,0.013999999999999999,284.34866661372536,44.1180539657339,kmag,green19,using DR13 feh and SDSS teff
KIC8228742,6130.0,51.0,4.030804043517135,0.007396119455508048,-0.019,0.1,0.005708690961678289,2.4850099552138486e-05,8.386000000000001,0.027000000000000003,8.116,0.023,290.1999433665821,44.155233664443614,kmag,green19,using DR13 feh and SDSS teff
KIC8241455,6262.0,66.0,3.8184722082931817,0.03634408338274239,-0.094,0.099,0.0024743698896038018,2.2258421780605192e-05,9.485,0.021,9.181000000000001,0.013999999999999999,294.6578494072088,44.1762846525916,kmag,green19,using DR13 feh and SDSS teff
KIC8249189,6432.0,65.0,4.1179426900039635,0.030067191896293807,-0.187,0.1,0.0037745054092998263,0.00014019063106520424,8.964,0.028999999999999998,8.68,0.015,297.0038540439798,44.13736432398977,kmag,green19,using DR13 feh and SDSS teff
KIC8289241,6306.0,52.0,4.226151167451986,0.029729761136976538,-0.004,0.1,0.004636485739420899,3.009603778442606e-05,9.407,0.023,9.169,0.011000000000000001,287.6272942334692,44.28070166809754,kmag,green19,using DR13 feh and SDSS teff
KIC8298626,6211.0,84.0,4.2413147027375615,0.02460526335565413,0.038,0.099,0.005409728850556431,2.781913550494969e-05,8.641,0.02,8.386000000000001,0.011000000000000001,291.3913104533488,44.2212815918458,kmag,green19,using DR13 feh and SDSS teff
KIC8321567,5744.0,58.0,4.062101740988428,0.06166974282931392,0.032,0.101,0.004046754187406497,4.253849024381818e-05,9.664,0.021,9.257,0.013999999999999999,298.5188423966267,44.29165610722021,kmag,green19,using DR13 feh and SDSS teff
KIC8360349,6258.0,49.0,3.834126157448513,0.011990573694648256,0.153,0.099,0.005388645162398402,2.4147369604942773e-05,7.671,0.018000000000000002,7.44,0.015,289.93107089543975,44.374955897447855,kmag,green19,using DR13 feh and SDSS teff
KIC8367710,6352.0,66.0,3.982260878560888,0.012548781991618876,0.014,0.1,0.0036594006436422256,3.0791124532836175e-05,8.995,0.021,8.749,0.015,292.6382149954232,44.37020543388109,kmag,green19,using DR13 feh and SDSS teff
KIC8394589,6251.0,54.0,4.34253024704177,0.008885119686602376,-0.27,0.139,0.008090574510365567,2.3407625459169718e-05,8.54,0.02,8.226,0.019,300.46466582945425,44.35392573667421,kmag,green19,using DR13 feh and SDSS teff
KIC8408931,6252.0,120.0,3.72708380306502,0.0341342745394117,-0.124,0.101,0.0023449523388003567,2.2870143794144902e-05,9.378,0.021,9.083,0.011000000000000001,281.03373901088014,44.44753308334752,kmag,green19,using DR13 feh and SDSS teff
KIC8414062,6578.0,61.0,4.029114861044348,0.07476589406079767,-0.251,0.1,0.003468276322282606,4.746420942940046e-05,9.937000000000001,0.022000000000000002,9.681000000000001,0.013999999999999999,284.0633877973821,44.455190667423665,kmag,green19,using DR13 feh and SDSS teff
KIC8416311,6446.0,60.0,3.9136189770186256,0.020512643911161813,0.131,0.1,0.002903109121399101,2.2981168961012925e-05,9.282,0.022000000000000002,9.033,0.013999999999999999,285.29533978670804,44.42583728463225,kmag,green19,using DR13 feh and SDSS teff
KIC8424992,5807.0,57.0,4.351135028118857,0.014014154150207335,-0.127,0.101,0.0073217823353638615,2.4446625306138482e-05,9.173,0.028999999999999998,8.843,0.013999999999999999,289.6384258949794,44.40488704003973,kmag,green19,using DR13 feh and SDSS teff
KIC8493735,5965.0,109.0,3.7471916085372268,0.029143646885774387,-0.08,0.1,0.003237232423073577,2.358047622934091e-05,9.017999999999999,0.03,8.699,0.013999999999999999,291.2378067667465,44.58767174909124,kmag,green19,using DR13 feh and SDSS teff
KIC8493800,6241.0,73.0,4.227580607629399,0.037063632510837316,0.039,0.1,0.003975929093856247,2.7083763866859348e-05,9.666,0.023,9.38,0.013999999999999999,291.2604260637628,44.545374342439644,kmag,green19,using DR13 feh and SDSS teff
KIC8499940,6023.0,58.0,4.070952872872692,0.020619612688047302,-0.006,0.1,0.002779390834256372,2.2058439846129118e-05,10.357000000000001,0.02,10.015,0.012,293.66966289588817,44.582352854534534,kmag,green19,using DR13 feh and SDSS teff
KIC8561221,5229.0,60.0,3.615951711198943,0.007043028127079949,-0.16399999999999998,0.101,0.0037835526885178702,2.488962538356371e-05,8.529,0.03,8.09,0.015,292.2852328566284,44.64126166023778,kmag,green19,using DR13 feh and SDSS teff
KIC8574769,5437.0,70.0,4.055730165233984,0.02204927185500752,0.341,0.1,0.003562816732573018,3.894447119639929e-05,9.954,0.023,9.544,0.015,296.96314715324087,44.61428857037466,kmag,green19,using DR13 feh and SDSS teff
KIC8579578,6308.0,45.0,3.948378452701213,0.01675810688795993,0.054000000000000006,0.1,0.005341026942246241,2.6678225864743942e-05,7.986000000000001,0.018000000000000002,7.768,0.02,298.17332071869305,44.60466502293605,kmag,green19,using DR13 feh and SDSS teff
KIC8621637,5737.0,75.0,3.9641484088374033,0.014337510726358294,0.094,0.1,0.002501008217514357,3.371110812896894e-05,10.395,0.021,10.033999999999999,0.013000000000000001,290.6348508214084,44.743984453454765,kmag,green19,using DR13 feh and SDSS teff
KIC8656342,6074.0,71.0,3.9652097118552168,0.0973146521100888,-0.05,0.099,0.003356701504942861,2.673523946914317e-05,9.861,0.021,9.517000000000001,0.019,301.4448035963375,44.79319536086216,kmag,green19,using DR13 feh and SDSS teff
KIC8677016,6248.0,75.0,4.2339547246765825,0.038182908845082936,-0.27,0.101,0.0028440512331226945,9.280491715548959e-05,10.127,0.021,9.765,0.012,286.28668022741977,44.80861791467126,kmag,green19,using DR13 feh and SDSS teff
KIC8694723,6351.0,62.0,4.12506764813326,0.007910955832149907,-0.359,0.1,0.008265604849819518,2.873159723689778e-05,7.939,0.02,7.662999999999999,0.016,293.96040006853735,44.88078765502926,kmag,green19,using DR13 feh and SDSS teff
KIC8696343,6178.0,65.0,4.343504664757045,0.04092182481552086,-0.056,0.099,0.004742975137870198,2.8376684610710726e-05,9.682,0.024,9.335,0.015,294.5183483523463,44.81536853843068,kmag,green19,using DR13 feh and SDSS teff
KIC8702606,5511.0,85.0,3.7613056960670734,0.008542328524904304,-0.17,0.1,0.00554609891490736,2.8702209253209806e-05,8.089,0.03,7.684,0.027000000000000003,296.57427201060074,44.827676249596436,kmag,green19,using DR13 feh and SDSS teff
KIC8738809,6058.0,59.0,3.9047375871072716,0.012257210594420335,0.07400000000000001,0.1,0.0037523461245268057,3.8806377366072236e-05,8.982999999999999,0.02,8.681000000000001,0.016,284.7936308853488,44.95038325482843,kmag,green19,using DR13 feh and SDSS teff
KIC8776961,5777.0,72.0,4.029164805261847,0.013590310561157443,-0.126,0.1,0.0034847400545010925,2.4763635037151665e-05,9.823,0.026000000000000002,9.442,0.019,299.2296189627958,44.93736780605313,kmag,green19,using DR13 feh and SDSS teff
KIC8802782,6089.0,68.0,3.8464362023670335,0.030493145724169814,0.254,0.1,0.001572113279741968,2.015352447112165e-05,10.705,0.021,10.405999999999999,0.013999999999999999,284.2300901379917,45.085939863831136,kmag,green19,using DR13 feh and SDSS teff
KIC8817551,5720.0,57.0,3.8132997297450455,0.06925708928303237,0.03,0.1,0.002064468542358568,2.1409366213409516e-05,10.207,0.022000000000000002,9.852,0.011000000000000001,291.31988540495604,45.011663817026594,kmag,green19,using DR13 feh and SDSS teff
KIC8915084,5817.0,60.0,4.155670383827547,0.021092388327876868,0.09,0.1,0.005166446749646724,3.0087031043384326e-05,9.092,0.019,8.735,0.019,300.86803789156534,45.13051675183495,kmag,green19,using DR13 feh and SDSS teff
KIC8938364,5965.0,62.0,4.177153458758431,0.007114333577207309,-0.18,0.1,0.006386187112945772,3.107697813855483e-05,8.987,0.032,8.636000000000001,0.018000000000000002,285.5409678553385,45.27755703929603,kmag,green19,using DR13 feh and SDSS teff
KIC8940939,6343.0,58.0,4.155263331278963,0.016273824588461494,-0.402,0.1,0.004192727930634786,2.750215840608554e-05,8.879,0.026000000000000002,8.612,0.012,286.77820732224006,45.2780315231954,kmag,green19,using DR13 feh and SDSS teff
KIC8950146,6374.0,60.0,4.297813079821048,0.01909668906526937,-0.014,0.101,0.003516499559221416,2.1566126881726042e-05,10.077,0.023,9.812000000000001,0.011000000000000001,290.8193090043152,45.24473536818636,kmag,green19,using DR13 feh and SDSS teff
KIC8952800,6122.0,55.0,3.9488393249016434,0.012031044248690387,0.03,0.1,0.0024799941878309857,2.1990516894233847e-05,9.959,0.02,9.642999999999999,0.015,291.76294694711964,45.26295154101985,kmag,green19,using DR13 feh and SDSS teff
KIC8956017,6605.0,86.0,4.06819293584032,0.034558398311035916,0.128,0.1,0.0031172210623766463,2.8184110435535963e-05,9.607999999999999,0.021,9.329,0.019,292.9788521895035,45.27910044560503,kmag,green19,using DR13 feh and SDSS teff
KIC9005973,6131.0,57.0,4.147643955308129,0.035941423224730894,-0.128,0.1,0.0029883927238227963,2.6853351395864045e-05,10.455,0.021,10.101,0.013999999999999999,285.09983535280213,45.318021522891655,kmag,green19,using DR13 feh and SDSS teff
KIC9025370,5659.0,73.0,4.4227685524494715,0.0089454674770229,-0.033,0.1,0.012239359427198108,6.856018665537225e-05,7.69,0.028999999999999998,7.372000000000001,0.028999999999999998,293.0607029854934,45.31085127149989,kmag,green19,using DR13 feh and SDSS teff
KIC9026479,5601.0,69.0,3.7878542580127545,0.011751688679739742,-0.217,0.101,0.0028148240081424937,2.297946164748227e-05,9.655,0.02,9.22,0.012,293.4643789713242,45.307561864692275,kmag,green19,using DR13 feh and SDSS teff
KIC9026685,5618.0,58.0,3.994196236920985,0.017550459942633125,0.006999999999999999,0.1,0.003423567579969225,6.64456258289408e-05,9.899,0.021,9.488,0.013999999999999999,293.5498206603375,45.361425961909774,kmag,green19,using DR13 feh and SDSS teff
KIC9049593,5788.0,59.0,4.230742274088868,0.033681095623237366,0.202,0.1,0.004680515397826792,2.6337353961299116e-05,9.392000000000001,0.027000000000000003,9.06,0.02,299.79141456211084,45.39168268670613,kmag,green19,using DR13 feh and SDSS teff
KIC9051235,5669.0,65.0,3.902345502600584,0.053250499833353934,0.207,0.1,0.0020619275743283226,2.4784038597631037e-05,10.347999999999999,0.018000000000000002,10.005,0.015,300.21718948931306,45.35609421523183,kmag,green19,using DR13 feh and SDSS teff
KIC9073645,6438.0,64.0,3.8404793489116584,0.040864347254733376,-0.152,0.1,0.0016814331033300225,2.500768848569126e-05,10.542,0.022000000000000002,10.261,0.013999999999999999,284.37219761608225,45.44791433285707,kmag,green19,using DR13 feh and SDSS teff
KIC9073950,5281.0,70.0,3.40020573512582,0.00891639832091628,-0.166,0.101,0.0017239458431433762,2.5603717236770693e-05,9.943,0.02,9.416,0.013999999999999999,284.54850720848924,45.49769988208896,kmag,green19,using DR13 feh and SDSS teff
KIC9093289,6285.0,57.0,4.204385956545504,0.06885101515011073,-0.011,0.1,0.0031333126740827073,2.333758281729629e-05,10.152000000000001,0.02,9.875,0.012,293.4744269075385,45.480450032735135,kmag,green19,using DR13 feh and SDSS teff
KIC9098294,6020.0,51.0,4.3235405787280285,0.007164227151012489,-0.112,0.1,0.008229699235646969,2.4257029962646386e-05,8.722999999999999,0.024,8.363999999999999,0.012,295.0884676305697,45.489451521183284,kmag,green19,using DR13 feh and SDSS teff
KIC9116461,6470.0,47.0,4.322930236759742,0.015193433281472681,-0.116,0.1,0.008071081731871913,2.521754882691516e-05,8.341000000000001,0.019,8.13,0.015,300.0703029815934,45.453608137529706,kmag,green19,using DR13 feh and SDSS teff
KIC9119139,5475.0,74.0,3.9871862773018467,0.049577390176671135,0.2,0.1,0.003591496334869046,2.454827315336995e-05,9.722000000000001,0.021,9.286,0.016,300.8025552657357,45.439672149484466,kmag,green19,using DR13 feh and SDSS teff
KIC9138680,5990.0,60.0,3.8056382325077216,0.027735547207117784,0.129,0.099,0.0017680759644594936,2.2209801609017358e-05,10.45,0.021,10.144,0.013999999999999999,283.851331389565,45.54310297736686,kmag,green19,using DR13 feh and SDSS teff
KIC9139151,6134.0,48.0,4.390067061913865,0.008576023768688868,0.045,0.1,0.009756618199343365,2.4869397448285734e-05,8.238,0.032,7.952000000000001,0.016,284.08873848812976,45.51504132966575,kmag,green19,using DR13 feh and SDSS teff
KIC9139163,6405.0,44.0,4.196342128400619,0.009076181936020056,0.076,0.099,0.009813752074176207,3.150752858297327e-05,7.441,0.024,7.231,0.016,284.09234925187894,45.50729618236033,kmag,green19,using DR13 feh and SDSS teff
KIC9143749,6075.0,76.0,4.040435869335984,0.02217888117616336,-0.122,0.101,0.002845269268238735,2.8891687808952488e-05,10.059,0.021,9.705,0.013999999999999999,286.6555538663443,45.5962230667461,kmag,green19,using DR13 feh and SDSS teff
KIC9150095,5028.0,68.0,3.3327583774488216,0.015032046655203515,0.095,0.1,0.0020677562501659023,2.686448069332002e-05,9.624,0.025,9.019,0.011000000000000001,289.98467963024933,45.507945277108966,kmag,green19,using DR13 feh and SDSS teff
KIC9163769,6438.0,100.0,4.2449165453707325,0.0674073815978015,0.049,0.1,0.0043304717056189945,2.3804573873863768e-05,9.238999999999999,0.021,8.969,0.015,295.327566458683,45.543737033551544,kmag,green19,using DR13 feh and SDSS teff
KIC9201604,5230.0,73.0,3.5278709832719817,0.016798485672422078,-0.045,0.1,0.001846937542896529,2.3808858663218382e-05,10.061,0.022000000000000002,9.533999999999999,0.013000000000000001,283.2268885255451,45.69770624094929,kmag,green19,using DR13 feh and SDSS teff
KIC9202077,6119.0,70.0,4.013864394816242,0.020409255745331773,0.14800000000000002,0.1,0.003462677857983666,2.6604384931633692e-05,9.269,0.022000000000000002,8.985,0.013000000000000001,283.51924769108416,45.697877054296896,kmag,green19,using DR13 feh and SDSS teff
KIC9204313,5853.0,57.0,4.088032143379583,0.10107748551186936,-0.158,0.1,0.004657327222407156,2.490469236050966e-05,9.552999999999999,0.021,9.187999999999999,0.016,284.7833826379192,45.6824284328564,kmag,green19,using DR13 feh and SDSS teff
KIC9206432,6494.0,46.0,4.245474826275341,0.006835914730511509,0.165,0.139,0.006801817114077573,2.186696134951526e-05,8.213,0.018000000000000002,8.067,0.02,285.9382192297268,45.60835917837853,kmag,green19,using DR13 feh and SDSS teff
KIC9225600,6262.0,56.0,4.058666101937825,0.01662517764804132,0.219,0.1,0.002942049205528545,2.6832161870892382e-05,9.831,0.021,9.527000000000001,0.016,294.63727425115,45.69251677672856,kmag,green19,using DR13 feh and SDSS teff
KIC9226926,7149.0,132.0,4.200870690481771,0.012840164225122234,-0.16699999999999998,0.1,0.007314594016978668,2.26462108116482e-05,7.876,0.021,7.709,0.02,295.11304924605895,45.695830921816565,kmag,green19,using DR13 feh and SDSS teff
KIC9266926,5971.0,63.0,4.077391559505096,0.01684059785410688,-0.387,0.099,0.003375164488851164,2.3926055137215304e-05,10.208,0.021,9.817,0.017,284.6660243795158,45.796681989747995,kmag,green19,using DR13 feh and SDSS teff
KIC9287845,6488.0,62.0,3.889159593186839,0.04377911379271587,0.131,0.1,0.0020576852656498073,2.418808668639644e-05,10.1,0.021,9.825,0.016,294.5545263774249,45.77723574394005,kmag,green19,using DR13 feh and SDSS teff
KIC9289275,6227.0,48.0,4.078873516049125,0.01701011336667851,0.092,0.1,0.00531317860127003,2.565928616395992e-05,8.684,0.024,8.36,0.012,295.09448049497183,45.7765406557882,kmag,green19,using DR13 feh and SDSS teff
KIC9292130,6176.0,52.0,3.894473639586245,0.014410039171538012,0.049,0.1,0.0027815954434608978,2.360632640674712e-05,9.645,0.021,9.332,0.013999999999999999,296.06940169403856,45.70313087109089,kmag,green19,using DR13 feh and SDSS teff
KIC9328372,6572.0,80.0,4.102381823794558,0.04671860355690306,0.16,0.1,0.0022418136889403627,3.1773394167043246e-05,10.237,0.021,9.952,0.017,284.70781431182525,45.84927993672335,kmag,green19,using DR13 feh and SDSS teff
KIC9353712,6416.0,56.0,3.934337248330068,0.007722507121815774,-0.14400000000000002,0.1,0.0024182569588449684,2.4938417813629154e-05,9.892000000000001,0.021,9.607000000000001,0.013999999999999999,296.0444584761998,45.88921606036087,kmag,green19,using DR13 feh and SDSS teff
KIC9353859,5284.0,85.0,3.5103032041599533,0.01165388817265194,-0.112,0.103,0.0018886891541348891,2.6122089296805778e-05,10.001,0.021,9.461,0.013999999999999999,296.09487877526874,45.89770543024311,kmag,green19,using DR13 feh and SDSS teff
KIC9390670,6246.0,50.0,4.10660932127666,0.03758898335228273,0.195,0.1,0.004963422100664588,4.734378755143605e-05,8.671,0.026000000000000002,8.405,0.016,284.93090302617037,45.960351271709385,kmag,green19,using DR13 feh and SDSS teff
KIC9394953,6018.0,65.0,4.0337509513807355,0.05358750226789584,0.076,0.1,0.002537177554439621,2.379231272544429e-05,10.367,0.021,9.982999999999999,0.013000000000000001,287.35459951309207,45.94865426907829,kmag,green19,using DR13 feh and SDSS teff
KIC9410862,6230.0,53.0,4.312598694877727,0.010386943613850915,-0.399,0.1,0.0049997580353816126,2.7633792646949292e-05,9.705,0.022000000000000002,9.375,0.016,294.48640709314975,45.96480221115049,kmag,green19,using DR13 feh and SDSS teff
KIC9414381,5495.0,100.0,3.8780515695961566,0.013342301625777464,0.152,0.1,0.0028613163318997477,2.7804135243258226e-05,9.832,0.023,9.415,0.012,295.7928719809047,45.98779065363613,kmag,green19,using DR13 feh and SDSS teff
KIC9414417,6278.0,52.0,4.018219037101268,0.008084361188335805,-0.075,0.1,0.0047237906988585225,2.7571708638271602e-05,8.661,0.024,8.407,0.012,295.8028718996762,45.98796628706118,kmag,green19,using DR13 feh and SDSS teff
KIC9446628,6298.0,59.0,3.97982446147534,0.05534182957984656,-0.268,0.101,0.0030245630701852115,2.347910615980112e-05,9.687000000000001,0.024,9.437000000000001,0.019,282.04500719129464,46.06792117816504,kmag,green19,using DR13 feh and SDSS teff
KIC9451741,5835.0,68.0,4.270593667354248,0.021104738749282374,0.206,0.1,0.003963443108040093,2.586666744916242e-05,9.985,0.025,9.601,0.019,285.21161237679513,46.02137542678179,kmag,green19,using DR13 feh and SDSS teff
KIC9455860,6716.0,59.0,4.152768039283148,0.0532994918209648,-0.051,0.1,0.0028416188217352777,2.550223825553034e-05,9.986,0.022000000000000002,9.754,0.011000000000000001,287.56839894585937,46.00829005058874,kmag,green19,using DR13 feh and SDSS teff
KIC9457728,6390.0,49.0,3.9967129890870665,0.021273826585020236,-0.344,0.101,0.003335672700964542,2.6466611533000217e-05,9.52,0.023,9.227,0.011000000000000001,288.5996272688565,46.031785967193755,kmag,green19,using DR13 feh and SDSS teff
KIC9458636,6220.0,56.0,4.034248242061787,0.019828041825353818,-0.059,0.1,0.00278169409471798,2.282691230937554e-05,10.1,0.02,9.845,0.013999999999999999,289.09138503913096,46.05705614516389,kmag,green19,using DR13 feh and SDSS teff
KIC9468847,6064.0,52.0,3.9935827763183807,0.0313271036051712,-0.109,0.1,0.003675662141029368,2.7158292267088576e-05,9.465,0.021,9.141,0.012,293.43431430156863,46.074841410635564,kmag,green19,using DR13 feh and SDSS teff
KIC9512063,5977.0,58.0,3.8811362092279666,0.008878335906495909,-0.332,0.102,0.004713084591953638,2.0568608305487677e-05,8.697000000000001,0.027000000000000003,8.377,0.013000000000000001,284.3472692838562,46.183988120904814,kmag,green19,using DR13 feh and SDSS teff
KIC9542776,6343.0,87.0,3.786879609568752,0.05264056859373364,-0.157,0.101,0.0014131851455255547,2.376319479810252e-05,10.637,0.021,10.339,0.013999999999999999,297.74849341951057,46.13350057623331,kmag,green19,using DR13 feh and SDSS teff
KIC9574283,5431.0,64.0,3.583871483807277,0.007513873041445866,-0.499,0.101,0.0030164341709494466,2.837597669504045e-05,9.377,0.02,8.879,0.019,284.791014156798,46.284759425835546,kmag,green19,using DR13 feh and SDSS teff
KIC9579208,6422.0,56.0,4.019867889735267,0.018434503622682258,-0.295,0.102,0.0034963220235167264,2.0507791054616e-05,9.445,0.021,9.191,0.011000000000000001,287.6374855435408,46.20444309171769,kmag,green19,using DR13 feh and SDSS teff
KIC9641837,6270.0,51.0,3.883246972185533,0.016718988593145623,-0.161,0.1,0.0036959368186175474,2.30687258000654e-05,9.004,0.039,8.719,0.013999999999999999,288.48860227159247,46.33465357813121,kmag,green19,using DR13 feh and SDSS teff
KIC9664694,6080.0,55.0,3.815306372948928,0.015028877307823131,-0.272,0.1,0.0019100270443289096,2.3041088776818462e-05,10.272,0.024,9.976,0.017,297.5003461869216,46.38064633447108,kmag,green19,using DR13 feh and SDSS teff
KIC9693187,5790.0,55.0,4.129584922370864,0.0110409411811516,-0.16399999999999998,0.1,0.006560045398575492,2.5953685886389226e-05,8.356,0.02,8.07,0.026000000000000002,282.7503895865938,46.42257138857824,kmag,green19,using DR13 feh and SDSS teff
KIC9696358,6321.0,137.0,3.926929828448426,0.013586389375898258,-0.047,0.102,0.0016486134872913212,2.9259017874026788e-05,10.755999999999998,0.021,10.454,0.016,284.59368582552065,46.44973641571437,kmag,green19,using DR13 feh and SDSS teff
KIC9697131,6491.0,69.0,4.027709362850418,0.013859328557631634,0.017,0.1,0.0033795372942495884,2.6810916472026797e-05,9.381,0.021,9.109,0.019,285.0775880806762,46.41965513707333,kmag,green19,using DR13 feh and SDSS teff
KIC9700430,6111.0,90.0,4.1771950504614335,0.02553488093288852,0.024,0.1,0.002821251858863895,2.530100907905337e-05,10.417,0.022000000000000002,10.134,0.011000000000000001,287.02767792556136,46.45465994426257,kmag,green19,using DR13 feh and SDSS teff
KIC9702369,6431.0,50.0,4.273746148008704,0.009823849965623351,0.03,0.1,0.0069680428829286935,7.643739780715987e-05,8.675,0.034,8.419,0.011000000000000001,288.1705843855847,46.40042862998958,kmag,green19,using DR13 feh and SDSS teff
KIC9702752,5770.0,62.0,4.057165097315567,0.017057013988261892,0.265,0.1,0.004139788426088487,2.4341030972851826e-05,9.556000000000001,0.023,9.172,0.011000000000000001,288.39985759804284,46.43964406693573,kmag,green19,using DR13 feh and SDSS teff
KIC9754284,6182.0,54.0,4.143380007599447,0.05775927539796982,0.025,0.1,0.0031182759535838727,2.4406730142094927e-05,10.049,0.02,9.772,0.013999999999999999,283.03240774667256,46.51006040030866,kmag,green19,using DR13 feh and SDSS teff
KIC9757640,5506.0,94.0,4.01545048022237,0.039213038291567366,0.34600000000000003,0.1,0.003117449510727067,2.2096940793642625e-05,9.947000000000001,0.024,9.582,0.013000000000000001,284.95965358971637,46.587492134070274,kmag,green19,using DR13 feh and SDSS teff
KIC9778067,6433.0,90.0,3.928957624272016,0.02421822801092336,-0.529,0.102,0.002009785900797045,2.0647464125918752e-05,10.574000000000002,0.021,10.261,0.016,294.8272608820975,46.56294855268335,kmag,green19,using DR13 feh and SDSS teff
KIC9787965,6200.0,65.0,3.919876303295554,0.022983639344383848,0.001,0.1,0.0018815896384615774,4.8145582915589096e-05,10.345999999999998,0.022000000000000002,10.049,0.015,298.0584690654711,46.56601897070423,kmag,green19,using DR13 feh and SDSS teff
KIC9791157,5852.0,63.0,3.951319621239658,0.03873217148718645,-0.047,0.1,0.0027900763251162163,3.322573748073218e-05,9.899,0.023,9.547,0.021,298.96342709740384,46.59556996802784,kmag,green19,using DR13 feh and SDSS teff
KIC9812421,5265.0,63.0,3.56118118110268,0.00963053572329507,-0.231,0.1,0.0033769554994474934,3.8797560164678126e-05,8.832,0.024,8.342,0.011000000000000001,281.586995127056,46.63488160806444,kmag,green19,using DR13 feh and SDSS teff
KIC9812850,6407.0,47.0,4.062214384008498,0.007439373650168525,-0.125,0.1,0.0053450640392320925,2.5290245109441526e-05,8.504,0.02,8.299,0.017,281.91359446314414,46.68606055792709,kmag,green19,using DR13 feh and SDSS teff
KIC9821513,6550.0,65.0,4.0564418324400755,0.015489936602451576,-0.307,0.101,0.0024470752292019503,2.190386904911103e-05,10.102,0.022000000000000002,9.881,0.011000000000000001,287.0844073708905,46.60361601488107,kmag,green19,using DR13 feh and SDSS teff
KIC9880787,6074.0,56.0,3.908746155195391,0.019824735199931186,-0.314,0.102,0.0024457105176114314,2.2592090428138213e-05,10.142000000000001,0.021,9.815,0.012,286.8430609688827,46.70722798132515,kmag,green19,using DR13 feh and SDSS teff
KIC9893470,5936.0,56.0,3.5856772900406666,0.0337764060607942,-0.054000000000000006,0.1,0.001988854455392269,2.245809436923012e-05,9.545,0.02,9.205,0.015,292.93683439543764,46.70843117677902,kmag,green19,using DR13 feh and SDSS teff
KIC9903271,4907.0,80.0,3.4658112352489288,0.010119344804510644,0.355,0.099,0.0024259974088877406,2.7142424207181537e-05,9.658999999999999,0.021,9.037,0.013999999999999999,296.55469499318195,46.72745071011689,kmag,green19,using DR13 feh and SDSS teff
KIC9955598,5434.0,77.0,4.4842851393788346,0.01103625040239523,0.029,0.1,0.01468963043467283,2.1240073200917834e-05,8.2,0.018000000000000002,7.768,0.023,293.6792057996139,46.85273373546158,kmag,green19,using DR13 feh and SDSS teff
KIC9962623,5913.0,166.0,4.126349101387753,0.03811036019644033,-0.207,0.101,0.0037094036182431078,2.4822269060767743e-05,10.099,0.021,9.718,0.012,296.3391649664887,46.82508995730967,kmag,green19,using DR13 feh and SDSS teff
KIC9965715,7030.0,405.0,4.307724613446922,0.014470055036476904,-0.404,0.1,0.008079738361804228,2.5191025844200342e-05,8.197000000000001,0.028999999999999998,7.872999999999999,0.015,297.3334809692721,46.82684477052961,kmag,green19,using DR13 feh and SDSS teff
KIC10003270,6594.0,69.0,3.869160325797535,0.03077365168673601,-0.181,0.1,0.0016644488223089018,3.135531736820822e-05,10.457,0.02,10.241,0.011000000000000001,288.11845160346513,46.97476459712533,kmag,green19,using DR13 feh and SDSS teff
KIC10016239,6482.0,51.0,4.311256125156352,0.02583033518742221,-0.005,0.1,0.005859823461303266,2.502412006488073e-05,8.984,0.027000000000000003,8.741,0.015,293.77165954198335,46.975122110284026,kmag,green19,using DR13 feh and SDSS teff
KIC10018963,6271.0,46.0,3.9540512517423285,0.007664992897583558,-0.219,0.1,0.007081869812259782,2.578335059324735e-05,7.712999999999999,0.019,7.452999999999999,0.023,294.7530367817401,46.9020778769345,kmag,green19,using DR13 feh and SDSS teff
KIC10019747,5769.0,65.0,4.038546310928386,0.039801855372013584,0.204,0.1,0.004803910896479588,2.49902110069581e-05,9.167,0.034,8.763,0.013999999999999999,295.03905157787466,46.96599382244099,kmag,green19,using DR13 feh and SDSS teff
KIC10024648,6409.0,157.0,4.006590921688121,0.022114521641549204,-0.006,0.1,0.0026692462635917553,2.1203129548630643e-05,9.88,0.019,9.581,0.015,296.7396220970808,46.95060675144209,kmag,green19,using DR13 feh and SDSS teff
KIC10025841,5738.0,187.0,4.13446621746296,0.051556971285464256,0.197,0.1,0.0036954561971108556,2.4812791435397577e-05,9.68,0.021,9.363999999999999,0.016,297.0873661556977,46.96311268792674,kmag,green19,using DR13 feh and SDSS teff
KIC10070754,6550.0,58.0,4.303555713084078,0.0468645656591643,-0.21,0.099,0.004921467727232712,2.4015508634862032e-05,9.413,0.025,9.175,0.013999999999999999,290.07588942284303,47.041092055974865,kmag,green19,using DR13 feh and SDSS teff
KIC10074716,6064.0,91.0,4.194899887942956,0.06351013442353842,0.11,0.1,0.0028382063533059893,1.983103534330461e-05,10.501,0.02,10.147,0.015,291.63250356395463,47.08466260488619,kmag,green19,using DR13 feh and SDSS teff
KIC10079226,6078.0,50.0,4.368769200735857,0.013037264208022157,0.106,0.099,0.006793949102365472,2.55360477714262e-05,9.05,0.024,8.714,0.015,293.4698854948296,47.04549621254127,kmag,green19,using DR13 feh and SDSS teff
KIC10081026,6503.0,61.0,3.827211720382276,0.03609903329739071,-0.244,0.101,0.0017434280498295,2.5964882517232582e-05,10.267000000000001,0.025,9.996,0.012,294.1407092212797,47.044959848079316,kmag,green19,using DR13 feh and SDSS teff
KIC10088136,5301.0,83.0,3.490472376238438,0.03413842298340191,-0.4,0.102,0.0021713770387456056,2.0677696034007383e-05,9.687999999999999,0.022000000000000002,9.17,0.015,296.5948384296161,47.03525228393642,kmag,green19,using DR13 feh and SDSS teff
KIC10118942,6362.0,61.0,3.8570138375916265,0.03148150873660496,-0.5539999999999999,0.1,0.0019286530937580174,2.482801630901419e-05,10.478,0.021,10.184,0.011000000000000001,281.1228859273351,47.164922347229755,kmag,green19,using DR13 feh and SDSS teff
KIC10129349,6699.0,56.0,4.255043529975509,0.06935095349766952,0.045,0.1,0.004952344890670339,2.1195561531406808e-05,8.85,0.026000000000000002,8.633,0.012,286.77523956105466,47.17784511458114,kmag,green19,using DR13 feh and SDSS teff
KIC10130853,4945.0,78.0,3.3867971933449867,0.008000204571165025,0.316,0.099,0.0023495006098887944,3.170082720522409e-05,9.394,0.021,8.777999999999999,0.011000000000000001,287.5434298606718,47.16054761331481,kmag,green19,using DR13 feh and SDSS teff
KIC10147635,6155.0,66.0,3.7495340797266112,0.007489126739346631,-0.035,0.1,0.002269544145783172,2.37858831731566e-05,9.632,0.021,9.277999999999999,0.012,294.2858878031912,47.10867602311708,kmag,green19,using DR13 feh and SDSS teff
KIC10162436,6346.0,108.0,3.9746496262959212,0.008541428461811409,-0.059,0.1,0.007299021064366028,2.697687908573159e-05,7.636,0.03,7.358,0.02,298.72587749137887,47.14515065375595,kmag,green19,using DR13 feh and SDSS teff
KIC10186764,6488.0,74.0,4.088063123201893,0.04124758546324958,-0.16699999999999998,0.102,0.0031576635921695922,1.9412281732257183e-05,9.877,0.021,9.584,0.011000000000000001,281.32374347782957,47.296606486289214,kmag,green19,using DR13 feh and SDSS teff
KIC10214328,6923.0,80.0,4.074646445720103,0.06988064401360072,-0.584,0.102,0.0028123050969584324,2.08362185251764e-05,9.774,0.02,9.532,0.015,294.3770950369047,47.2899190945341,kmag,green19,using DR13 feh and SDSS teff
KIC10215584,5995.0,57.0,4.2794962528111515,0.09477493389995106,-0.015,0.1,0.005130045201041394,6.35792865340381e-05,9.533999999999999,0.02,9.158999999999999,0.012,294.81431930826665,47.24832004914877,kmag,green19,using DR13 feh and SDSS teff
KIC10272858,5208.0,68.0,3.4613965115302143,0.00710837098638957,-0.053,0.103,0.001830289757192946,2.46189363477299e-05,9.914,0.02,9.38,0.013999999999999999,291.36288353800813,47.32866822298559,kmag,green19,using DR13 feh and SDSS teff
KIC10272923,5078.0,74.0,3.6080345671225422,0.011312832910004126,0.061,0.102,0.002462938485563464,2.2831906403130414e-05,9.887,0.02,9.33,0.013999999999999999,291.3932955272342,47.3777112281646,kmag,green19,using DR13 feh and SDSS teff
KIC10273246,6342.0,59.0,3.8898989663060832,0.015517456964973997,-0.262,0.1,0.0024754197753065763,3.509490480981864e-05,9.869,0.019,9.572000000000001,0.013999999999999999,291.5240119202132,47.35828878642518,kmag,green19,using DR13 feh and SDSS teff
KIC10295224,6091.0,50.0,3.77518608917705,0.031273305585844784,0.12,0.1,0.004887053103348765,0.0004070381821861103,8.032,0.026000000000000002,7.712999999999999,0.016,298.8957440741846,47.378072037563285,kmag,green19,using DR13 feh and SDSS teff
KIC10319352,5659.0,63.0,3.971206383580797,0.12974283458421346,0.197,0.099,0.003886200445116432,2.106702388805973e-05,9.902999999999999,0.022000000000000002,9.517000000000001,0.011000000000000001,281.5343109673211,47.499414380305964,kmag,green19,using DR13 feh and SDSS teff
KIC10322381,6464.0,63.0,4.196461924180623,0.037359886697735635,-0.361,0.1,0.0035023413759250562,2.2453834534194282e-05,10.128,0.021,9.834,0.013999999999999999,283.4331620263038,47.40839848667785,kmag,green19,using DR13 feh and SDSS teff
KIC10324098,6370.0,68.0,3.924216661492432,0.02160492382463,-0.118,0.101,0.0018473421378228762,2.4645019574290883e-05,10.545,0.022000000000000002,10.231,0.017,284.3677367943876,47.4520857690963,kmag,green19,using DR13 feh and SDSS teff
KIC10351059,6530.0,58.0,4.100578370078379,0.02823540686575382,0.16,0.1,0.0034631049010355854,2.0235132763544138e-05,9.325,0.02,9.091000000000001,0.012,296.0716592030712,47.419282466205075,kmag,green19,using DR13 feh and SDSS teff
KIC10355856,6558.0,56.0,4.0958433939077095,0.010480312131980142,-0.152,0.1,0.0056875775403193,2.662537189803277e-05,8.298,0.021,8.057,0.013999999999999999,297.55937741962583,47.47351356126002,kmag,green19,using DR13 feh and SDSS teff
KIC10385708,6036.0,55.0,4.014557447991816,0.04781254119313176,0.121,0.1,0.0028658241760491855,2.380849265636009e-05,10.075,0.021,9.765,0.011000000000000001,282.211831252882,47.57692961927508,kmag,green19,using DR13 feh and SDSS teff
KIC10394814,5156.0,64.0,3.494675276864616,0.008188922417234745,-0.199,0.101,0.002947442902203567,2.0314962834372387e-05,9.19,0.034,8.674,0.011000000000000001,287.2985457218452,47.57797499384346,kmag,green19,using DR13 feh and SDSS teff
KIC10398597,6412.0,65.0,3.9712223068880985,0.046310453694484464,0.112,0.1,0.0017772054463615864,1.9751448874809976e-05,10.692,0.021,10.455,0.012,289.27033359053337,47.56553428625973,kmag,green19,using DR13 feh and SDSS teff
KIC10417911,5545.0,63.0,3.934435068645088,0.02220983297343333,0.13699999999999998,0.1,0.002726445550512879,2.3167080478557e-05,10.068,0.02,9.693999999999999,0.012,296.730907256607,47.57930499146924,kmag,green19,using DR13 feh and SDSS teff
KIC10454113,6197.0,45.0,4.331817046904993,0.00759525177872619,-0.055,0.1,0.010294714050738006,6.226216738394345e-05,7.655,0.021,7.291,9.995,284.15262326049736,47.65642759535394,kmag,green19,using DR13 feh and SDSS teff
KIC10462940,6265.0,48.0,4.330367993708468,0.013427722997764863,0.112,0.099,0.006909200069867216,2.9249296107462074e-05,8.755,0.043,8.468,0.013999999999999999,288.72583586793456,47.696962120610074,kmag,green19,using DR13 feh and SDSS teff
KIC10491771,6601.0,48.0,4.203469049084475,0.04585192094523796,-0.101,0.1,0.0052672161637950686,2.2144530458893743e-05,8.913,0.046,8.67,0.018000000000000002,298.9669683701632,47.67837427077399,kmag,green19,using DR13 feh and SDSS teff
KIC10518551,6242.0,60.0,3.9086902799447687,0.013818830489337571,-0.267,0.101,0.0030416830187997286,2.4071142576869426e-05,9.326,0.02,8.987,0.016,283.8238482097299,47.71637841154857,kmag,green19,using DR13 feh and SDSS teff
KIC10593351,5927.0,81.0,3.6542165046270663,0.009673306006946313,0.151,0.1,0.0019598995620885244,2.046463867968136e-05,9.742,0.02,9.429,0.013999999999999999,289.09709615725086,47.84927927793632,kmag,green19,using DR13 feh and SDSS teff
KIC10610027,6704.0,58.0,4.213463677183969,0.03748695383710994,-0.041,0.1,0.005339919149360334,2.5793751356567304e-05,8.263,0.024,8.101,0.016,295.6671258127123,47.892208653657704,kmag,green19,using DR13 feh and SDSS teff
KIC10644253,6069.0,50.0,4.420770221239699,0.014624141672582018,0.096,0.1,0.010346066829362505,2.3962611140987326e-05,8.167,0.023,7.874,0.026000000000000002,280.926714704014,47.93798750119903,kmag,green19,using DR13 feh and SDSS teff
KIC10655953,6594.0,61.0,4.318891239739108,0.02904920988209325,-0.073,0.099,0.004333890495935154,2.7395394907905572e-05,9.827,0.023,9.547,0.025,287.67012303875714,47.93582198166664,kmag,green19,using DR13 feh and SDSS teff
KIC10670371,5334.0,71.0,3.6612209130488598,0.009342127193333077,-0.119,0.1,0.0020848995739026167,4.285628231700305e-05,9.641,0.021,9.139,0.013999999999999999,293.7745016187333,47.90416938073414,kmag,green19,using DR13 feh and SDSS teff
KIC10712891,5358.0,109.0,3.643458576243733,0.01433239132021229,-0.049,0.099,0.0020631316362654394,0.0003822752226904304,10.121,0.024,9.605,0.013999999999999999,283.13386354098645,48.01192655120141,kmag,green19,using DR13 feh and SDSS teff
KIC10717090,5817.0,74.0,4.155852051655328,0.06266457594712073,0.238,0.1,0.003434554896619281,2.2543649662474456e-05,10.055,0.026000000000000002,9.664,0.022000000000000002,285.3960865190944,48.09610991344359,kmag,green19,using DR13 feh and SDSS teff
KIC10727922,6319.0,66.0,3.958114303620612,0.03841533283976103,-0.304,0.1,0.0024667360195491698,2.3706562807502784e-05,10.213,0.021,9.884,0.022000000000000002,290.5441452796639,48.04685686231237,kmag,green19,using DR13 feh and SDSS teff
KIC10730618,6422.0,54.0,4.0772770699832215,0.012487005745222195,-0.006,0.1,0.0033778001988945846,2.461396725120196e-05,9.546,0.021,9.316,0.013000000000000001,291.6270471490217,48.0930193029842,kmag,green19,using DR13 feh and SDSS teff
KIC10731424,6432.0,65.0,3.7932320881001367,0.022755630151865158,-0.129,0.101,0.0014722504103005436,2.6759240837872647e-05,10.597999999999999,0.019,10.344000000000001,0.017,291.93682584014715,48.06536952686799,kmag,green19,using DR13 feh and SDSS teff
KIC10732098,5796.0,67.0,3.968405769647154,0.024048064296142167,-0.01,0.1,0.002401071075946931,2.957142168739597e-05,10.54,0.03,10.139,0.018000000000000002,292.19708338130033,48.03763032960828,kmag,green19,using DR13 feh and SDSS teff
KIC10794845,6398.0,55.0,4.413663143042124,0.11429546148144225,-0.195,0.1,0.0053323809938474334,2.6763133147665546e-05,9.578,0.027000000000000003,9.283,0.02,290.873353350578,48.11454462688285,kmag,green19,using DR13 feh and SDSS teff
KIC10873176,6517.0,89.0,3.8944726440052353,0.02694590386390765,-0.8370000000000001,0.104,0.0021272034982491705,2.002147193511717e-05,10.342,0.019,10.071,0.016,296.36000234413007,48.240456915213365,kmag,green19,using DR13 feh and SDSS teff
KIC10909629,6501.0,61.0,3.9211478222287552,0.012658621672857716,-0.297,0.101,0.0023473135658220313,2.307346386872094e-05,9.919,0.023,9.62,0.022000000000000002,286.19010259716134,48.359273467741225,kmag,green19,using DR13 feh and SDSS teff
KIC10923629,6195.0,87.0,3.8388550023145687,0.011864571777707672,0.157,0.1,0.0031819911178417345,2.700630328888736e-05,8.877,0.032,8.636000000000001,0.013000000000000001,293.50157404616164,48.366606253648854,kmag,green19,using DR13 feh and SDSS teff
KIC10959362,5806.0,94.0,3.8790772544997414,0.029074129391646383,0.419,0.102,0.002433713253311127,2.326703972457012e-05,9.804,0.021,9.464,0.016,282.1077590389179,48.467415348064534,kmag,green19,using DR13 feh and SDSS teff
KIC10963065,6316.0,45.0,4.3050368507149415,0.007502978285222414,-0.188,0.1,0.0112845778902741,3.300645334661186e-05,7.784,0.021,7.486000000000001,0.018000000000000002,284.7862157903107,48.423262246183825,kmag,green19,using DR13 feh and SDSS teff
KIC10971974,6030.0,58.0,4.327566523467706,0.04165757585227725,-0.077,0.102,0.0040122128683878246,2.3621983996056968e-05,10.241,0.026000000000000002,9.897,0.02,289.9237756144527,48.435862591104915,kmag,green19,using DR13 feh and SDSS teff
KIC10972252,6237.0,60.0,3.8776398385074673,0.01938739202888644,-0.136,0.101,0.0017478595882530813,2.508096396395689e-05,10.44,0.028999999999999998,10.169,0.02,290.0594421507559,48.42952501922644,kmag,green19,using DR13 feh and SDSS teff
KIC10972873,5928.0,64.0,3.969060785156353,0.011693979817704038,-0.057,0.101,0.003747136537914748,2.894897910892767e-05,9.557,0.023,9.177999999999999,0.024,290.42641790801144,48.44325806448517,kmag,green19,using DR13 feh and SDSS teff
KIC11021413,5452.0,72.0,3.845284446225567,0.012686242758984455,-0.078,0.1,0.004733100953613034,2.1498055121949953e-05,8.879,0.019,8.439,0.024,287.44641365552536,48.54636959022327,kmag,green19,using DR13 feh and SDSS teff
KIC11026764,5722.0,57.0,3.8952967242438574,0.0076888517122976514,-0.108,0.101,0.006423859835370778,9.598646495085111e-05,8.218,0.019,7.862,0.017,290.3529233519078,48.51481330173181,kmag,green19,using DR13 feh and SDSS teff
KIC11027406,6250.0,94.0,4.1850014801269175,0.021825742679817576,-0.279,0.099,0.0054116210080361596,2.2827323672269214e-05,9.349,0.022000000000000002,9.004,0.024,290.718431332196,48.5410042365553,kmag,green19,using DR13 feh and SDSS teff
KIC11070918,6188.0,66.0,3.801625342493257,0.021161441253717925,0.15,0.1,0.004442705942242375,3.022638169534628e-05,8.808,0.044000000000000004,8.597999999999999,0.018000000000000002,284.22234557922815,48.693965543343886,kmag,green19,using DR13 feh and SDSS teff
KIC11074380,5154.0,87.0,3.685502321253196,0.01627380087839593,0.08199999999999999,0.1,0.002331039434106092,2.0322559272125874e-05,9.902000000000001,0.022000000000000002,9.371,0.022000000000000002,286.4137472446618,48.6586926156275,kmag,green19,using DR13 feh and SDSS teff
KIC11075448,6470.0,68.0,4.199447262167041,0.05497922682283095,0.029,0.1,0.00390464329977751,2.574261549111204e-05,9.496,0.021,9.256,0.02,287.1422184695715,48.69643619369418,kmag,green19,using DR13 feh and SDSS teff
KIC11081729,6605.0,51.0,4.264763669999193,0.007930919047971526,-0.139,0.099,0.007689145310958532,2.0717415026651208e-05,8.187000000000001,0.039,7.973,0.018000000000000002,290.58425561122976,48.69535201609725,kmag,green19,using DR13 feh and SDSS teff
KIC11082784,5923.0,62.0,3.8841718355884916,0.018314325667817558,-0.259,0.101,0.002315691553610901,2.9582576140349552e-05,10.306,0.022000000000000002,9.948,0.02,291.1618903529509,48.6453047692994,kmag,green19,using DR13 feh and SDSS teff
KIC11083308,6234.0,65.0,3.9196160293071656,0.03694286304642543,-0.042,0.1,0.001964665846879983,2.673176841642686e-05,10.368,0.021,10.099,0.016,291.43571177296934,48.624011338484145,kmag,green19,using DR13 feh and SDSS teff
KIC11127479,5998.0,57.0,4.223803672758801,0.03217533129733478,0.115,0.099,0.003640233653334465,2.462850368091744e-05,10.072000000000001,0.024,9.761000000000001,0.023,286.3385561610159,48.74426973114006,kmag,green19,using DR13 feh and SDSS teff
KIC11137075,5604.0,73.0,4.009780846424806,0.0073096149435940595,-0.18,0.1,0.0039767481082550165,4.555205264997559e-05,9.664,0.023,9.274,0.013000000000000001,291.6208435608788,48.71172102616643,kmag,green19,using DR13 feh and SDSS teff
KIC11138101,6218.0,58.0,3.7916823588400983,0.047545006253220654,-0.219,0.101,0.0023096762130357406,2.08052681637818e-05,9.793,0.022000000000000002,9.506,0.013000000000000001,292.1377888602616,48.700735467414724,kmag,green19,using DR13 feh and SDSS teff
KIC11188219,6024.0,62.0,4.219504559100694,0.08733852706297153,0.08900000000000001,0.1,0.004008888197997164,2.363262704284683e-05,9.988999999999999,0.021,9.657,0.024,290.6194465066932,48.82920942886193,kmag,green19,using DR13 feh and SDSS teff
KIC11193681,5697.0,77.0,3.8169921206094997,0.0076119487270269156,0.13699999999999998,0.102,0.002804385664538961,2.1251101808139563e-05,9.562999999999999,0.021,9.22,0.016,293.50117225107886,48.83584471748327,kmag,green19,using DR13 feh and SDSS teff
KIC11244118,5618.0,64.0,4.083689087083379,0.007043532774617584,0.224,0.1,0.0063098210841369936,2.0070443330411386e-05,8.675,0.026000000000000002,8.294,0.013000000000000001,291.83540657744186,48.95297698277522,kmag,green19,using DR13 feh and SDSS teff
KIC11253226,6682.0,51.0,4.199747455559374,0.007006357735510994,-0.151,0.1,0.008463872534391948,4.228244786472527e-05,7.6160000000000005,0.02,7.459,0.016,295.91509758414793,48.92853425736312,kmag,green19,using DR13 feh and SDSS teff
KIC11294717,5640.0,56.0,3.9121913038412046,0.03490694869374476,0.061,0.1,0.002015663510040996,1.9544676828580247e-05,10.706,0.021,10.287,0.026000000000000002,290.63627641075874,49.03761443832324,kmag,green19,using DR13 feh and SDSS teff
KIC11307875,5136.0,87.0,3.399638125170672,0.02180427620972287,0.038,0.102,0.00185175396545521,2.4205441830077786e-05,9.75,0.022000000000000002,9.166,0.021,296.64099757036547,49.02377299147784,kmag,green19,using DR13 feh and SDSS teff
KIC11389393,6174.0,66.0,4.0190183048510555,0.018265532848958186,0.14,0.1,0.003295550238645528,1.822524182630976e-05,9.568,0.02,9.283999999999999,0.013000000000000001,283.70129705654665,49.228184154175025,kmag,green19,using DR13 feh and SDSS teff
KIC11389437,6158.0,53.0,4.051074770259354,0.014319410723914218,-0.023,0.099,0.003859899053934055,1.897297218202898e-05,9.402999999999999,0.02,9.095,0.013000000000000001,283.7315513252464,49.22974844783744,kmag,green19,using DR13 feh and SDSS teff
KIC11395018,5650.0,59.0,3.8705825649983594,0.009407085370798127,0.151,0.099,0.0029582947914055823,2.1430098296416633e-05,9.568,0.02,9.222000000000001,0.022000000000000002,287.48116364984025,49.25119205376334,kmag,green19,using DR13 feh and SDSS teff
KIC11401156,5115.0,86.0,3.6838139149558233,0.014034706224243404,0.016,0.1,0.004857032705361437,2.308501572239944e-05,8.525,0.034,7.971,0.021,290.9338238823378,49.22242572409293,kmag,green19,using DR13 feh and SDSS teff
KIC11401708,5859.0,63.0,3.778202378788624,0.013155530967180626,0.206,0.1,0.0022747205385365028,2.7308807356053702e-05,9.692,0.023,9.32,0.022000000000000002,291.22697265142926,49.2818813828337,kmag,green19,using DR13 feh and SDSS teff
KIC11414712,5673.0,61.0,3.8209969725050814,0.012270801223713478,-0.174,0.1,0.007803667013652119,2.6669630223060443e-05,7.398,0.026000000000000002,7.0329999999999995,0.017,297.09355265788736,49.23689803958744,kmag,green19,using DR13 feh and SDSS teff
KIC11454149,6435.0,52.0,4.376193204886508,0.04871255408992604,-0.233,0.1,0.005273307064875493,2.719740691644511e-05,9.552999999999999,0.023,9.271,0.022000000000000002,291.271721787621,49.32701227378804,kmag,green19,using DR13 feh and SDSS teff
KIC11460626,6176.0,62.0,3.866108492052709,0.03981023737083825,-0.14400000000000002,0.099,0.0018868748727702733,3.0109924209043845e-05,10.48,0.021,10.185,0.016,294.53454743663485,49.38016391206773,kmag,green19,using DR13 feh and SDSS teff
KIC11467550,6146.0,58.0,3.946845219402699,0.02298397290858045,-0.08,0.1,0.0024830937459503545,2.1466397621797983e-05,10.002,0.02,9.732000000000001,0.013999999999999999,297.37163302388353,49.35283313622077,kmag,green19,using DR13 feh and SDSS teff
KIC11496573,5218.0,90.0,3.4725624137478834,0.011101458473712284,-0.046,0.1,0.0018443393491526818,2.757191373793452e-05,9.977,0.019,9.385,0.024,285.7146802719718,49.44433056653975,kmag,green19,using DR13 feh and SDSS teff
KIC11506988,6438.0,289.0,4.008697898978322,0.03616748954935952,-0.23,0.1,0.0035555027002702392,3.502879437398691e-05,8.851,0.027000000000000003,8.577,0.015,291.6697210123412,49.440527412131914,kmag,green19,using DR13 feh and SDSS teff
KIC11507653,5916.0,74.0,4.0852134287270365,0.0588085512147021,0.112,0.1,0.002725538840582932,4.120227626052917e-05,10.276,0.024,9.957,0.013999999999999999,292.02238347069766,49.415837686723854,kmag,green19,using DR13 feh and SDSS teff
KIC11558593,5309.0,60.0,3.5817378204676174,0.02427854117514272,-0.263,0.101,0.0010131767661693731,0.0002381942050944065,9.914,0.021,9.413,0.017,291.5656594826065,49.59277289097073,kmag,green19,using DR13 feh and SDSS teff
KIC11611414,6279.0,55.0,4.015507821544843,0.07549606244675078,-0.07400000000000001,0.1,0.002271738470302784,2.559944071016236e-05,10.535,0.026000000000000002,10.273,0.021,292.2315674281056,49.64786819504508,kmag,green19,using DR13 feh and SDSS teff
KIC11620833,5026.0,75.0,3.46383197847032,0.02609583123562377,0.269,0.099,0.0036122916417112797,7.076928133355885e-05,8.908,0.023,8.363999999999999,0.015,296.420046520644,49.68240804502942,kmag,green19,using DR13 feh and SDSS teff
KIC11674236,5413.0,65.0,3.88352214747257,0.03882508208764317,0.121,0.1,0.002417304018921157,2.7986781501937758e-05,10.307,0.022000000000000002,9.896,0.013000000000000001,297.5384797982407,49.724774417148474,kmag,green19,using DR13 feh and SDSS teff
KIC11713510,5941.0,58.0,4.053156081679774,0.007981464914390548,-0.14300000000000002,0.1,0.00386094162034514,2.04862046321944e-05,9.724,0.025,9.35,0.018000000000000002,292.2578296781836,49.865447815995886,kmag,green19,using DR13 feh and SDSS teff
KIC11717120,5209.0,59.0,3.6979331470280106,0.009886747600535907,-0.365,0.101,0.006982115179871751,2.5807469943150975e-05,7.917000000000001,0.023,7.406000000000001,0.016,294.0786471736795,49.824146473065426,kmag,green19,using DR13 feh and SDSS teff
KIC11722551,4997.0,78.0,3.792527529457996,0.008203632776839465,0.409,0.099,0.0035632712681893343,2.3125824490717446e-05,9.512,0.019,8.972999999999999,0.016,296.3907744874878,49.88227648327086,kmag,green19,using DR13 feh and SDSS teff
KIC11723674,6246.0,63.0,3.8099245974196334,0.02746106254530517,-0.062,0.1,0.0016207978198328353,2.937235668882992e-05,10.422,0.021,10.134,0.016,296.83232405336895,49.83543816730874,kmag,green19,using DR13 feh and SDSS teff
KIC11771760,6075.0,70.0,3.6781629800132407,0.008803170180554166,-0.101,0.1,0.0015143840257712405,2.2292406018504343e-05,10.287,0.019,9.941,0.016,295.9905062799245,49.922692737192705,kmag,green19,using DR13 feh and SDSS teff
KIC11772920,5412.0,57.0,4.468708851242019,0.020195156320584242,-0.092,0.1,0.014123395665517154,2.992051378539478e-05,8.435,0.023,7.981,0.016,296.4418455634103,49.98834250779755,kmag,green19,using DR13 feh and SDSS teff
KIC11802968,5083.0,74.0,3.627444772495167,0.014910752154045106,-0.133,0.101,0.0033773867120300595,2.213125352731653e-05,9.426,0.024,8.859,0.017,285.26848571592967,50.09696231971446,kmag,green19,using DR13 feh and SDSS teff
KIC11817562,6247.0,58.0,3.8264139998914697,0.0491962411592066,0.059,0.1,0.0015726280325834884,2.249042194676271e-05,10.523,0.021,10.217,0.013999999999999999,293.74144135500273,50.01715752831873,kmag,green19,using DR13 feh and SDSS teff
KIC11873252,5199.0,68.0,3.3529445251153893,0.01617383149832989,-0.355,0.102,0.002091987459638971,2.0841995556733487e-05,9.755,0.021,9.204,0.015,296.22903873403703,50.147130052748146,kmag,green19,using DR13 feh and SDSS teff
KIC12020532,5392.0,81.0,3.507878039502072,0.01205783727210792,0.021,0.1,0.001841965325191217,2.4012092084705183e-05,9.509,0.021,9.076,0.013000000000000001,295.5563909602982,50.41129140971941,kmag,green19,using DR13 feh and SDSS teff
KIC12069127,6476.0,66.0,3.9204257568348773,0.009383094156100615,0.076,0.1,0.002333608834175326,2.2250171173065656e-05,9.732999999999999,0.02,9.494,0.013999999999999999,295.30327210604,50.56518307361613,kmag,green19,using DR13 feh and SDSS teff
KIC12069569,6357.0,59.0,3.8360151607450166,0.06073416441371793,-0.109,0.1,0.001819589958613369,2.49174053834781e-05,10.286,0.021,10.039,0.013999999999999999,295.5290266410778,50.52748469031018,kmag,green19,using DR13 feh and SDSS teff
KIC12117868,6160.0,51.0,4.231000496563692,0.04387085949160895,-0.108,0.099,0.0048673785887692585,2.225460168320393e-05,9.486,0.021,9.218,0.015,295.25125024488244,50.694731932205435,kmag,green19,using DR13 feh and SDSS teff
KIC12265063,6189.0,60.0,4.084861387669857,0.07620980947335622,-0.268,0.101,0.0032632752057051113,2.7990464044024318e-05,9.939,0.021,9.626,0.016,295.0705476707032,50.90363975474693,kmag,green19,using DR13 feh and SDSS teff
KIC12317678,6549.0,48.0,4.0713994234849,0.006796261518700997,-0.3,0.204,0.006739641576629765,8.817042290158414e-05,7.882999999999999,0.037000000000000005,7.631,0.017,296.6572381075311,51.020180608398675,kmag,green19,using DR13 feh and SDSS teff
KIC12366681,6188.0,66.0,3.801625342493257,0.021161441253717925,0.15,0.1,0.0029480088227731025,2.5662478132039826e-05,8.581,0.03,8.366,0.016,296.08607147607603,51.12710132408653,kmag,green19,using DR13 feh and SDSS teff
