name,teff,teff_err,lum,lum_err,dnu,dnu_err,mhs,mhs_err,logg,logg_err,bad_data,on_grid_1e,on_grid_2e
KIC5950854,5914.0347,134.6,1.8138441786853898,0.06256473034300214,96.857,0.194,-0.17308477,0.07396448,4.237158310328287,0.009835588893366536,0,1,1
KIC7799349,4976.787,82.60566,4.4218543282850415,0.13870062812526918,33.299,0.322,0.28461868,0.029483877000000002,3.6709836387767134,0.007718492970201674,0,0,0
KIC5822889,5184.0103,94.43386,12.830989106035215,0.7073186650751033,19.708,0.127,-0.026246369,0.03918645,3.4017062807563425,0.012166579945117998,0,0,0
KIC12069569,6062.4185,168.10576,7.144911368508911,0.2912443057814862,44.687,2.162,-0.08424437,0.06665865,3.8257120116400456,0.06099863276475436,0,0,0
KIC6947945,5334.438,103.4667,3.8061029393232473,0.1538181299789687,43.66,1.416,-0.04151237,0.043106824,3.7940632161626073,0.01100358534042036,0,0,0
KIC8016496,6335.1895,150.45726000000005,5.642041645544357,0.3265216037696046,53.51300000000001,3.752,0.08688585,0.09108436,3.981427955566273,0.04277431075505722,0,0,0
KIC10070754,6410.3516,158.42305,2.538071875233964,0.07917786134880167,100.028,2.262,-0.27157915,0.0855183,4.2988759884366825,0.0471316191088727,0,0,0
KIC6802438,5196.9670000000015,95.67622,5.046399994917071,0.17221311802608952,34.56,0.183,-0.20154336,0.043351967000000005,3.678848253773519,0.012742467538505315,0,0,0
KIC3942719,5653.2954,126.50254,4.631670358944022,0.20220523941868865,45.463,1.208,-0.31492338,0.060011942,3.83861232956371,0.0129406524970641,0,1,0
KIC3112152,5937.899,130.73898,3.41330304403289,0.1322942149649009,65.13,2.122,-0.022780257999999998,0.074551165,4.040597722433964,0.02026950399123071,0,0,0
KIC4457351,5266.6953,100.036446,2.5389451688424685,0.09509403440976084,61.01600000000001,2.546,-0.27984336,0.04706973,3.964329840306272,0.017045383451039328,0,1,0
KIC10923629,6179.815,132.93645,8.843917529443551,0.3011426124786851,42.207,0.234,0.18811315,0.08009443,3.838322084043248,0.012380953540503456,0,0,0
KIC4914923,5782.4487,120.81551999999999,2.0583362221190744,0.08418818622624613,39.276,0.309,0.12559848,0.071260646,3.7869060842499263,0.021518051557626008,0,0,0
KIC6049366,6256.464,147.15515,4.558409938336982,0.1692060630487182,60.36,3.951,-0.14652172,0.08181338,3.999780703053928,0.05141424485378459,0,0,0
KIC10130853,4808.189,74.45336999999998,6.979322759325278,0.27609800167412235,20.306,0.116,0.36654657,0.025664434,3.3807048106539974,0.007973556003927662,0,0,0
KIC3223000,5979.4927,136.42706,1.932630010453072,0.08698560850055115,110.919,1.662,-0.15295815,0.07541221,4.3656997625991565,0.09528194930142564,0,1,1
KIC6837853,5749.8516,116.92076999999999,1.812656122421756,0.060657430632950586,89.31,3.97,0.22357191,0.07059406,4.219830397318587,0.03316353790336109,0,0,0
KIC3630240,5041.6553,89.59494000000002,6.410904361301492,0.282926800984761,18.327,0.31,-0.5496945,0.04725237,3.3219475293385883,0.012019734660931564,0,0,0
KIC7910848,5959.7227,128.2859,3.300259357871313,0.1129151821026304,73.054,2.728,0.16036505,0.077242844,4.0615684308158615,0.11447117227855436,0,0,0
KIC9965715,6055.113,146.7018,2.6094357532559656,0.07976721020831913,97.315,0.16399999999999998,-0.3716735,0.07696733,4.275308077097564,0.008975677559508826,0,0,0
KIC11674236,5432.495,109.71666,3.2720933829999828,0.12270030776627786,51.00899999999999,0.99,0.19948663,0.040089282999999996,3.8843028015638255,0.03898488340523374,0,0,0
KIC10186764,6248.4259999999995,162.6623,3.9590576096343573,0.12341272507339696,68.253,3.317,-0.09542787,0.09693058,4.0798930180239585,0.04155940792565952,0,0,0
KIC7429287,5762.0845,133.09882,2.3837763884232595,0.07989631676461251,71.244,1.211,-0.30524686,0.07065628,4.076473904387857,0.016897323349157608,0,1,1
KIC10272858,4932.627,81.0752,7.121134886362532,0.2878156429948655,22.755,0.038,-0.0018769857,0.033494756,3.449600161658957,0.007431625072859869,0,0,0
KIC2849125,6069.326,138.8985,8.326867524861353,0.3645492479079984,41.322,1.97,0.29047602,0.09000496,3.817344102029428,0.017629529069782168,0,0,0
KIC7448374,5588.0024,119.8595,4.938729409494732,0.16757884820446378,44.408,0.545,0.17592664,0.044479806,3.8293482348530015,0.019248246424081367,0,0,0
KIC10730618,6334.8706,146.83379,4.52526733235225,0.14840477154555387,66.192,0.152,-0.04336915,0.08376825,4.074310793438647,0.013338826928293787,0,0,0
KIC11389393,6048.5109999999995,128.57127,4.261407530890073,0.13336153362988767,60.617,2.664,0.17492220000000006,0.07706234,4.0145592296808,0.01869617959179516,0,0,0
KIC11026764,5831.9463,122.20026399999999,3.699854367717381,0.16385104231334102,50.545,0.363,0.1355328,0.07230632,3.899429555702514,0.008668447657542053,0,0,0
KIC9512063,5742.3022,133.25204,4.2103398322466425,0.12847344340792866,49.893,0.207,-0.25733337,0.06127346,3.8724376034947214,0.009988791471501859,0,0,0
KIC6508366,6323.2466,147.11931,6.771337920621631,0.24208305958326196,51.732,0.081,-0.06563015,0.08347354,3.9508842988133823,0.00836684190092028,0,0,0
KIC4446300,5243.063,97.80203,2.8163048802770763,0.09769101870781682,50.025,0.469,-0.0041933693,0.040077865,3.853066999437927,0.016259241513965704,0,1,1
KIC11294717,5672.31,116.89418,3.7550428845783816,0.15417552747283247,59.44,4.212,0.13516511,0.06899322,3.913431730674206,0.03512650725400908,0,1,0
KIC9049593,5887.2437,121.60416399999998,2.4028833945999875,0.08292055839591718,85.064,3.0780000000000003,0.21944529,0.07350106,4.234434019677065,0.03390626056917462,0,0,0
KIC11723674,6086.273,141.22275,8.355578773156951,0.40235042377701546,40.971,1.241,0.012096448999999999,0.083207406,3.8042993218495766,0.027833433065552245,0,0,0
KIC6863041,5576.5454,110.10108000000001,415.7062193431997,590.7390246913127,42.899,0.583,0.27226478,0.06709285,3.838375703386917,0.023328308909449345,1,0,0
KIC5523099,5388.8525,106.79375,3.9072354241371934,0.14553422616644562,42.617,1.426,0.0008776299699999999,0.043495234,3.797524368993616,0.019637583652132213,0,0,0
KIC7668623,6363.513000000001,147.9325,9.052223961685684,0.3113377016019854,45.663,0.605,-0.03982915,0.08447731,3.8755778958041667,0.01723218453030087,0,0,0
KIC1435467,6215.0483,140.4457,3.8928923664223616,0.12482174789327605,70.558,0.087,0.00075433217,0.08088637,4.10421835486515,0.00881104362027405,0,0,0
KIC9025370,5470.039000000002,114.72123,1.3312688957790888,0.052619411609997835,132.707,0.429,-0.021590602,0.064973295,4.4153939168591645,0.009639254277259205,0,1,1
KIC8817551,5543.5483,116.93047,5.029559155484549,0.17839350743807006,43.19,1.391,0.09932563,0.04514872,3.806495633256337,0.0693746438713921,0,0,0
KIC12069127,6175.5312,141.28835,7.450384681745343,0.2646026071438801,48.386,0.112,0.06810772400000001,0.08404445,3.9101094968941963,0.010383950437232486,0,0,0
KIC6592305,6091.53,132.76439,6.6644257767230926,0.2146789219441958,46.861,0.6990000000000001,0.09161963,0.07802796,3.8822118988163865,0.01842340161378158,0,0,0
KIC10670371,5148.655,92.547005,7.8238141909153756,0.4030905830236016,31.237,0.509,-0.06657237,0.03922526,3.6535413032160116,0.009703400407222007,0,0,0
KIC10972252,6012.1475,175.39253,6.692236809894265,0.293970887730346,44.45,0.933,-0.12151337,0.06509088,3.869666779921895,0.020288850237009333,0,0,0
KIC8938364,5765.721,126.57242,1.8158602057694149,0.05996919655010236,85.678,0.097,-0.08823252,0.07084745,4.16977504640257,0.00826095187483823,0,1,1
KIC6688822,5594.0566,108.90338999999999,5.783511790972883,0.3092278288187824,47.048,0.721,0.33720517,0.067438565,3.8582928824019302,0.0261856827879864,0,0,0
KIC5723165,5236.8945,97.490486,4.986123793102387,0.1697917455845097,34.5,0.39,-0.02270737,0.040330496,3.684107147030083,0.008384856940946204,0,0,0
KIC5390438,4823.1579999999985,75.40191,6.7977631818815665,0.31859995091497595,21.183000000000003,0.387,0.22938894,0.02783787,3.3850515012823315,0.00919156953376238,0,0,0
KIC3952307,6025.6973,133.27448,5.542640619178847,0.2071313482637107,51.339,1.106,-0.0007737037,0.07650756,3.887852187937965,0.029336895297301636,0,0,0
KIC9163769,6517.097,151.75153,4.089694347325363,0.13115231094121693,80.202,2.088,0.03961485,0.08840409,4.247568151721604,0.06751255334938969,0,0,0
KIC4641621,5865.4805,145.16325,10.802643401753846,0.4755331456489156,30.649,1.011,-0.19664337,0.06354118,3.609043986073413,0.04513767656070417,0,0,0
KIC11401156,5030.6626,85.76430500000002,3.869658163496428,0.13334490683045666,35.99800000000001,0.698,0.101124674,0.033510838,3.6802036912998446,0.014048068383908123,0,0,0
KIC10963065,6039.781999999997,139.1027,1.8835392073934172,0.06019204905516795,103.211,0.108,-0.1639786,0.07675513,4.295326421782408,0.00888326799394336,0,1,0
KIC6806100,5198.2754,94.37125,4.896618360769433,0.33687676123375976,45.815,2.052,0.30912665,0.033063065,3.883549139738309,0.08451680388371406,0,0,0
KIC11401708,5745.859,115.85041000000001,7.411090838234196,0.3089001251135084,40.161,0.29600000000000004,0.25688234,0.07051325,3.773968112012648,0.01366692768176318,0,0,0
KIC11083308,6115.2419999999975,137.09601,5.9105955522387825,0.2442739760634973,51.208,2.443,-0.014612671,0.07854299,3.915439454414978,0.03719338527767091,0,0,0
KIC4947253,5890.434,145.15536,4.612163406762617,0.17426214884034594,51.547,1.209,-0.12801337,0.06231266,3.9161410856204872,0.023430136373305738,0,0,0
KIC6308642,5622.2393,123.544426,5.26816042731206,0.18244628678685612,42.511,0.399,-0.15679337,0.05416453,3.8056013433689175,0.01534607028484116,0,0,0
KIC8179643,6111.354,175.47142,390.69112284053915,689.5868183800508,56.926,3.014,-0.36382335,0.07955111,3.972412415317693,0.021583106704583188,1,1,0
KIC4586099,6353.01,151.24152,5.9524907181614815,0.2235740509652615,61.819,0.307,-0.14555915,0.084167756,4.020559052081413,0.015601890356591213,0,0,0
KIC9457728,6082.357,163.95316,4.515526684430389,0.14839363161707375,59.64100000000001,0.713,-0.31601337,0.077006795,3.985998513602474,0.02200146282056636,0,0,0
KIC9696358,5972.248000000001,173.65857,5.590499781702256,0.26597071045931475,50.864,0.294,0.04477563,0.057985555,3.9146058501247727,0.014223495941024738,0,0,0
KIC11188219,5817.964,120.9894,1.8128203075443627,0.06673268829847667,93.46,2.439,0.16064525,0.07201385,4.2119475923151946,0.08742662940589377,0,0,0
KIC10971974,5748.0024,142.4009,1.4303677995534183,0.04961989085368135,106.633,3.312,-0.06580214,0.08539831,4.3171663377956095,0.041951535052788175,0,1,1
KIC7296438,5659.352,112.88541000000001,1.851059510634408,0.05570265769496552,88.743,0.11,0.26441413,0.06874443,4.209393622948399,0.007992397285706039,0,1,0
KIC7133688,6403.149,152.7022,6.023082403585143,0.2661535656650438,59.224,2.03,-0.009555151999999999,0.08907014,4.024597162612015,0.05868356251537901,0,0,0
KIC3241581,5599.9614,111.08939,1.029203727667881,0.03406036531210965,123.412,2.821,0.2623322,0.06755555,4.389316849793406,0.06148446367453056,0,1,1
KIC2010607,6315.1045,142.2364,9.052887027308225,0.4172188067809799,42.479,2.185,0.06549585,0.083319224,3.796332261917653,0.09450497794189244,0,0,0
KIC9641837,6078.871,137.47346000000002,5.875964088354437,0.18955261571077295,47.184,0.875,-0.06857305,0.07768726,3.87652466541974,0.017335530188758063,0,0,0
KIC6129877,6015.3667,132.58902,2.3768262595006115,0.08531272662680632,92.943,2.667,0.008736171,0.07627871,4.244154966625323,0.02747377505713487,0,1,0
KIC10462940,6162.2476,133.60306,2.1554550415706433,0.06779549657575235,104.459,0.454,0.14720665,0.07967682,4.326777028216689,0.01413154698539234,0,0,0
KIC9812421,5176.295,94.411125,6.210638303871423,0.2284829166940865,27.671,0.227,-0.17471337,0.042226084000000004,3.557491502869832,0.010083749424465336,0,0,0
KIC8802782,5990.925,122.99548,6.447026393916049,0.2551385520942615,45.118,3.1860000000000004,0.29146308,0.07577632,3.842910156699801,0.030721747952422124,0,0,0
KIC9073645,6101.103,137.28134,6.8689243756974525,0.29174895141823143,43.619,1.881,-0.03674985,0.07820922,3.8288080411856895,0.04109876542968069,0,0,0
KIC3430893,6046.743,134.81552,3.0908815544991604,0.1047018477124797,80.813,3.933,-0.024308372,0.07697412,4.188113808459457,0.023440375051846662,0,0,0
KIC3633889,6234.848000000001,147.2917,2.5424061979537225,0.08393319453952541,97.458,4.474,-0.17584002,0.081279285,4.267579266740039,0.01451055762285644,0,0,0
KIC11193681,5520.2515,114.80742,4.7970167506430235,0.16377306968489955,42.844,0.3670000000000001,0.25438663,0.041022297,3.8101484430948576,0.008350044341417676,0,0,0
KIC5021689,6267.3896,144.03023000000005,4.60494150942668,0.15799587193659992,63.504,0.233,-0.043609515,0.082123935,4.038385386323027,0.01492318937541871,0,0,0
KIC7174470,5979.2393,124.85548999999999,5.977139038438303,0.2020610293630716,47.136,1.173,0.21631902,0.075514145,3.9237387462713738,0.03883425272179753,0,0,0
KIC10972873,5621.083000000001,155.32672,2.967724188982852,0.11302438363291854,58.402,0.142,-0.07367436599999999,0.049401343,3.957516686701804,0.0129328242275157,0,0,0
KIC11817562,5966.0913,164.69031999999999,7.646391706628173,0.31789933569057993,41.097,2.025,0.12725663,0.055828508,3.8164231944940687,0.04951904837099248,0,0,0
KIC7206837,6285.911,139.64748,3.7839695243196885,0.11949730650875436,79.157,0.11,0.106663845,0.082617454,4.179578926272106,0.009795525490232541,0,0,0
KIC3438633,6313.0596,149.9049,5.339488296106996,0.20997979524627475,55.725,2.2230000000000003,-0.15694915,0.08317987,3.951533994470136,0.0180311509669469,0,0,0
KIC4049576,5847.8667,141.68868999999995,4.453611286783333,0.16693583449631255,53.265,3.312,-0.17933336,0.062481899999999986,3.9297457473825763,0.05755762677827336,0,0,0
KIC10162436,6284.1387,145.04092,5.676306631364857,0.18922321319502974,55.834,0.084,-0.05334249,0.08252530000000001,3.97252247340322,0.00918791262414031,0,0,0
KIC5629080,5097.9473,91.06107,5.7918651965902885,0.2254839715293393,27.78,0.241,-0.22352336,0.04133518,3.5526705718535103,0.009996498237144135,0,0,0
KIC5033245,5060.9517,87.13492600000002,6.526654663843683,0.2987384113961857,26.525,0.259,0.18923664,0.03253734,3.54603824615106,0.009443086722335554,0,0,0
KIC5773345,6182.325,130.60974,5.445305621584973,0.17547153811927266,57.551,0.086,0.26371825,0.08015799,4.0053452321436245,0.008775739413668162,0,0,0
KIC9202077,6145.3335,132.3608,5.307341846622833,0.17621441055106946,57.869,0.912,0.16635388,0.07928464,4.014796896473545,0.020790413748125517,0,0,0
KIC8414062,6409.815,156.98398,3.1687596076186875,0.12909873366943492,70.479,6.382999999999999,-0.23350915,0.08553086,4.02349067401994,0.07492774650087224,0,0,0
KIC11771760,5754.1943,133.19818,9.724858479804213,0.4170431942648865,32.571,0.161,-0.004703369000000001,0.053916982999999995,3.666382100118996,0.00982350453262085,0,0,0
KIC11137075,5493.513000000001,129.64581,2.234085984544293,0.08339834147824242,65.089,0.534,-0.12261337,0.048106145,4.005456861407643,0.008467057588666393,0,1,1
KIC9757640,5460.9614,107.94398999999999,2.6918292899569543,0.08765891045764285,62.006,1.602,0.4028921,0.069295295,4.013666930093674,0.03927266658362452,0,1,0
KIC6531928,5046.7734,88.60670999999998,4.0593889490207085,0.154834139921884,31.375,0.412,-0.6703838000000001,0.05004767,3.578273524441693,0.01092948238961423,0,0,0
KIC6290627,5016.363,85.87001,6.752683285307099,0.2624320751352016,22.336,0.182,-0.23274645,0.03972804,3.422113988117069,0.010950984042142928,0,0,0
KIC4571904,6012.0186,154.03398,11.22148749307193,9.290532989217336,45.028,4.303,-0.02118101,0.0944898,3.842057929070228,0.021066572592727668,1,0,0
KIC10518551,5894.4155,146.02739,6.254085304425889,0.21552300285911485,50.052,0.7240000000000001,-0.24542338,0.06649814,3.8962487708832736,0.014681387322452881,0,0,0
KIC9410862,6023.236,145.47508,1.7053602114346311,0.05546432647107302,107.552,0.16,-0.37379307,0.07624735,4.305269611475603,0.011488338450965821,0,1,0
KIC9292130,5951.2627,127.88085,5.446102550474294,0.18736938246692336,48.776,1.385,0.084932044,0.07487591,3.886424556556592,0.015035912283244354,0,0,0
KIC5961597,6434.7905,147.45586,6.420929140145416,0.2319867604193284,59.76,1.301,0.07654185,0.08682292,4.0721666515331885,0.026290917424084653,0,0,0
KIC9451741,5654.2314,112.29624,1.7982123838485948,0.062261037239706114,94.243,8.552,0.28007009999999993,0.06864153,4.263760026195264,0.0213917085286669,0,1,0
KIC7628676,5117.4727,90.688805,6.8656461764150665,0.5799794672745033,29.245,0.433,-0.01743037,0.037526876,3.6014307232899587,0.014116322190667531,0,0,0
KIC7591963,5846.61,124.731544,3.735850108065714,0.14372604433127645,59.881,1.7,0.067341104,0.07260424,3.994521404402781,0.026647192569491662,0,0,0
KIC6853020,6206.241,137.28978,6.276357407930528,0.22741913429841001,54.20399999999999,1.787,0.08517118,0.08070129,3.9707255224202127,0.04189728853555081,0,0,0
KIC10731424,6122.288000000001,175.33434,8.409996821733623,0.4081056274316275,37.724,2.18,-0.097073376,0.06940891,3.7825159479756634,0.023487801640290403,0,0,0
KIC5892169,5216.679,95.99002,6.8109647128209065,0.24394254493725145,29.75,0.482,0.09245063,0.037491005,3.619311705268265,0.01031458827495943,0,0,0
KIC9138680,5730.607,130.5689,5.7470081858181565,0.22515383233635688,41.555,0.952,0.19774663,0.047757264,3.79602513428529,0.02808928881306461,0,0,0
KIC5955122,5945.695,133.1466,5.049466357321021,0.1795170369561614,49.214,0.5579999999999999,-0.090174586,0.074695796,3.8885618048009865,0.008044252933107435,0,0,0
KIC6529109,5576.1777,113.57770500000001,2.98443056686176,0.1013780937681754,60.105,0.569,0.14344005,0.067073144,3.9970427232478736,0.013832727519525764,0,0,0
KIC6047087,6023.329000000002,139.19588000000002,2.044551756922999,0.06697708546516079,93.524,1.248,-0.18617213,0.07637286,4.250626898988266,0.028246355315136282,0,1,0
KIC10074716,5834.7915,130.10837,2.330610619963103,0.0773971767510937,83.884,2.62,0.155928,0.079989694,4.186532962437134,0.0636110400406379,0,0,0
KIC10019747,5569.642,109.81805,2.5404115876828897,0.0799039394394554,66.697,0.6990000000000001,0.274944,0.06695702,4.030909681906807,0.039956643670708836,0,0,0
KIC9073950,5023.2124,85.84806,8.274844635221244,0.351237986027817,20.644,0.03,-0.088176705,0.036915217,3.3893384224439984,0.009218993683089736,0,0,0
KIC3329196,4912.5283,80.697914,3.984837234293475,0.1340037841727506,29.604,1.193,-0.24998295,0.03781235,3.5511249656334103,0.03158346666127232,0,0,0
KIC3429205,4996.9717,84.27175,6.350222274150635,0.22474097965937026,24.296,0.098,0.0037456090000000004,0.034630593,3.485665683502221,0.007705731793985731,0,0,0
KIC4577484,5380.1895,106.66881000000001,4.627944427369345,0.17975594941824902,46.5,0.752,0.17720947,0.063324854,3.8452430690550536,0.0584466355059127,0,0,0
KIC4846457,5926.324000000001,120.7326,7.905427587084053,0.37229411161916026,42.067,2.8160000000000003,0.29383177,0.07435218,3.7966098870896943,0.038203871054071116,0,0,0
KIC11611414,6117.5483,138.41828999999998,3.7964751024937606,0.15311452318080798,68.81,2.562,-0.052089326,0.07858222,4.009851283481254,0.07563185684223511,0,0,0
KIC10129349,6447.7334,148.53911000000005,4.154638060995849,0.12497329192356245,81.195,2.43,0.045007847000000004,0.08662296,4.246742077089632,0.06950744418916564,0,0,0
KIC7106245,5874.2173,131.65811000000002,1.4795269758649408,0.044752144385140864,111.337,0.174,-0.12670973,0.073126405,4.338911591764382,0.011847995859876032,0,1,1
KIC12117868,5937.589,131.45868000000002,1.9865427093556287,0.0624964189546573,93.695,3.943,-0.046125865999999995,0.074535824,4.2230152066964015,0.044096867860009784,0,1,0
KIC7914731,5766.4204,134.0993,7.5949238858628405,0.3455084494314198,34.57,2.414,0.01768563,0.053657095999999994,3.7132510991375267,0.0412341021740947,0,0,0
KIC6035199,4900.4854,80.45201999999998,5.5799982632611815,0.2714353403567493,23.738000000000003,0.8270000000000001,-0.38276535,0.040326363999999996,3.4258757799215735,0.01575768299825876,0,0,0
KIC7282890,6276.512,141.28679,8.412759422117915,0.27167922117065224,45.479,0.539,0.04726935,0.082375154,3.8808511026682138,0.01369190498066167,0,0,0
KIC9119139,5574.641,109.96498000000001,2.82520809537915,0.09459433933419037,61.654,3.381,0.27517268,0.06705541,3.9911026678418176,0.0496754609594802,0,1,1
KIC7700968,5232.99,98.45402,1.300550085929398,0.11050602188803936,101.902,4.9910000000000005,-0.41835338,0.049711905,4.242165134774692,0.08955035819057733,0,0,0
KIC10727922,6094.9526,143.08386000000004,4.479172808492958,0.17427275360033612,55.389,3.045,-0.21821222,0.07797985,3.950275292184195,0.03868566141433138,0,0,0
KIC10873176,5806.467,166.05348,4.5224518995855405,0.16313728262243554,48.342,0.8,-1.0207546,0.087277755,3.8694047645813785,0.027492753115385373,0,0,0
KIC2852862,6115.3374,140.58768,5.774125581518509,0.21021306829191388,53.556,0.149,-0.11996241,0.07850149,3.9528846273512666,0.009760349481898923,0,0,0
KIC10394814,4975.9336,83.52684,5.474584535829184,0.17436399153420634,25.56,0.248,-0.12565096,0.036669272999999995,3.4869561107220264,0.008548675987033455,0,0,0
KIC8176564,5962.9630000000025,135.15536,2.6654637440556614,0.08474992563270689,77.77600000000002,0.126,-0.13291332,0.075056456,4.136396975337233,0.00970628586407898,0,0,0
KIC5683538,6060.409000000002,160.41451999999995,6.483871917880733,0.26417020724492346,41.98,2.381,-0.5289010999999999,0.08309355,3.793022763951256,0.07623652987284307,0,0,0
KIC8579578,6324.7324,144.94124,7.4144874967289605,0.253622096510842,50.338,0.5489999999999999,-0.001395151,0.08353486,3.948953687971657,0.017412575020388392,0,0,0
KIC9700430,5821.7285,130.63808999999998,2.4032220226245524,0.08148019512320026,79.48899999999998,2.477,0.066888064,0.07804048,4.166664882589775,0.02579818083129506,0,0,0
KIC9791157,5817.519,125.29451,4.160810603618092,0.17103870246260744,54.457,0.8440000000000001,0.07665074599999999,0.07360721,3.9500363676958163,0.03894340323141697,0,0,0
KIC6766513,6021.3584,157.7335,5.575448905069903,0.21739203548137453,50.673,0.455,-0.25830337,0.07207158,3.8981511071374815,0.012796917231518837,0,0,0
KIC6933899,5771.83,123.26603,2.8785096477494587,0.10130532427165928,72.139,0.066,0.02974477,0.07101619,4.0889037355022415,0.007915033164453245,0,1,1
KIC8114155,5595.8237,116.02156000000001,2.380283695224829,0.08177041758972559,73.675,3.015,0.07774204,0.06744847400000001,4.081380040271987,0.04788249034855577,0,1,1
KIC9455860,6405.405,156.95389,4.444311639537852,0.15068728136301154,70.913,2.4330000000000003,-0.15897915,0.08789425,4.142485992778202,0.05353044029275546,0,0,0
KIC7038145,5963.5366,121.58793,6.800078679122789,0.29085857994600595,42.455,1.205,0.30739075,0.07516895,3.8302793268540003,0.02591049989887196,0,0,0
KIC7799430,4901.6836,79.76422,3.922427702828396,0.12056219259617065,31.117,0.328,-0.08263501,0.034364216,3.58187895984144,0.009906388110684006,0,0,0
KIC10324098,6108.437,184.4408,5.949635822085325,0.2458860549403985,49.903,1.475,-0.064618364,0.06685512,3.915111994872198,0.02245860316973908,0,0,0
KIC8416311,6348.7959999999985,140.75221000000005,7.929700856486934,0.2680339946677765,48.885,1.784,0.14952084,0.08416528,3.91031951268794,0.020972817731404875,0,0,0
KIC5431016,6191.74,175.0579,7.0242508675702675,0.3625668728942584,48.838,0.325,-0.29813337,0.08126758,3.95502226712027,0.04597515280877039,0,0,0
KIC10959362,5595.1953,115.35000600000001,5.338481940547612,0.19335130875092066,45.437,1.634,0.46162203,0.07691201,3.8710463638294974,0.029205923296276963,0,0,0
KIC9026685,5629.748000000001,117.68887,2.6792574654405303,0.1328674015159903,61.894,0.639,0.057692952,0.06811937,3.994649847139559,0.017988864936971057,0,1,1
KIC10355856,6367.1187,152.20511000000005,5.116345624747369,0.15895675665854547,67.285,0.171,-0.15509915,0.08451207,4.089429160911882,0.011547460529447436,0,0,0
KIC9542776,6220.8755,191.4228,9.484157146942616,0.4312762738513918,40.39,4.274,-0.106893376,0.073460974,3.782658008760608,0.052979296269367517,0,0,0
KIC7871531,4806.6616,76.15501,0.5408246455882271,0.02673522850571597,151.19,0.379,-0.43565813,0.039346434,4.453372058990165,0.009453191914764696,0,0,0
KIC8321567,5590.526999999999,118.33053600000001,2.3195684546017583,0.08489545846664592,70.851,0.757,0.061186492,0.06909757,4.056220900012557,0.061801897237959424,0,1,1
KIC7976303,5933.111,150.9028,4.919314361036584,0.1688131122203993,51.31399999999999,0.503,-0.5521796999999999,0.079554915,3.8928595946374926,0.013709809127335272,0,0,0
KIC4574610,5943.3813,149.96976,10.827897501517006,0.4067454932088577,39.276,0.309,-0.14904337,0.06498037,3.792866986723528,0.021736263365388524,0,0,0
KIC3643774,5975.07,124.95198,2.9431416208925176,0.09609230559832227,76.417,0.314,0.20834333,0.075421065,4.150013581659911,0.015823190677519118,0,0,0
KIC2450729,6004.721,136.88783,3.432850594516437,0.12141728434030875,61.91,2.539,-0.13752252,0.07598133,3.9786084282443683,0.04782983784896823,0,1,0
KIC9446628,6076.754,162.91939,4.501786269398757,0.1603205505437737,56.106,3.718,-0.22192337,0.07299082,3.9720589610918737,0.055610008161285335,0,0,0
KIC5450445,5997.003000000002,129.99358,5.223711480972781,0.17977011872240833,57.31100000000001,0.21600000000000005,0.06979641,0.07588545,3.988094947814152,0.0186905780372708,0,0,0
KIC7880676,6133.3769999999995,134.53732,6.491559062496671,0.2254378612367205,53.848,1.633,0.0849558,0.078991786,3.9716694791655054,0.031691488856007984,0,0,0
KIC11717120,5073.7783,89.03724,3.2352746921776268,0.10148076890585632,37.552,1.416,-0.28304335,0.042160764,3.692221711659311,0.010306272080144884,0,0,0
KIC7341231,5295.4473,108.18793500000001,5.1312350750924365,0.15921415227367852,39.276,0.309,-2.0097663,0.113440864,3.767801515139688,0.021497072703027285,1,0,0
KIC2309595,5074.0425,88.33419,3.501423330581844,0.13447573848531125,39.029,0.721,-0.01529737,0.036552176,3.7279188244519843,0.009461670274024678,0,0,0
KIC10081026,6189.0796,176.23978,8.579965185295265,0.35984345396005146,43.416,2.174,-0.19834337,0.07674931,3.816467877552206,0.03656810795448962,0,0,0
KIC3633847,6075.4927,130.49477,4.891563245003537,0.2208694694890827,61.149,1.012,0.14459234,0.07767128,4.015237221398071,0.0343029908825399,0,0,0
KIC9893470,5732.67,131.50018,10.948527273094212,0.41414404615085054,27.862,1.187,-0.01083537,0.053422465999999995,3.5781088151148666,0.03408020237826491,0,0,0
KIC3112889,6143.901999999999,144.92775,5.041516322708087,0.20790533609768505,53.709,1.865,-0.21463376,0.07911252,3.901392326191054,0.033392586897529136,0,0,0
KIC7216846,5068.477,87.63499,5.75867515872185,0.21040159084083232,28.644,0.334,0.14645663,0.03343058,3.6028785967292576,0.014589637301079969,0,0,0
KIC11244118,5506.825,107.37611399999999,2.180462443821291,0.06515278439243133,71.373,0.069,0.29545936,0.06573338,4.079348857333591,0.00783706433015544,0,1,1
KIC5214711,6227.793000000002,142.8018,5.0859220423578515,0.18744848090229027,60.17,2.717,-0.05396121,0.08116956,3.9647634442389874,0.05428173347548609,0,0,0
KIC4346201,5821.3380000000025,140.06609,5.101210567538896,0.3033277126152134,55.319,0.434,-0.32449338,0.06649288,3.9299245947480963,0.020568398596478885,0,1,0
KIC11454149,6281.3066,150.39973,1.8708400018455,0.06594860941707538,114.969,3.297,-0.20932427,0.08237759,4.370943925509686,0.04895781240560964,0,1,0
KIC4465324,5677.1255,128.36606,1.8445558531484072,0.06663473056990821,86.274,1.457,0.091694556,0.07808723,4.183508307819267,0.018193202489730442,0,1,0
KIC9390670,6286.606,137.72377,4.740189469971692,0.17163600679510438,70.619,3.995,0.16494085,0.08264415,4.1080164526778935,0.0378489168335577,0,0,0
KIC9026479,5430.098000000001,109.91465,4.60927580745185,0.15404642357192788,42.444,0.825,-0.13077337,0.04778625,3.781125305485254,0.012258302510022098,0,0,0
KIC8574769,5531.196,106.46889499999999,2.2222208315333254,0.0830768599121412,71.28399999999998,0.565,0.38546976,0.066869006,4.0594600227977855,0.02226713480963978,0,1,0
KIC3424541,6328.444,136.86223999999999,9.589170945800976,0.37457047692376294,41.291,0.122,0.24082085,0.08367235,3.853818538402363,0.008544427857317786,0,0,0
KIC10003270,6198.9736,175.22585,7.546412223064798,0.3618297500999885,42.502,1.959,-0.17095336,0.07623842,3.8557457477916657,0.031297453747468014,0,0,0
KIC9778067,5965.927,166.10663,4.540431758524523,0.16799623617133894,49.808,2.298,-0.52649546,0.07896957,3.912589816054085,0.024775928316049425,0,0,0
KIC11506988,6334.1219999999985,154.53145,8.185712277159848,0.29648510834488384,58.59,1.37,-0.25976914,0.08363304,4.005165624782516,0.035229751055117296,0,0,0
KIC7833440,6006.1543,161.3926,3.529688154333688,0.12776097075827053,66.21600000000001,1.041,-0.44493335,0.07852893,4.004268190396849,0.04135962834769589,0,0,0
KIC4351319,4908.248,79.208275,6.104445262182086,0.21145916201725434,24.493,0.125,0.30846334,0.02800717,3.4983881073893643,0.007864487008098348,0,0,0
KIC9225600,6088.8877,129.28053,4.354361007269777,0.15560689431847052,64.66199999999999,1.638,0.19865853,0.077984445,4.052578552420707,0.017142997588494267,0,0,0
KIC11558593,5119.327,91.25568,41.35910966429494,49.084188188482415,28.486,0.534,-0.18889336,0.041164685,3.573837893421924,0.024462380787823847,1,0,0
KIC6612225,6471.9272,162.03717,5.714837088559017,0.21063423034606374,58.904,2.607,-0.29161915,0.08706421,4.018945232921685,0.013392339936970706,0,0,0
KIC9201604,5045.2383,86.68764,6.456820502695777,0.2537925434780961,25.906,0.24,0.03375112,0.03502292,3.520060980807752,0.016938809150873698,0,0,0
KIC4543171,6022.8438,127.216705,3.232764774531235,0.11295188256420108,71.217,1.973,0.18913656,0.07648510000000001,4.128347933923036,0.0216061580223114,0,0,0
KIC8018599,5793.2,135.81828000000002,12.014912816487325,0.4402821487306827,27.984,0.262,0.13976663,0.051070872999999996,3.592097296906448,0.00927772348834885,0,0,0
KIC9414417,6268.0977,146.19041,5.21266470048012,0.16282189771748445,60.098,0.098,-0.10521001,0.08211428,4.017876259988895,0.009368626918410046,0,0,0
KIC5429911,5074.4940000000015,88.19539,7.283401470976731,0.2428715037658309,27.92,0.84,0.04886963,0.035333943,3.577631511115163,0.024569716962384046,0,0,0
KIC11414712,5492.3745,114.09413,4.551206045763286,0.14407413305729744,43.827,0.156,-0.120283365,0.049266726,3.813970651791177,0.01286345247727206,0,0,0
KIC6671492,5881.564,143.14752,6.643599930702095,0.2762588912953108,42.105,0.736,0.17025663,0.052891925,3.824724735964436,0.028654824683631418,0,0,0
KIC9204313,5630.6885,121.66733,1.905251247225188,0.06169488874793382,74.334,0.815,-0.08033691,0.068093374,4.079623632342217,0.10116423200661498,0,1,1
KIC10295224,5968.569,123.72411000000001,8.398216724778495,1.6718972654371935,38.668,1.924,0.24157944,0.07527943,3.770776898885591,0.0315452689277591,0,0,0
KIC8561221,5187.143,94.794106,6.426294925966933,0.2113940530246152,29.766,0.07200000000000001,-0.09131338,0.040642995,3.614206500713802,0.007690484139005835,0,0,0
KIC10215584,5666.916,119.3337,1.6365683300837293,0.06267042077002394,115.158,2.834,0.043013893,0.06886365,4.2672750466914335,0.09486271569756473,0,1,1
KIC5344612,6052.5435,136.90753,4.087996193180915,0.15527156539113476,65.683,2.719,-0.08205943,0.07708269,4.064931830933067,0.03769143031947631,0,0,0
KIC7584900,4830.413,75.54675999999998,8.928967046923217,0.5149617552609804,21.795,0.271,0.32179734,0.026613223999999998,3.418076923915474,0.007305640191848314,0,0,0
KIC10717090,5566.439,110.82558999999999,2.170203675513587,0.07854037913473277,77.26,2.727,0.27741203,0.067967184,4.146291246856421,0.0627527630155925,0,0,0
KIC4571351,5850.8296,131.82402,2.5269518432040945,0.08772492978361468,79.194,4.312,0.20010391,0.08273272,4.062111357533508,0.050556053642130325,0,0,0
KIC8702606,5465.195,112.174805,4.924808776916418,0.1871722356151766,39.639,0.063,-0.10219337,0.048030723,3.7594933217221858,0.009034329942604322,0,0,0
KIC6116048,6003.9927,138.76748999999998,1.8352805318787984,0.05715384331447604,100.891,0.08900000000000001,-0.19593534,0.07593448,4.278763580183012,0.008330410478247929,0,1,1
KIC2991448,5588.1626,118.91807,3.086298655875099,0.11462060725882628,61.732,0.899,-0.03417071,0.0672645,3.9863358463438363,0.009457087074829515,0,1,0
KIC4450844,5757.8535,128.54033,2.5419029170448235,0.09165416751774913,72.653,0.198,-0.16246301,0.07065006,4.080208140799064,0.009194489612858237,0,1,1
KIC6313425,5611.913000000001,122.25423400000001,6.170145346587723,0.2726546882960399,37.176,0.358,-0.01317637,0.049872216,3.740059851565397,0.008941202537040172,0,0,0
KIC3952580,6108.7397,165.04321000000004,10.405335276913087,0.4114853273357095,36.477,0.435,-0.008717369,0.06636339999999999,3.7577552464214254,0.014618739797136038,0,0,0
KIC9287845,6248.0674,141.5626,7.340400596179789,0.2846334203677703,48.166,2.261,0.07073099999999999,0.08361666,3.880977025472712,0.04400579908995103,0,0,0
KIC4756112,5878.9897,144.09355,8.658346540868576,0.3799778717552549,36.842,1.494,-0.11382337,0.06143371,3.777159267055117,0.04508027144991959,0,0,0
KIC5353186,6135.28,133.15639,6.457078908947058,0.2471839944426097,47.545,1.346,0.1299604,0.07904516,3.904813698116656,0.014322590895130596,0,0,0
KIC11713510,5734.568,125.79928999999998,2.5030264367788924,0.08337777577464768,68.759,0.183,-0.098989815,0.07019709,4.045476658956823,0.009049926732981729,0,1,1
KIC5543462,6074.047,153.77295,2.134494017018489,0.08237155561307262,92.696,5.211,-0.20924458,0.087372735,4.206310841251144,0.07098889282662774,0,1,1
KIC9098294,5858.2827,129.63808,1.4395703586723119,0.042323404003765885,109.12,0.117,-0.08036578,0.07280496,4.3176274957824585,0.008428074600308876,0,1,1
KIC6693861,5604.8047,122.93966,3.8444659135553865,0.1447007805040208,47.298,0.18,-0.33805338,0.05907504,3.8366726830368174,0.008585444182619681,0,1,0
KIC8367710,6174.744000000002,137.27151,6.157041789611009,0.2134096465061832,55.607,0.467,0.049227982999999996,0.07994872,3.9761151122510623,0.01325463352954815,0,0,0
KIC10118942,5591.9519999999975,154.41801,4.3718136501149045,0.1690204967611777,46.412,1.523,-0.615328,0.06402058,3.8289987226419515,0.0319797904066649,0,0,0
KIC11467550,5984.78,131.66565,4.866950761300091,0.16845221187768103,54.54,2.932,0.0023204759,0.07559404,3.941073036646473,0.023385591091171845,0,0,0
KIC9903271,4805.237,80.68383,5.075271034184662,0.18949829322196174,24.096,0.5379999999999999,0.38090244,0.025005639,3.4612606124848853,0.010156868882876386,0,0,0
KIC9702752,5476.132,105.69501499999998,2.2565969483404174,0.06979449318893405,67.14699999999999,0.521,0.32514966,0.065143354,4.04581414478028,0.017408714011679496,0,0,0
KIC4638884,6452.174,149.43567,5.911815458692398,0.1986218710926506,60.727,0.193,0.025291748,0.08672988400000001,4.052062425659766,0.009318318681359926,0,0,0
KIC3656476,5583.028,109.90648,1.5279484908637675,0.04799025247372457,93.305,0.079,0.28696409999999994,0.06722105,4.226422268583652,0.00803295733595025,0,1,1
KIC11127479,5835.4717,122.04413999999998,2.0566733844464022,0.07579517000305946,90.87,0.695,0.14490023,0.07238282,4.217838425659102,0.0324286662210191,0,0,0
KIC8493735,5782.278,135.51553,6.632034130732429,0.2199168749579528,38.5,1.154,-0.01424237,0.05508119,3.7404358684438086,0.02931734251150643,0,0,0
KIC9116461,6305.015,148.66261,2.3032952855184967,0.07042431347484213,105.301,3.745,-0.13169914,0.082996845,4.317321158486561,0.015955141890987,0,0,0
KIC8027956,5728.9119999999975,120.30078999999999,2.9647185539376437,0.10023130359996067,65.28399999999999,2.127,0.08136071,0.07013939,4.0211791217592205,0.031827712573577464,0,0,0
KIC6605673,6116.2285,144.9599,3.5252180356391847,0.1230859605531962,68.074,0.821,-0.24826062,0.07845077,4.055710525317055,0.03209142007171078,0,0,0
KIC4064447,5165.07,114.25941999999999,13.84321720993777,0.7402651080707301,19.174,0.884,-0.12356336400000001,0.039207692999999995,3.381815461404241,0.03323771462931571,0,0,0
KIC10319352,5456.169,106.65401000000001,1.8481809027076408,0.056483101523150836,78.74600000000002,1.732,0.26517493,0.06476182,3.963280443484883,0.12978973891462733,0,1,0
KIC8950146,6174.825,147.23363,2.4892441352176307,0.07757859096189224,94.829,3.034,-0.02275636,0.086502865,4.290919377160448,0.0196802923472813,0,0,0
KIC10909629,6062.294,161.65231,6.471500541366696,0.2530403041198461,49.467,0.146,-0.25198337,0.07355367,3.905976236359884,0.013770129496748442,0,0,0
KIC3642422,5163.997,93.084335,8.314944488862848,0.410845097788755,29.442,0.402,0.05365563,0.037121292,3.617238611650656,0.04352694307038068,0,0,0
KIC11507653,5607.147,114.82571000000002,2.711305609730404,0.11621747717761945,70.218,2.324,0.13390648,0.06768463599999999,4.073570317038056,0.05891385636708611,0,0,0
KIC6442183,5575.422,120.47685,2.466006055012052,0.07576009914900972,39.276,0.309,-0.103785396,0.06698653,3.778989062192633,0.02155132524654642,0,0,0
KIC7383120,6072.7886,139.10338000000002,2.524633578305817,0.0842645799088575,83.41,4.181,-0.12521695,0.07752314,4.210758303158241,0.023125209545883263,0,1,0
KIC5253542,5579.5156,111.00313999999999,1.2857501881643187,0.04315616348596407,108.071,1.821,0.24207060000000002,0.06715003,4.31915741661515,0.027448783850249032,0,1,1
KIC8026226,6201.967,175.61514,10.754336703307981,0.3986541524530765,34.343,0.163,-0.20154336,0.07763692,3.714792850130676,0.009097111743718096,0,0,0
KIC11074380,5039.4717,86.10462,4.754961052008153,0.18065963538484464,34.786,1.3019999999999998,0.14978722,0.032816727000000004,3.6806226194914697,0.016283932007776922,0,0,0
KIC9702369,6214.7173,141.26941000000005,2.2783318608532492,0.08492469825599391,93.488,0.326,-0.024063297,0.08086975,4.2663175821645245,0.010863815227281729,0,0,0
KIC7680114,5772.8145,120.69511999999999,2.076880024885578,0.061356562912579175,85.169,0.083,0.11859624,0.07105792,4.180578724541843,0.008080513550529161,0,1,1
KIC3661135,5542.7446,114.75131999999999,3.1669653136225437,0.11610271872312737,54.965,1.588,0.061983887,0.06640086,3.941181922109525,0.01457176920980921,0,1,0
KIC4841753,5933.415,131.13432,5.206663672131901,0.21288367438470332,49.655,2.4290000000000003,0.1626918,0.08015336,3.88858468846384,0.04092478218340241,0,0,0
KIC8696343,5855.971,126.39943999999998,1.799685318906846,0.05836265456709189,110.738,3.673,0.02285299,0.07279213,4.331880171443354,0.04112596082055845,0,1,0
KIC7739672,5976.214,127.669495,3.621897411259215,0.1141561386337826,66.015,1.91,0.12066658599999999,0.07543434,4.086155258545478,0.06764104145547017,0,0,0
KIC10398597,6159.8228,139.84465,5.214218293613632,0.19081931620295836,57.387,2.704,0.13646229999999998,0.08500883,3.9625096595311167,0.0465200573716075,0,0,0
KIC7376493,5434.75,115.88361,1.8748866177489332,0.06344667849381057,75.169,1.127,-0.07978037,0.046144727999999996,4.060375315792592,0.017155528990862,0,1,1
KIC11395018,5458.559,110.726074,4.227438601978637,0.15534777549475098,47.785,0.7240000000000001,0.21405664,0.040436927000000004,3.863097345504583,0.010136750595198559,0,0,0
KIC10593351,5686.368,127.0795,8.776425156450765,0.3206169460354218,32.091,0.2,0.21080664,0.046226355999999996,3.645216522078873,0.010407505584216664,0,0,0
KIC10610027,6526.96,155.44054,5.970749316898713,0.19204937611556616,85.59299999999998,5.419,-0.04879415,0.088627666,4.207652149953842,0.037795312708868184,0,0,0
KIC3437637,5374.771,106.38018999999998,3.2370410463350336,0.12500000408371825,48.084,1.996,-0.15563336,0.046895735,3.853559627267935,0.02437601348440364,0,1,1
KIC10273246,6033.879,139.00113000000002,5.909804705115964,0.2447542758404335,48.54600000000001,0.281,-0.16784102,0.07661999,3.879084145875624,0.016178203362744427,0,0,0
KIC6848299,5239.8066,114.89268500000001,2.3309501813931,0.07595012335345698,56.46,2.65,-0.28703338,0.045086275999999995,3.903875954189077,0.014492089745746818,0,1,0
KIC3545753,5935.5073,149.77103,6.731319072444582,0.2597045548268042,43.288,1.165,-0.26089337,0.06866702,3.8282987540909534,0.039056135580974,0,0,0
KIC8621637,5602.2173,114.23066000000001,2.991108866191432,0.12000433575856162,57.437,1.604,0.14975357,0.06758928,3.958985959056829,0.014734653170633615,0,0,0
KIC5607242,5377.783,106.48798000000001,4.913942336436847,0.16938053630369776,40.628,0.073,-0.12883337,0.046310615,3.762214471899077,0.007757614083617519,0,0,0
KIC8019508,6027.1294,129.97548,8.533714787783602,0.29736030133607017,38.983,0.411,0.10525737,0.07656825,3.7662406119997285,0.02952490696299242,0,0,0
KIC8045442,5714.775,130.19196000000002,8.406717942075803,0.3391639861450119,31.916,0.6970000000000001,-0.03882037,0.053665116,3.629026714462943,0.04425805484810595,0,0,0
KIC8179536,6425.405,148.08536999999995,2.7720298344983245,0.08493521893301192,95.196,0.139,0.03079385,0.08605244,4.285581633763867,0.009400543809591416,0,0,0
KIC11389437,6073.4297,133.26044,3.75569050170756,0.11592479409310386,67.92399999999999,1.075,0.05514051,0.07760516,4.048071932421212,0.014975098201519831,0,0,0
KIC10491771,6437.744000000002,154.54398,3.545892445277188,0.11554634459343838,81.002,2.804,-0.13310915,0.086295396,4.19803103409023,0.046120265181476376,0,0,0
KIC7534011,5419.0034,103.02485,4.47080916232586,0.15282192816550122,57.21,1.624,0.3648059,0.064058125,3.9434568714207168,0.015246785748553985,0,0,0
KIC6232600,6442.8364,159.63261,2.8433346951811487,0.09981089413501287,94.626,1.002,-0.26389915,0.08634357,4.257661641349873,0.0224901652591713,0,1,0
KIC4347652,4954.782,81.92105,9.42763271147317,0.42686661544294857,17.352,1.004,0.10293718,0.032073744,3.3292957755289154,0.05122564907936513,0,0,0
KIC5773155,6201.6816,134.80336,5.0471732558150775,0.17696481727120972,61.13399999999999,1.882,0.15565923,0.08060653,4.037522607148332,0.01858581207899774,0,0,0
KIC9005973,5799.9126,134.98366000000001,2.1960135562230203,0.07677331035385215,82.376,1.7180000000000002,-0.08938472,0.07765298,4.13558902181704,0.03623880089268085,0,1,0
KIC9226926,6491.715,161.04137,4.525311222778647,0.14967329173612146,73.274,0.564,-0.24106914,0.08760801,4.179927764512542,0.01333461947583512,0,0,0
KIC9787965,6142.363,136.63531,6.733369300902262,0.41012884201000777,53.636,3.352,0.040871553,0.07947115,3.9178481978984285,0.023375150259473586,0,0,0
KIC10794845,6035.1245,140.45928999999998,1.63694667911356,0.0558402223227068,116.349,6.699,-0.21047029,0.076624505,4.400984142012376,0.11439190936333266,0,1,0
KIC8694723,6356.1753,161.4297,3.4948421962381886,0.10911164450666266,75.08800000000002,0.09,-0.41889915,0.08405167,4.1252445249216425,0.009407667121480959,0,0,0
KIC4755204,5887.441,128.33461,2.7838570493291734,0.1064626688256518,70.348,0.792,-0.003971815,0.07346006,4.082405125323732,0.014715825080030496,0,0,0
KIC4072740,4868.7754,77.54584,8.463113287544719,0.31322548315270105,18.352,0.055,0.21078569,0.028848522999999997,3.3278725607823105,0.007862803152636414,0,0,0
KIC8677016,5677.7505,123.71933999999999,3.1097685232263714,0.23067656437922854,91.854,1.774,-0.09549205,0.06903577,4.213172366345511,0.03838657290575228,0,1,1
KIC5512589,5670.946,118.12488,2.591854753418698,0.08574146465133703,68.079,0.185,0.090092376,0.06895674,4.05923208379785,0.0109251322301319,0,1,0
KIC4739932,5744.6147,121.35682,3.43267327343675,0.13014365038623588,60.559,1.53,0.06319562,0.07045939999999999,4.003100941416133,0.037177213402201835,0,0,0
KIC2998253,6122.4883,137.04503,2.793699539447656,0.094786728171095,87.227,5.653,-0.00462104,0.07871389,4.235605305606861,0.05248853331763252,0,0,0
KIC12366681,6417.0880000000025,144.96024,14.801632542018426,0.5226091617276758,39.276,0.309,0.10946785,0.085863076,3.8095191874693786,0.02159871377891833,0,0,0
KIC10018963,6159.4624,146.31985,5.242127807813478,0.1828631882285068,54.987,0.163,-0.2367377,0.079461806,3.950154255577926,0.009100769092735429,0,0,0
KIC10417911,5628.257,109.98543000000001,3.4081574745821066,0.11506754145588838,56.13800000000001,2.099,0.33572295,0.06811937,3.937671253485127,0.02247657645199615,0,1,0
KIC10272923,4884.5786,78.49375,3.990987589628815,0.14069784414113107,30.858,0.222,0.11607689,0.030611672000000006,3.5996017700674936,0.01140803355959145,0,0,0
KIC8179973,4882.1514,78.46928,6.044890572497766,0.20083147143521615,22.918000000000006,0.037000000000000005,0.07511958,0.031243965,3.4454213877976665,0.007425302932378745,0,0,0
KIC11138101,6071.026,137.6123,7.17398922421812,0.24804041533144086,43.809,1.823,-0.08198531,0.07750267,3.7864880463877655,0.047756171784016616,0,0,0
KIC10732098,5669.65,119.28454599999999,3.0173838682969634,0.12170575144852913,62.183,1.924,0.04790876,0.06892031,3.9636197061296383,0.02434913824048396,0,1,0
KIC4378838,4929.959,80.24826999999998,7.188476783424594,0.2827025562681502,24.146,0.767,0.31073147,0.028318696,3.5104562821944465,0.013103480964061096,0,0,0
KIC9139163,6390.876,144.60036000000005,3.6829221413993536,0.11445152024414718,81.027,0.087,0.08825485,0.08519991,4.195862756941131,0.010212308818065976,0,0,0
KIC9962623,5601.8380000000025,137.30136000000002,1.8063340694794132,0.05763411687538511,82.21600000000002,1.2919999999999998,-0.009623036,0.08402664,4.1146104345243915,0.03799425590456317,0,1,1
KIC9821513,6045.573,165.4267,4.542273221454637,0.15393831795214208,60.207,3.612,-0.30749336,0.074562326,4.039039917254713,0.016449932045551473,0,0,0
KIC6603624,5424.1636,105.603935,1.0838636005696274,0.037820602106066525,110.321,0.104,0.26920536,0.06415602599999999,4.311165460115629,0.008359340939778529,0,1,1
KIC8216936,6401.491,152.66187,8.277121219742249,0.3242771680047181,56.678,7.22,-0.12574916,0.08538528,4.018701062414189,0.023740463111931263,0,0,0
KIC4243623,4934.7476,81.85186,3.6409017592818302,0.1308860652304875,31.938,1.2009999999999998,-0.27526405,0.03881184,3.606853085355869,0.011135505086234912,0,0,0
KIC3967859,5969.2925,140.58989,1.8865056499234325,0.06498251655887399,93.782,2.216,-0.29230508,0.07510497,4.153637748715628,0.05640095274394525,0,1,1
KIC4165030,5384.305,136.37001,2.22837354511595,0.07825759782649744,61.846,1.494,-0.38620338,0.050858497999999995,3.972297812853603,0.016335871406978526,0,1,1
KIC6430804,4920.9940000000015,80.247925,5.323400850174784,0.192396608282186,25.289,3.593,0.111631535,0.03132198,3.473286141129353,0.012897673281710669,0,0,0
KIC8012842,5730.606,116.65146999999999,1.7164184940963865,0.05442833703830985,95.845,3.97,0.21096479999999998,0.070195034,4.247097036651375,0.06920097148519845,0,1,0
KIC8915084,5925.84,125.54742399999999,2.7065868714814196,0.09264100078230264,78.645,1.078,0.13196564,0.07432815,4.1596958125190096,0.021471783886372803,0,0,0
KIC3761840,5918.376,146.97963000000001,9.779963376978916,0.4215626368516289,34.671,1.027,0.02165013,0.058475364,3.763585668666429,0.03052997648800192,0,0,0
KIC9458636,6047.5137,134.1545,3.612300503795769,0.12307752178165332,66.93,2.991,-0.0028642677,0.076998994,4.028141480157906,0.020310914849416318,0,0,0
KIC7747078,5841.3447,141.40562,4.4380645682529885,0.1532934299952151,39.276,0.309,-0.24247336,0.06438158,3.7891066074198334,0.02168120756111341,0,0,0
KIC10025841,5912.2896,121.97317,2.9690157966065502,0.09915782611242374,75.175,6.746,0.23571408,0.0740449,4.140963794923411,0.05126509096447696,0,0,0
KIC8408931,6027.9917,157.48286000000004,10.168943801671071,0.3539366000175885,33.931999999999995,0.417,-0.07382336,0.06556346,3.719160641220815,0.03435055481092302,0,0,0
KIC10079226,5928.8413,124.836624,1.5710737174019656,0.04869145831311617,116.036,0.735,0.15894459,0.07439805599999999,4.3633737656349,0.013699795305968059,0,1,0
KIC2837475,6374.808000000001,148.83867,4.147880590500098,0.1544457891039741,75.72,0.129,-0.05169815,0.08475317,4.181247812268579,0.008216691379543312,0,0,0
KIC10322381,6146.7905,148.5787,2.444552442143596,0.07912606296294245,86.64399999999998,6.572,-0.31681377,0.07911252,4.185535455991963,0.037667390176069744,0,1,0
KIC11082784,5663.483,126.78303999999999,3.937439078617425,0.16457775713201572,49.485,1.6969999999999998,-0.18814337,0.056411743,3.8744427698843773,0.018811642197843058,0,0,0
KIC9328372,6079.9619999999995,131.36757,5.065998098195478,0.21520801097578435,67.368,3.48,0.1221344,0.07776945,4.0854834788749175,0.04687914330294803,0,0,0
KIC12265063,5823.857,131.5392,2.8386483170793664,0.0998182724307628,67.875,2.498,-0.18213789,0.07202443,4.071656497670191,0.07633844334938113,0,1,0
KIC9289275,6000.5728,128.42085,3.721180491219378,0.11353335255035855,66.78399999999999,0.272,0.12447873,0.07597687,4.0708304377140525,0.017553894838564055,0,0,0
KIC8956017,6444.473000000001,146.46623,5.514275574932372,0.20351409343824312,62.17,3.883,0.09951085,0.0865543,4.062850229111634,0.034794326150190895,0,0,0
KIC10147635,5886.5366,144.14243000000005,8.436372469292003,0.3026816937204071,37.12300000000001,0.364,0.03040263,0.057138997999999996,3.739849975404312,0.008884723119939047,0,0,0
KIC8656342,5937.52,129.52989,3.1288531152451537,0.11198476814604774,71.368,1.167,0.015608503000000001,0.07455554,3.9602748608226617,0.09739681465560834,0,0,0
KIC7174707,5236.7896,97.20798,3.0392974037276845,0.10090352957820324,47.315,0.073,0.07628363,0.038258214,3.838185966814313,0.007581588530338092,0,1,0
KIC5084157,5656.4136,114.77474,1.9518636321150504,0.0678738284320084,87.726,3.294,0.19258219,0.06867985,4.196619110904116,0.012317252380128495,0,1,0
KIC10454113,6019.2069999999985,132.60312,2.716319767677315,25616.415385718443,105.109,0.136,0.012761747,0.07636613,4.325495938295498,0.008836614034061737,1,0,0
KIC8241455,5873.352,143.43013,7.706092836266429,0.2694908954082287,41.89,0.723,-0.07316437,0.059919886,3.8045586914686114,0.036657529514752936,0,0,0
KIC6593620,5582.858,123.68943,2.2022287459465666,0.07101603565174752,67.665,1.7480000000000002,-0.20614672,0.06708496,4.045513280822439,0.029706111595191743,0,1,1
KIC11620833,4910.157,79.27153,4.636781464485836,0.2330082110077232,22.331,0.191,0.3219351,0.027837591000000002,3.4587684256971682,0.026130107087658457,0,0,0
KIC9139151,6029.5894,130.59062,1.61747978374837,0.04984818875201369,117.249,0.16,0.08849798,0.07661999,4.386339045478638,0.009632205358169369,0,0,0
KIC3427720,5992.9775,131.7569,1.4860839270079806,0.04640951034634533,120.045,0.12,0.008969495,0.07577853,4.3912982069205615,0.011060698603970723,0,1,1
KIC8249189,6239.9756,150.6952,6.342950920833241,0.5325606017600597,67.6,7.89,-0.26645958,0.08134617,4.111361117871926,0.03044209383512,0,0,0
KIC6530901,6239.996,142.26203999999996,3.6620464209981853,0.12648913614638468,78.581,0.784,-0.023879759,0.081472896,4.169090239517312,0.04827184974096516,0,0,0
KIC8298626,5719.8027,119.69381000000001,3.114677947648508,0.09462331553060466,91.514,1.642,0.09184109,0.06995424,4.223424462320819,0.024848397309873784,0,0,0
KIC5371516,6404.28,143.47383,6.460223254392719,0.21044969405123928,55.347,0.29100000000000004,0.13680086,0.08554593,3.975826245835427,0.014965458692574462,0,0,0
KIC10712891,5138.789000000002,93.51396,7.063576849047236,5.074149321568108,30.807,1.765,0.03926263,0.036719076,3.6343876145116223,0.014195700852296819,1,0,0
KIC10351059,6237.6313,135.29742,4.9559363981620255,0.1548226397343404,65.373,1.668,0.18192911,0.081465706,4.090631629679637,0.02856050892886218,0,0,0
KIC7611858,5790.1377,122.77698000000001,2.381728199882601,0.08695820337879567,75.251,3.437,0.067578994,0.0714094,4.140359353458494,0.07918682294929158,0,0,0
KIC8228742,6127.1675,138.84102,4.2955971414009175,0.15213348022450554,62.051,0.066,-0.053633466,0.0788041,4.0307036827166565,0.008697724850342972,0,0,0
KIC9664694,6072.486,162.33995,6.835909595000419,0.271101546634692,43.473,1.47,-0.18989336,0.07157517,3.815037844422922,0.015990882011814495,0,0,0
KIC3730801,5767.245,124.30084,2.704207420741186,0.09305728386738688,74.547,1.962,0.22452693,0.07723251,4.121445980454768,0.016844514307710716,0,0,0
KIC3854781,5567.6387,108.367455,2.8773630837386177,0.10605507747272648,62.01600000000001,0.958,0.3272665,0.066917695,4.011976860073056,0.01375835593115033,0,0,0
KIC6034893,5152.064,92.693146,10.551951483985171,0.4094444002015081,20.899,1.097,-0.050184373,0.038961083,3.448946133214396,0.015040231245093441,0,0,0
KIC6689943,6061.0757,133.17252,3.2665219653073936,0.10224122293679284,80.825,1.745,0.04355281,0.077320784,4.1833713154298655,0.01830298170868544,0,0,0
KIC10644253,6104.6694,131.49673,1.5979501574395378,0.05798567169714186,122.914,0.203,0.14658144,0.07834026,4.422042727286562,0.015249373059758715,0,0,0
KIC4842436,5675.514,114.85506000000001,2.35315813321152,0.09708978606291517,72.551,3.0860000000000003,0.21167392,0.06906824,4.070661512632729,0.059743094614905685,0,1,1
KIC9394953,5663.5083,122.62795,3.1623893634682414,0.11083273628747392,64.872,1.027,0.124368854,0.07391313,4.020567630336451,0.05374221670234583,0,0,0
KIC7264595,5566.1895,119.48835,6.7022464059643845,0.279646971672018,36.305,2.571,-0.17292337,0.05288608400000002,3.6746698651006215,0.03709383708591096,0,0,0
KIC10016239,6280.601,145.22197,2.5048613536677213,0.07831975756596421,101.494,1.5930000000000002,-0.06269731,0.08243567,4.304402213811803,0.026258277219554968,0,0,0
KIC3632418,6106.7866,140.9437,4.786853000153799,0.15422932015333046,39.276,0.309,-0.14064604,0.078294255,3.798756561958714,0.021623133359230468,0,0,0
KIC8776961,5806.4414,125.93078600000001,2.9576664418133047,0.1038361097219771,64.779,0.708,-0.019313589,0.071726784,4.030268645187451,0.014126277847838653,0,1,1
KIC11460626,6043.6406,144.17783,5.684247195826954,0.2539529705745993,48.039,1.871,-0.09193843,0.083087645,3.8614041634098464,0.040086636240415585,0,0,0
KIC9093289,6151.321999999999,137.10817,2.8365564926959714,0.09267847292198317,85.796,1.883,0.02781014,0.07941749,4.199717546235705,0.06899282530151002,0,0,0
KIC9955598,5344.2905,107.07158999999999,0.5977325639689874,0.020460571862091603,153.156,0.14,0.12009047,0.06265148,4.480670350881338,0.011456778672722429,0,1,1
KIC8360349,6354.236,142.12743999999995,9.996508350483127,0.3163951336327457,40.76,0.274,0.115775846,0.08429393,3.837440048412879,0.012824722865782092,0,0,0
KIC11722551,4930.674,79.94414,2.7126298308612298,0.0901739951893803,43.774,0.63,0.4761118,0.02595172,3.7896259994132016,0.008258711946794721,0,0,0
KIC3733735,6509.709,156.03395,3.4543756863045134,0.11550968395894667,92.149,0.165,-0.08574915,0.08816296,4.2969246686688285,0.0096980849768486,0,0,0
KIC11802968,4875.745,78.452965,3.3248517688081534,0.11222978287118003,34.226,0.262,-0.051454692999999996,0.033305228,3.6184052096784303,0.01498481653489974,0,0,0
KIC5265656,5090.264,88.21499,4.7314167598087655,0.16777645251172846,34.521,0.818,0.39372665,0.029695397000000002,3.6654883515471193,0.09394548096314677,0,0,0
KIC9353859,5142.4346,92.12731,6.956207713419508,0.284719570403734,24.541,1.719,-0.03980637,0.038530506,3.504406188273672,0.011779014825776814,0,0,0
KIC12020532,5243.933000000001,97.555824,11.088586798358516,0.4383660583575129,22.941,0.525,0.10275763,0.03787999,3.501831664846608,0.012291045434639929,0,0,0
KIC9414381,5399.818,106.6949,3.614113520004657,0.12683579458155106,48.976000000000006,0.885,0.27334663,0.03787288,3.874257282338281,0.013446568611795369,0,0,0
KIC4672403,5704.347,119.650444,3.4878880551130735,0.13134132504748666,60.535,0.6459999999999999,0.16845077,0.07202872,3.988670283213736,0.02054299204289284,0,0,0
KIC5110725,4808.3174,74.35481,5.751778085372171,0.21162763848483213,21.157,0.289,0.4213604,0.024931055,3.4103153864865554,0.0094516915327304,0,0,0
KIC6145937,5262.388000000001,99.651855,5.218351830115135,0.22156112388012605,41.34,1.068,-0.23976338,0.045956917,3.7427645757757633,0.012241735272037516,0,0,0
KIC9812850,6425.7959999999985,153.92577,4.787511557929452,0.15623358392249642,64.911,0.105,-0.13080916,0.08599432,4.062850488947689,0.00893664970052339,0,0,0
KIC10385708,5777.3687,119.14402,3.1814916149653625,0.1057822354533533,64.508,1.255,0.17743893,0.07116234,4.005047874551232,0.04798101384493776,0,0,0
KIC10024648,6267.8319999999985,155.2997,5.504555681174953,0.1881189579251732,56.65600000000001,0.935,-0.02749388,0.092466906,4.001754459560575,0.022129249611392968,0,0,0
KIC11873252,4868.4624,78.63861999999997,6.2363643737185885,0.2265329080206984,19.946,1.121,-0.27367175,0.03735374,3.3386805265095183,0.01630425987081351,0,0,0
KIC4038445,5018.2207,87.28645999999998,4.0679551971836645,0.17117540380125362,31.435,0.467,-0.751761,0.050968815,3.6098394398407736,0.00926244985413579,0,0,0
KIC4247542,6312.3335,159.03603999999999,3.9766805917015113,0.14506386181150388,72.194,2.345,-0.40931916,0.08298466,4.047636319254004,0.059099282943306186,0,0,0
KIC8150065,6159.5947,138.54183999999998,2.7730040204716957,0.08861967637769473,89.055,0.362,-0.006795408,0.07957624,4.234672772870973,0.015881777453042648,0,0,0
KIC3115178,4882.763,78.35863499999998,4.513452368826826,0.17189343045035346,28.414,0.728,0.13854305,0.030216700000000006,3.5435447765295742,0.009550583565419437,0,0,0
KIC5530375,5833.513000000001,140.41756999999998,7.141733691034268,0.8811882263405941,35.175,0.865,-0.16822337,0.061597593,3.6901359824104905,0.020698279789315453,0,0,0
KIC4915148,4902.0728,79.26132,3.2547620743311763,0.10945915908745008,35.351,0.281,0.14573988,0.030431323,3.665789637609496,0.008717732523010623,0,0,0
KIC9353712,6058.003000000002,160.5649,5.9299287773701845,0.2157567088849408,51.46100000000001,0.141,-0.11572337,0.06822172,3.9218698127245295,0.009442964183722369,0,0,0
KIC6287060,5743.2207,121.78911000000001,2.8622160086475947,0.09764653158020707,80.146,2.235,0.046762355,0.0704263,4.1508352783279765,0.056619004139467764,0,0,0
KIC9579208,6287.9224,150.56842,4.711726783366267,0.14567698836134468,61.95399999999999,0.341,-0.20626424,0.08253982,4.015286325812248,0.01905997619738156,0,0,0
KIC7386523,5670.5083,143.03916999999996,4.563815105375523,0.17671594531438206,48.747,3.067,-0.00983437,0.050249155999999996,3.9036923607459264,0.032348113803611,0,0,0
KIC5516982,6274.6133,145.95193,3.4388997000094066,0.11280031689172088,84.156,0.392,-0.090724595,0.082278445,4.197554641247464,0.013078473219948124,0,0,0
KIC8394589,6070.4785,145.53531,1.890100519244356,0.061466179798883365,109.443,0.204,-0.31932458,0.077354856,4.336166960238306,0.010125631737940462,0,1,0
KIC8952800,5859.6219999999985,122.702995,5.005319219929488,0.1760935395434169,53.048,1.346,0.15047067,0.072899096,3.9393274627195294,0.012712861340295893,0,0,0
KIC7800289,6160.5080000000025,171.6218,11.58033193512466,0.3679305037502747,33.597,0.153,-0.26785338,0.07852708,3.730051763630257,0.013010115170389542,0,0,0
KIC11307875,4999.9775,84.13684,8.808766260376347,0.3749896090990017,19.935,0.264,0.12396826,0.03253676,3.3938096426435,0.021800193566304697,0,0,0
KIC8493800,6050.286,134.0116,2.709493396756348,0.0885872334706388,83.226,1.453,0.043203443,0.07814583,4.220841468564869,0.03728800192385332,0,0,0
KIC11021413,5329.1763,102.978386,3.159609239099417,0.11369352587248514,48.164,1.288,0.01189573,0.041770287,3.840336566556285,0.01305082234177446,0,1,0
KIC11496573,5026.3433,85.7036,7.503248512657113,0.3478991005852459,23.272,0.5329999999999999,0.03420315,0.034642722,3.4644364501896416,0.01108709191055902,0,0,0
KIC7103006,6333.727,143.39272,5.476565852424552,0.18554551523721408,59.603,0.086,0.05426385,0.08377316,4.035312298618142,0.008569029141557261,0,0,0
KIC3657002,5972.0654,126.948494,2.6308473502672585,0.08944773183420862,80.096,1.018,0.13935064,0.07534578,4.159133936739679,0.026478321885019213,0,0,0
KIC8106950,5791.034000000002,156.56117,3.0302845941436254,0.13728455267749995,62.06100000000001,6.098,-0.36703336,0.06512452,4.007841656480611,0.040016036725853625,0,1,1
KIC9051235,6087.566999999999,128.03723,5.7042812563729415,0.2211765167784865,51.208,3.8,0.23697406,0.077956945,3.917814151160605,0.05338797364342273,0,0,0
KIC6520835,6260.352,141.2969,6.950344993591562,0.22232586409904,49.844,0.521,0.028214073,0.08197935,3.9163085724172193,0.023174094071590573,0,0,0
KIC8289241,6133.686,136.54471999999998,2.5025106389822738,0.07877468532129184,95.976,4.165,0.023670588,0.07898250000000001,4.220134953998379,0.03006692603948865,0,0,0
KIC9143749,5735.36,124.10718,3.3618079387081137,0.1217946319182932,64.977,1.891,-0.010951865,0.07101091,4.027943069755946,0.02250782260583804,0,1,0
KIC7870112,5586.0806,106.98528999999999,2.4162050121126555,0.08686740050271435,69.435,6.2970000000000015,0.40080452,0.06727635,4.093508117413903,0.031882765732601126,0,0,0
KIC7529180,-99.0,0.0,4.017036769421021,0.13417999279610626,86.427,1.294,0.054974,0.018515913000000002,4.259426994501409,0.014982301832555266,1,0,0
KIC7771282,6155.0435,139.32231000000002,3.711947947808597,0.12377150687667893,72.313,0.198,-0.03558509,0.07945947,4.125608518290117,0.021175081549619803,0,0,0
KIC11075448,6515.0854,153.03918000000004,3.943440051574908,0.1387420582474812,78.101,2.865,0.0019378485,0.088339195,4.200955178250368,0.05516815027487381,0,0,0
KIC9697131,6141.873000000001,137.32185,4.957767018105393,0.1773634938441262,60.05,0.389,0.00951321,0.0791683,4.015703974272487,0.01450255833050729,0,0,0
KIC8174981,5984.5874,130.77264,5.212468646606722,0.18345662022047904,53.743,1.008,0.030499345,0.07559848599999999,3.9525355340031187,0.02821981457451664,0,0,0
KIC10088136,5102.258,100.16011,6.79744152747962,0.2437471567760845,24.824,2.134,-0.33014336,0.043083284000000006,3.4821746817740062,0.034235112468274334,0,0,0
KIC7107778,5070.146,87.7299,9.357325507656746,0.3830133297611482,31.938,0.434,0.14378664,0.033510454,3.6509458225211056,0.010264876600069035,0,0,0
KIC8424992,5517.5083,128.72182,0.9859458842501851,0.02989994257234685,120.914,0.305,-0.09570137,0.074717954,4.340030612674363,0.01474847610325984,0,1,1
KIC8499940,5676.061,126.186554,2.58211923616731,0.08559505100553322,69.493,1.05,0.024797449,0.07429298,4.058069968350049,0.02107368937898849,0,0,0
KIC10655953,6220.1763,143.60017,2.1353859437799545,0.08038853144799596,105.098,2.326,-0.086237855,0.08097432,4.306218115426295,0.02941007549623648,0,0,0
KIC9266926,5781.6396,133.6081,2.2313816946766267,0.07624008187869613,75.081,1.4580000000000002,-0.2982829,0.07106836,4.0703935320739575,0.01742232647995017,0,1,1
KIC5636956,6327.8057,141.33046000000004,6.939513019976599,0.2449736410751973,55.235,1.415,0.10733085,0.083640404,3.973253232754747,0.017684685297731654,0,0,0
KIC6370489,6325.255,158.8022,5.674518260426872,0.18179179156927366,52.168,0.308,-0.38696915,0.083319224,3.928156924103016,0.010660189207623166,0,0,0
KIC8738809,6017.1797,129.42993,5.6252922657238,0.2084535017248097,49.456,0.14800000000000002,0.11121038,0.07634596,3.903269443443016,0.01294540557547118,0,0,0
KIC3735871,5960.385,131.76004,1.3664819330049114,0.04384547034936537,122.856,0.472,-0.029105559,0.07504323,4.404093513987837,0.0122145866415655,0,1,0
KIC11772920,5263.5728,108.2575,0.5114059609091066,0.015696896162009418,157.619,0.486,-0.019752525,0.06114807,4.462670274279419,0.02055626887874832,0,0,0
KIC11027406,5923.897,136.09485,1.9551686365100185,0.06997139245230599,88.314,0.954,-0.20815113,0.07416025,4.173365220829116,0.022149136161075042,0,1,1
KIC9574283,5103.7170000000015,90.977135,4.554634997524642,0.16981586333820609,29.807,0.162,-0.39179337,0.045470357,3.5703748748339486,0.008055639311768547,0,0,0
KIC9754284,6049.3335,132.97987,3.0466340618315435,0.1027522905041649,73.944,0.852,0.073750205,0.07811757,4.138669271155639,0.057925140854129774,0,0,0
KIC9468847,5997.244000000002,134.21258999999998,3.820126643003125,0.12456030218207916,61.356,2.002,-0.06332492,0.07584756,3.991179039317542,0.031647042210243684,0,0,0
KIC9880787,5810.8477,138.83852,4.259267598962737,0.1470056616546378,51.274,0.6940000000000001,-0.24598336,0.06337195,3.8991285078556817,0.020394373719962545,0,0,0
KIC9150095,4859.7993,77.2462,7.3670497362784895,0.28616140473575497,18.319000000000006,0.445,0.1543777,0.02957691,3.325369910011042,0.015141037816076782,0,0,0
