var_name,mean,sd,hdi_3%,hdi_97%,mcse_mean,mcse_sd,ess_mean,ess_sd,ess_bulk,ess_tail,r_hat,50th,16th,84th
yp,0.2473064561893075,0.0009909168291689769,0.24545687033003832,0.2491658061822279,5.791876322365145e-06,4.095516008694705e-06,29270.884735760257,29270.884735760257,29279.374617898135,14377.553924914908,1.0000790921086842,0.2473111313310669,0.24631959563511152,0.24829311199996745
z_latent[0],0.012337870327889,0.0019216614959762116,0.008777188932814336,0.01600317075699601,1.039262574159848e-05,7.583699771392347e-06,34190.32279938685,32104.754992596852,34203.54422901937,12448.155626470558,1.0000602513305434,0.012329714273138424,0.010427626545103211,0.014252781967912569
z_latent[1],0.007439359801560342,0.0011875957073168766,0.005181939805987791,0.009633299974063475,7.053100300539267e-06,5.090230595656169e-06,28351.570328339418,27217.088903842785,28344.529239754895,13120.122209786816,1.0000197259542214,0.007444365723790583,0.006266972078827541,0.008613075879374087
z_latent[2],0.00832647267272558,0.0009141959790782256,0.006604757013450326,0.010037508795299601,5.121268282897625e-06,3.6718326113948486e-06,31865.707018190893,30994.95638107689,31883.53393197542,13588.003724310754,1.0006341037383646,0.008325251708504715,0.0074191464690472105,0.009229392710353923
z_latent[3],0.012163458040165703,0.001715297280587033,0.0089826013633693,0.015390881640221385,9.489271404612733e-06,6.80744111206828e-06,32674.80932067764,31746.000012222867,32673.98496503999,13411.261768883813,1.000060939927129,0.012171499655116578,0.010465843835598341,0.013874474193757255
z_latent[4],0.00878976746584469,0.001321969991173933,0.006329096625600188,0.011349891488314006,7.4339710897557244e-06,5.296886348428553e-06,31622.882753563932,31144.4060129838,31662.362176668077,13078.718526663662,1.0000690668205523,0.008798645920284088,0.007478802011041008,0.010081040417479715
z_latent[5],0.013766649081609324,0.001284135796187854,0.01135314279871645,0.016172564531621334,8.65308497161489e-06,6.11873613510936e-06,22023.176936154516,22023.176936154516,22048.62808668741,13750.829204425965,1.0002733310548404,0.013768365390255381,0.01249767525752241,0.015028647659513462
z_latent[6],0.014762958619614594,0.0022040726343333663,0.010623746972738891,0.01888990060136698,1.314258328007628e-05,9.536849319867817e-06,28124.857421907996,26706.77335027796,28095.763417622653,13174.207058256847,0.9999741181685591,0.01475202674136845,0.012590611330613372,0.016948767429976745
z_latent[7],0.013648089814069769,0.0020743115613293395,0.009754811682019261,0.017487040355880695,1.2020633805281174e-05,8.616586777593962e-06,29777.84340341304,28977.186257297755,29773.641499471476,12915.5736027212,1.000227809408051,0.013656840428152888,0.011602318958576342,0.01571730999292202
z_latent[8],0.012511576937272995,0.0017916570078286241,0.009060753624558587,0.015788617972315736,9.729193849307606e-06,6.983965712247348e-06,33912.20524468569,32906.61798944702,33944.02798823188,13005.039062582735,0.9999487354873086,0.012515077453360656,0.010729413772101886,0.014284597498268482
z_latent[9],0.01494471190261192,0.0025682304201120336,0.010108213431366184,0.01977200196538355,1.532218637865207e-05,1.1205188392132712e-05,28094.835269855128,26266.93008425318,28087.235184170055,13446.892022900805,1.000053293371424,0.014939792815623906,0.012370414838562289,0.017517664461204317
z_latent[10],0.026473991627388876,0.00366485361503815,0.019752555578919546,0.033511597624520086,2.212870756322841e-05,1.5887446948432666e-05,27428.443660265584,26606.305088301768,27411.589874929945,13502.599592254803,1.0001908541771642,0.026469525043034285,0.02281886060938668,0.030156581839959604
z_latent[11],0.011498469039405828,0.0012868300093581125,0.0089876114064671,0.013863969670176283,7.497792834598976e-06,5.367344039594447e-06,29456.11639646534,28741.030554173398,29478.902409311042,12878.127834242578,1.000144234850254,0.011499301441861771,0.010228346067020758,0.012779195268506474
z_latent[12],0.00854071605207316,0.0011215902970282256,0.00639950424197713,0.010614085099230204,6.282806919070175e-06,4.498428444276473e-06,31868.458757554778,31083.14847901063,31874.795614793446,13160.999723015959,1.000295672931225,0.008547427561309724,0.007432539227986934,0.009642431875953083
z_latent[13],0.027154068872532612,0.003866765410627675,0.01987611829134652,0.03443927940066395,2.3124432169394042e-05,1.6711506618998333e-05,27961.051254121583,26769.72603109065,27963.994880277885,13417.440794726483,1.0001729439022813,0.027142086302779662,0.023311934305363553,0.03097899980469027
z_latent[14],0.012439391606480367,0.001944340759026544,0.008831575235234469,0.0160967829386904,1.2055508973176093e-05,8.645246504038374e-06,26011.99485322634,25291.2328708157,26025.976958924402,13954.807952391444,1.000329151868608,0.012447397826527557,0.010498271641957501,0.014382018678819932
z_latent[15],0.012844089001925374,0.0019183006999627483,0.009209921573685855,0.01642143464757041,1.123460264876732e-05,7.988363255173036e-06,29155.328372000626,28833.44379006963,29201.909469843744,14056.556562480107,0.9999878891664111,0.012835340577894247,0.010942876086512484,0.01475462728200795
z_latent[16],0.015531920438913323,0.0021067205629629977,0.011683498675805435,0.01964063618574814,1.1882882864337307e-05,8.601776987274699e-06,31431.871215003364,29992.728789036686,31425.402932921228,11916.758228720832,1.0000075087392064,0.015534159321556183,0.013457178065850022,0.017623341937987907
z_latent[17],0.019251975316246853,0.002756652981156618,0.013957183076858847,0.02435465972447153,1.675439822826649e-05,1.2037528632619041e-05,27071.139071332163,26222.20412270737,27035.997516252657,13589.718899296635,1.000374178632539,0.019245271547894793,0.016507524139791376,0.02200047135337299
z_latent[18],0.017144069310647173,0.00285578543161339,0.01169591877015018,0.022415705411276913,1.7292415273636154e-05,1.2615505929718135e-05,27273.4347010719,25622.51028082968,27395.448626049998,13121.353510083767,1.0005141896078709,0.017119958034618625,0.014293319427827838,0.020017177666527736
z_latent[19],0.01817315137600485,0.002982920451484962,0.01260638337732147,0.023708713791210423,1.970776830171148e-05,1.415726974640055e-05,22909.12215586913,22197.586662281807,22917.99805888273,13473.796090284206,1.0000401896526687,0.018177434375539592,0.015190391561115006,0.02116135531342476
z_latent[20],0.012534169813472364,0.0021514566226904282,0.00846370023056929,0.016537349176126367,1.2098218208231281e-05,8.747782342247329e-06,31624.4049111634,30244.585526874114,31619.12325779157,13943.982023362774,1.0000965279995937,0.012548163465785241,0.010401819678266581,0.014669702010735041
z_latent[21],0.010390883252309994,0.0016728440118254989,0.007218976120834487,0.013524760844759598,1.01817454951404e-05,7.257510212660055e-06,26993.94867938468,26565.326338869247,27058.431549133616,12850.928657356526,1.0001491828380213,0.010394388930465657,0.008727844165462682,0.012038284423569004
z_latent[22],0.01969244550487369,0.003025308085739233,0.014052863289443754,0.025475957665055716,1.8384963663671635e-05,1.315803266422108e-05,27077.817978892163,26432.41695385805,27069.546297580913,13662.740424117439,1.0003599163420203,0.019697166126311907,0.0166936222425931,0.02267564455037965
z_latent[23],0.03234952858478005,0.003548546603245409,0.025590724928545746,0.03892517746384315,2.0901006254190442e-05,1.4878483705359213e-05,28824.82212659839,28442.15940296447,28822.775672358624,14122.057804371734,1.0001548165291188,0.03237205057734466,0.02880313096457463,0.03587974843205638
z_latent[24],0.013062862214792375,0.0019866564912272015,0.009324737922316079,0.016712027646330105,1.1884945261355843e-05,8.574261340600966e-06,27941.594748793814,26843.03150721648,27953.258925277598,12832.718467149418,1.0003219482475512,0.013054669347689125,0.011097940426231571,0.015049126092824838
z_latent[25],0.017824695674563146,0.002363675792146267,0.013433763542167068,0.02228116384862188,1.3068153615341026e-05,9.476257910134642e-06,32715.032254422316,31108.584868057784,32732.739947972663,14081.88872114807,1.000202953196721,0.017827654862198714,0.015489201661488204,0.02017375749000223
z_latent[26],0.011934958485399515,0.0017847522979373474,0.008604946500122166,0.015312027942503994,1.0498806750280853e-05,7.594416002635279e-06,28898.547580091054,27615.081441612176,28914.444713206038,13683.223935734053,1.0000990324153227,0.011935838780146698,0.010158170680521961,0.01372593563556459
z_latent[27],0.01533442245763344,0.002270566067114679,0.011142348194993225,0.01969244328805774,1.2549881373377903e-05,9.05269094093783e-06,32733.243782345668,31455.090279169,32760.204733650055,13067.871385509865,0.9999421363750084,0.015322084683026267,0.013085091013386025,0.017601933419052567
z_latent[28],0.012799723840317717,0.002076723357486196,0.00878901383146254,0.016579290519504974,1.1156933550530375e-05,7.994309149144484e-06,34647.15685151468,33742.16335337805,34627.44283668805,13927.891500149375,0.9999815536736127,0.012791265518161843,0.010739986993498022,0.014854552952114906
z_latent[29],0.011996103160258125,0.0020753481316673305,0.00825044970413081,0.01604930482764998,1.1996388790688429e-05,8.589167344061362e-06,29928.217546634794,29191.640582203476,29985.947193061806,12762.094443370572,1.0000331977802466,0.011991000745141148,0.009929833888239824,0.014056877525047277
z_latent[30],0.014107472513154458,0.0021068932638255407,0.010168869036029284,0.01805248858658735,1.1757325025329294e-05,8.493537479822872e-06,32112.049218019896,30767.06577343297,32094.16698942008,13376.398143163455,1.0001780861240133,0.014107479594673716,0.01199987431161733,0.016212208255458552
z_latent[31],0.006839859170884239,0.0008707560013314719,0.005178629056413975,0.008444542449051955,4.696865343728121e-06,3.3604525872214846e-06,34369.77854633892,33571.825893318244,34284.63903490843,13576.89562721707,1.0004840597038838,0.0068438954058004965,0.005978332455805652,0.007704627323364883
z_latent[32],0.027019858298879144,0.003922410982341174,0.019613807837397555,0.034282014505167165,2.5522750544173026e-05,1.8203858153725945e-05,23618.441733619762,23214.54687464255,23635.00318291869,14800.813845190889,1.0000632528667504,0.027029225401492045,0.02309591912204177,0.030893347676248847
z_latent[33],0.013386181047947818,0.0021029185564022364,0.009434808560340442,0.01733552030769033,1.2602404951046852e-05,9.130061423181642e-06,27844.41162605839,26526.32486969621,27827.241659948635,13334.292358443892,1.0003427221748933,0.013387297704818411,0.011294033788495084,0.015494084266118733
z_latent[34],0.026380069521954413,0.0036811518067518994,0.019385741238586524,0.033163451103056914,2.3578174740660398e-05,1.678237729301799e-05,24375.138460495495,24056.97546445049,24407.295876796954,14137.95690425804,0.9999533320705624,0.02638302737309453,0.022694988832906923,0.030100375608941514
z_latent[35],0.01696731090827549,0.0023148802831528857,0.012665087690992803,0.02135538112951369,1.2961601539192752e-05,9.27492590033109e-06,31896.258248118487,31146.8620144942,31926.765119903328,13340.713287678649,1.0005071500744886,0.01698344835085461,0.014653567905921774,0.019284896930511185
z_latent[36],0.0170585812059384,0.0023175325341156456,0.01272478301841862,0.02134423781168802,1.3840692168391787e-05,9.913794486599191e-06,28037.291697546993,27324.43019559037,28057.828025550767,13112.070994988342,1.0001836821752197,0.017059716133322057,0.014728245324097349,0.019347634433577638
z_latent[37],0.01329947918489608,0.0014310537057521076,0.01059418888030284,0.01597064747740644,8.561712754618779e-06,6.129304108604773e-06,27937.694172125102,27256.419913653423,27939.246899627746,12965.029453777548,1.0005875872560168,0.01330250732994863,0.011875490491413223,0.014709040984268472
z_latent[38],0.00986067892770727,0.001068540013963087,0.007801104633800264,0.011815461824907407,6.4179360820938676e-06,4.584054837679695e-06,27719.845470085627,27168.225597036544,27728.73555319485,14175.47340333114,0.9999547401319924,0.009854166349570344,0.008798226672506168,0.010928566912580057
z_latent[39],0.007756800631022236,0.0008136605460273647,0.006159967391049788,0.009226715621266946,5.056071522405602e-06,3.610411336445075e-06,25897.63454548779,25395.28632955065,25906.564109073766,13864.358136163324,0.9999943898094633,0.007753775004730224,0.006946818622507931,0.008566680780532064
z_latent[40],0.01419724170475633,0.00219954958666459,0.010073971361959456,0.018346097257602768,1.3833215162025915e-05,9.845942350487605e-06,25282.571859810396,24953.59241497183,25311.785164958666,13858.904619179963,0.9999890836592203,0.014202658843994517,0.012028168716356166,0.016373712103816353
z_latent[41],0.010756248896874075,0.0016385873845836865,0.0076847883715088425,0.013814844640883856,9.720589272690561e-06,7.040942529740231e-06,28415.416596282204,27080.517668937646,28441.7637260186,12329.546465291427,1.0002363083483174,0.010746636502013539,0.009129154445436903,0.012393872435382472
z_latent[42],0.019279851093913503,0.002776596309735298,0.014002019619896217,0.024406115150278712,1.6423064912207122e-05,1.180820546494186e-05,28583.609192134965,27646.289807649944,28553.564021119077,12717.050802548036,0.9999655052263816,0.019295738730029925,0.016517775490848208,0.022041286138414547
z_latent[43],0.01743003536067278,0.002451648955242534,0.013033024181094165,0.02214337799350253,1.678675018670534e-05,1.2025572287583e-05,21329.629650217306,20781.996301424264,21376.68593144792,13412.754049865334,1.0000842321814887,0.01742150815429671,0.01500577161146793,0.019866781373365817
z_latent[44],0.016117953539163208,0.002955841773019905,0.010584188767373819,0.021784311772193275,1.7100467064721282e-05,1.242714831327892e-05,29877.648940173647,28287.74663097742,29995.14342244309,13391.424729873723,1.000042614744905,0.016118134643697848,0.013196045183066177,0.01903266844158302
z_latent[45],0.028248028697673642,0.0036612407845741293,0.021440837723147713,0.035113573187085544,2.1740940210716583e-05,1.555949954684714e-05,28359.58946806485,27684.995794172217,28350.932560671674,13235.858129186958,1.0000531484922024,0.028244987269471833,0.024574361015464827,0.031900455897439894
z_latent[46],0.009914333313413197,0.001581993958604975,0.006918792982890968,0.01289502680818906,8.17335055693838e-06,5.884051443489475e-06,37463.58972383298,36143.79152114435,37487.56634923033,13760.843667863795,1.000210606391547,0.009923354395513518,0.008346472944244891,0.011473346565604926
z_latent[47],0.006657682138024215,0.0007529859942973212,0.005254308878823752,0.008068871361174578,4.625362613269575e-06,3.297688604711602e-06,26502.21819630214,26069.591750324245,26474.096031813104,13011.578662929682,0.9999782562578744,0.006656006252138981,0.005902556814591224,0.007423564732177675
z_latent[48],0.024172615584565876,0.0031307909363230326,0.01818871635319249,0.029852352361433725,1.856434710695562e-05,1.3216867853361427e-05,28441.256274113075,28056.27702394864,28442.708703049873,13575.442347245846,0.999978856531812,0.02417987375939281,0.021032879290862054,0.027301194194844988
z_latent[49],0.02067467147079212,0.0031479870592603237,0.014716868146511283,0.02649674204767036,1.8032728745735363e-05,1.3098581810269515e-05,30474.948257452037,28879.925603915795,30479.626702381924,12476.196010336904,1.00053768363008,0.02068157653213773,0.01752333661572284,0.02381379807614724
z_latent[50],0.010150960993913206,0.0018895674998814073,0.006549786236332778,0.013681011489651682,1.0844669216438167e-05,7.830655384286354e-06,30359.331314804214,29114.365215399914,30369.305379609017,13337.525825556717,1.0001937099069553,0.010139837928749087,0.008291260667392645,0.012022768229796088
z_latent[51],0.016306989327703397,0.0013432355903352754,0.013812222392021237,0.01885198827032245,7.4330393992199915e-06,5.27981039896005e-06,32656.64092948541,32362.76298354108,32683.61102105963,13518.900996323455,0.999949795103236,0.01630435040402868,0.014980693833147417,0.01764764825563871
z_latent[52],0.02329323139337597,0.0031964839231965036,0.017385942249736913,0.0294218113149971,1.7838472840393743e-05,1.2737185235284846e-05,32109.21631874158,31490.25488630302,32129.772366077446,13405.705791177927,1.000033843474833,0.02331369208085568,0.02007815451469085,0.02645784155772576
z_latent[53],0.010078541936594075,0.0014927804711403207,0.007239838432127131,0.012847237594366187,9.353852178425783e-06,6.7177551663811314e-06,25468.940869481357,24690.154395985737,25447.278122806034,13038.7369268467,1.000248878267088,0.010081627668541001,0.008600523042377864,0.011536895600908967
z_latent[54],0.015430247108911612,0.002392018360214092,0.010909628317257676,0.0199481933235732,1.3704021250465812e-05,9.951329777967102e-06,30467.229978119274,28889.870114678164,30482.18546481003,12827.81347328564,0.9999847602202372,0.015423879514335912,0.01308710266411357,0.01779036457510607
z_latent[55],0.023972629430097616,0.0032414479164254197,0.017993392057985187,0.03015114846455033,1.7504182436932024e-05,1.2651072628488325e-05,34292.12777755033,32824.72415914774,34300.32573519848,13063.319477231067,1.0003698843244535,0.023953419845617902,0.02075464276085808,0.02719947945752976
z_latent[56],0.015503432593421226,0.002358768758006373,0.011109662149593611,0.019856795211317287,1.4576544684293056e-05,1.0478021336895696e-05,26185.541376476092,25339.156595347624,26189.584311384646,12383.354129365931,1.000239077971714,0.015511978858285088,0.013157535250862955,0.017848255548575474
z_latent[57],0.019502364360199552,0.0025926789423056104,0.014709105882185564,0.024435308794032596,1.558115297552506e-05,1.1129963536572396e-05,27688.427886153266,27132.469664089153,27702.83545530105,13822.797846316134,1.0001375699699617,0.019481781320269783,0.01692838861153307,0.022097801265762874
z_latent[58],0.009314331958438784,0.0012391972918940099,0.006992726386142771,0.011665546667538731,7.1240387638004165e-06,5.0499172174778534e-06,30257.17405089063,30108.619769561094,30281.441362575508,12760.658205421398,1.0004975873075181,0.009316737354835767,0.008069315681524667,0.010555389586150588
z_latent[59],0.014283891570952096,0.0014234379757123257,0.011610417895568697,0.01694824905654681,8.311957479903276e-06,5.921676419642411e-06,29327.191190177742,28891.26416758629,29307.403602491755,13561.04791422575,1.0000232504156266,0.01427520898788613,0.01286828873817092,0.01569808097840152
z_latent[60],0.016076547892421283,0.0020001819269012946,0.012311726037670907,0.01980159395780677,1.2060045897802687e-05,8.65753508568401e-06,27506.86375360341,26688.858345924025,27486.460726937727,12649.35796827489,0.9999748573924605,0.016066501907462186,0.01411022922222422,0.01806660205260528
z_latent[61],0.013942521788478499,0.0022221433803689817,0.009776332980674641,0.018109225916356456,1.4146630253458177e-05,1.0132520522333422e-05,24673.919874990388,24048.595676777164,24652.82240787476,13590.553517333372,1.0001126603371018,0.013949890533005823,0.011707956024499467,0.01616083536263178
z_latent[62],0.00909909967340057,0.0013769115957825442,0.006488458668936795,0.011643807157366152,8.112523124648158e-06,5.8967047645408396e-06,28807.145042388805,27262.93875700307,28806.625659645386,12128.069557310675,1.0001925070651094,0.009097350366448344,0.0077447014000125184,0.010462815845865909
z_latent[63],0.014353100874413141,0.002331845735539644,0.009926949745860173,0.0186782435424739,1.407904137881403e-05,1.006203886763821e-05,27431.746669342676,26853.881915843453,27441.531231093777,12594.027850781538,1.000179193563769,0.014372284603744973,0.012010776350413638,0.016667148997639172
z_latent[64],0.011178552580138936,0.0017703833467282955,0.007977671969569097,0.01459053392342636,1.021179578381191e-05,7.3554257900257164e-06,30055.94512094031,28966.61355567351,30040.192289034927,12794.395453378222,1.0005962747175354,0.011185164596923348,0.009426996444503254,0.012925350603241187
y_offset[0],0.12627710705121742,0.9496570501555345,-1.646392821841195,1.9280915799647704,0.005235390805473619,0.008074168832095205,32902.991222284574,6917.4267902710435,32889.73958911703,12893.742954120593,0.9999415867909984,0.12121811347644787,-0.8073376171432459,1.0666456801793567
y_offset[1],0.15530010679213632,0.9476742056521766,-1.6339191853838275,1.9082253398258768,0.0058121230758547355,0.0073227247133747595,26585.725442746167,8374.771436341656,26712.546532711945,13167.359626753863,1.0001188484935066,0.1497587049309158,-0.7933946701690517,1.099165567982108
y_offset[2],-0.017760204166378506,0.9452373833124322,-1.8028501369733905,1.770025742805755,0.006282456472973038,0.00710526954963039,22637.204899954682,8849.511384734145,22642.784787490928,13005.478492800148,1.0002696891249716,-0.019842318363413734,-0.95359539851214,0.9181229679552135
y_offset[3],0.022403828521087195,0.9618262173295312,-1.7421336567953252,1.863393062074558,0.005376295304986636,0.008058681042100405,32005.675014145047,7123.129821360058,32042.873167786584,13477.230420379577,1.0004849669671185,0.022948377017634223,-0.9281637633782144,0.9819458222200308
y_offset[4],0.14016152311987873,0.9622613681097704,-1.6401548235533698,1.9621457720713409,0.005812241607325212,0.007998036362264205,27409.352926927753,7238.096310869481,27418.28883849648,12597.080499470712,1.0000985066473111,0.14041116105713067,-0.8150916109985269,1.1040620638050935
y_offset[5],0.011325731252870747,0.9590831855775152,-1.783140640110433,1.7939672039449361,0.005610876990403878,0.0077671688131086825,29218.038636898178,7624.130161999527,29269.17954504637,14047.899953804143,1.0000412273969275,0.018345701846789596,-0.9467486002344622,0.9710790269010905
y_offset[6],-0.28253143573314243,0.9307745234581594,-1.967077749625625,1.5435038930140068,0.005180110434908398,0.007011907335079821,32285.75434217684,8810.80103134178,32274.979315813096,13909.060331204211,1.0000578930503392,-0.2866962253216978,-1.2214628787100967,0.6507903044002965
y_offset[7],0.08025992781378186,0.9595120817625873,-1.7370417436649017,1.8890329860831254,0.0054715870088184945,0.007826262230584745,30752.06441158769,7516.1565629427005,30760.256166520638,13426.78562556617,1.0004371020991032,0.07535742382398145,-0.8675723686279613,1.031152283571827
y_offset[8],0.0653062973769811,0.9409629884514055,-1.684935533640732,1.8490217328185805,0.005497981023065077,0.007853609439260752,29291.297495227536,7178.137662345286,29286.685332235123,13397.689866900384,1.0004409462044237,0.0671899345029433,-0.8699826141492292,1.0002254098690808
y_offset[9],0.05153898116092688,0.9538495185870152,-1.6929101510170954,1.8923040119636232,0.005055846686837463,0.008082887662056955,35593.60182291612,6963.587417145604,35613.92481714524,12838.77965123444,1.0001152191215879,0.04791317899031122,-0.9009457321395634,1.0100098842609182
y_offset[10],-0.1273665743059635,0.9645494353351667,-1.887975941462462,1.7343656507757808,0.006142545957418831,0.007414810827621681,24657.67665886153,8461.527646559209,24659.85828196373,14394.655280390803,1.0001298588610767,-0.12449849753537374,-1.087999733180714,0.838718455962497
y_offset[11],0.07462986096248583,0.9504406995124306,-1.718103410354983,1.8750726156781605,0.0058541807919790115,0.007558422314857477,26358.323855509894,7906.600368938967,26378.22109356171,12704.215092646209,1.000064508559714,0.07954322650764421,-0.8607841242497564,1.0154173752036622
y_offset[12],0.1475166048194993,0.9609521429486726,-1.6508545627261124,1.9361130601798773,0.005731806476056868,0.007708563107306809,28107.387532513272,7770.684248590113,28096.292491775457,13806.618974107161,1.0000390948730389,0.1476442366666638,-0.8088228452274341,1.1006240714792774
y_offset[13],-0.09776294129323418,0.9700452594526771,-1.8977365667612969,1.727778442616765,0.0059320659075834435,0.008008028405242206,26740.6561851961,7337.317565917003,26790.566088439275,13474.42706642994,0.9999174078324109,-0.0992304214039681,-1.0648305198025174,0.8623262768920987
y_offset[14],0.14416710216277162,0.9659861972206476,-1.6636281821287213,1.9665819829730415,0.005974540234736651,0.0079809689923518,26141.641917207384,7325.464744014621,26147.35526607363,12312.178518266917,1.000281787932158,0.14726297708671499,-0.8169048389559266,1.107117718495942
y_offset[15],0.0554036508355181,0.9609458627441146,-1.7657903274872098,1.8342791637061473,0.005277095803727132,0.008256932708447557,33159.49326907824,6772.792430312412,33161.90519183979,13413.758677960252,0.9999288979144022,0.05502536927919465,-0.8982597217859287,1.0136540428544467
y_offset[16],0.07724454514446277,0.9575686194265511,-1.7058373276227803,1.8713342673547315,0.00578708825945881,0.007901567510153506,27379.1271644671,7343.748603521624,27371.653391706375,13921.969948719368,1.000292545603507,0.08128685302662528,-0.8693898607673818,1.0209128116043678
y_offset[17],-0.05491528293737286,0.9560098793837198,-1.8578037517998967,1.722576680207119,0.005733989941429537,0.0076581447743067485,27797.83079393616,7792.559603198304,27814.40589275497,13648.269301341963,1.0001500076564827,-0.04394643505778349,-1.00747199203621,0.8993636717023006
y_offset[18],0.07366579786456474,0.953909545432487,-1.6657453954589088,1.9181572524098478,0.005164276519344811,0.007985628252060466,34118.93076284647,7135.127276638711,34087.88678524607,13629.521825121312,1.00028175931677,0.07189850164913708,-0.8629121341849181,1.013593373977901
y_offset[19],-0.021793715599404045,0.9593359110872456,-1.8189211013459583,1.7976280848268669,0.006007379747860276,0.007665239891519158,25501.82325410802,7832.352979787413,25474.379592853456,12986.891833063406,1.000051222239075,-0.02849213347138598,-0.9661195852064035,0.9325237314117042
y_offset[20],0.19033447600795583,0.9646277698771251,-1.5986161285023543,2.0406727622380885,0.005279609595462467,0.007741899691061704,33382.27278067004,7762.955231237366,33332.81060552838,13077.058574389246,1.000030918336764,0.1900803339810137,-0.7724889762167112,1.1482223238564513
y_offset[21],0.17035881134259906,0.9776421700855668,-1.7185250847152174,1.9570328149530334,0.005385890262899551,0.008182734363788894,32949.1982827068,7137.866919405206,32932.489834877975,12973.196890757998,1.000117820308938,0.17664445436949278,-0.8097358681644478,1.1374569203501097
y_offset[22],-0.040950696587131845,0.9503655519527041,-1.8508087645336135,1.72343168159285,0.006170305345198868,0.007651333959182475,23722.91537544193,7714.537637264411,23722.16318667606,13134.38472190545,1.0002188497405735,-0.045113426975924076,-0.9862874392585441,0.9106528372416445
y_offset[23],-0.16533391548021067,0.9463309351879056,-1.890557731807808,1.6909330502891529,0.005402632509038103,0.007851136443137735,30681.40330233734,7264.837458362745,30644.131511710686,12703.26977972051,1.0001219516086588,-0.17378524249464428,-1.0928489796064031,0.768885290778483
y_offset[24],0.09494593115639532,0.9443060227914865,-1.665086638249301,1.8766021372796078,0.0051615763896462,0.007956767663088107,33470.39216949155,7043.007390328355,33417.611833575495,12715.180127074178,1.000275557869987,0.08656025283213739,-0.841950684494592,1.0314320189095092
y_offset[25],-0.10857993111619493,0.9479046405028971,-1.8948616235540041,1.6682127353902583,0.0054868950041571446,0.007854933732441578,29845.30347719484,7281.972615047595,29855.729209396362,13246.122250639533,1.0001800194902961,-0.10641083078833666,-1.047807691974266,0.8330559349567515
y_offset[26],0.13062977943547022,0.9581244722031489,-1.6785609260672423,1.9605174073491858,0.005547396273638431,0.007932696525719787,29830.840156742775,7294.691389152992,29781.641025400728,13122.233751303613,1.0000369215952298,0.12580747392744795,-0.8087450406540696,1.0787236387676353
y_offset[27],-0.014855772299573612,0.959552345853108,-1.8625589847301278,1.7481134835583365,0.00661510425736061,0.007613743267581631,21040.88275953565,7942.2360315017995,21035.918100060764,13419.763261051017,0.9999638985668956,-0.017527463224589257,-0.967477112516191,0.941196159323173
y_offset[28],0.09870758705955435,0.9807382809992583,-1.7463646948639782,1.9261754006192293,0.0058356690298168165,0.008095334059353958,28243.918456792708,7339.073362597358,28262.82846954754,13512.479025124929,1.0001086307300446,0.10133037951861079,-0.8662774627485086,1.0773008945073195
y_offset[29],0.17155005004635346,0.9701311984762913,-1.650213756727741,1.9782037051448322,0.005803303996815301,0.007678019611045731,27945.39808921197,7982.965415504236,27946.84644475464,13817.61370753269,1.0004076501154817,0.17581275286724882,-0.7893392233297893,1.1482584337386026
y_offset[30],0.0903949774793305,0.9514836978800885,-1.7009968395063153,1.8528301949970711,0.005718481503187494,0.00808233401853408,27684.791821193634,6930.039008408547,27687.786455646747,13376.225064483373,1.000101194847717,0.09832648304093825,-0.8624757889081106,1.0320921660816407
y_offset[31],0.147568147117594,0.9576684902389512,-1.6532702780913497,1.9500941839515407,0.005358401420648503,0.007735559566464521,31941.838226998203,7663.902864866377,31963.409064798165,13548.156295438217,0.9999745249514203,0.1425719055620478,-0.8008806374398203,1.100219409660849
y_offset[32],-0.19022093531792306,0.9543260947014214,-2.0219759798632073,1.5420679955793033,0.005428293783432194,0.007580902891163838,30907.71581178999,7924.168603589558,30897.969455395596,14598.460601848905,0.9999456967942612,-0.18925767967554502,-1.15759592244997,0.7630172856664565
y_offset[33],0.14445169018009046,0.9572081806786794,-1.693696570093686,1.9091397953314726,0.005423031673475295,0.007833837842371936,31155.054929573656,7465.649352381285,31146.90803071955,13179.269151728442,1.0003130456646467,0.13792699580249762,-0.8013615330709972,1.0999832510801537
y_offset[34],-0.15525432602740974,0.9612261989812746,-1.993332754024492,1.6636972860696073,0.005707406588118184,0.007758981132114618,28364.39823564836,7674.4069684472615,28333.75106762029,13312.847976488165,1.0004691637341807,-0.15800518675675457,-1.1122401500907306,0.7867044892851764
y_offset[35],0.04987900952534242,0.9454844494215798,-1.778008199383212,1.7712046454104455,0.005676252399605915,0.007904800875339619,27745.041810189134,7153.726520347902,27729.35407542949,13802.402957246433,1.0002365449321264,0.05555845135467599,-0.896848638868516,0.9806892981067507
y_offset[36],-0.01806750637107183,0.9440390410886705,-1.7816400643271266,1.7666520173715652,0.005263900126834945,0.007685114098066514,32163.598246129746,7545.410173300567,32174.85232107123,13735.322710334658,1.0001994684669786,-0.019379045431914155,-0.9601009888714614,0.9251247501317456
y_offset[37],-0.00428166543303223,0.9438394530831385,-1.80989584445517,1.7284591671834004,0.006008290536813467,0.007484525551769981,24677.11607203073,7951.875396040695,24725.94036168813,13980.151310054558,1.0000526179103522,-0.0004537698685449949,-0.9373268037349105,0.9290017174310086
y_offset[38],0.09823108863060687,0.9505149799486372,-1.6667992304763148,1.9229108897755898,0.005340144650336344,0.00793795141639632,31681.948901341733,7169.78935841167,31666.485453913316,12918.53045713057,0.999999488732997,0.09045097474568714,-0.8402408872881434,1.0401381450921687
y_offset[39],0.06931364197037498,0.961642492960883,-1.7370036908835822,1.8698960083088985,0.005759519337721851,0.008052306724573534,27877.563244216657,7131.685783129976,27886.286620808052,12846.510487993939,1.0002594402287455,0.07246116405424402,-0.8914803404972997,1.026364605610333
y_offset[40],0.056502213454991,0.9412805997912647,-1.7348562625135546,1.7935600866951207,0.005087876504168467,0.007578257235375048,34226.705096513,7714.403961936807,34228.004056012884,13906.608688099212,0.9999686407115315,0.06164920173173292,-0.8735845720825786,0.9882378388913431
y_offset[41],0.10735241870304435,0.9696752315933596,-1.6760275973585912,1.9263388946334545,0.005469954004089946,0.008191821894015797,31425.72141790796,7006.44581829612,31462.65667641391,13413.408019433966,1.0002563833208038,0.1070269761194575,-0.8549341878597593,1.0766105375650339
y_offset[42],-0.012670250222595816,0.9663545224197552,-1.8169307411055977,1.803182621000451,0.005392158835105788,0.008163047668913853,32117.934915040296,7007.683205672371,32120.57576445787,13405.528112608588,1.0001140138319258,-0.006859911942541788,-0.9735510325514327,0.9441948642581078
y_offset[43],0.07042675766106002,0.9465203820219311,-1.6999299867789142,1.8374348692708868,0.005253209645338379,0.007887075982189089,32464.63127935986,7201.667635565481,32481.90763041073,13558.422770268253,1.0015204838729121,0.0744659364556324,-0.8690910797658302,1.0253255300721191
y_offset[44],-0.0067372920266418005,0.9670002819375106,-1.8061073833995156,1.867046167276401,0.005776320891344282,0.007988301919087495,28025.31987996144,7327.3821528277595,28073.00228356077,13355.739033819504,1.00036260417741,-0.015081359958913765,-0.9558314673486458,0.94307897169881
y_offset[45],-0.2219803886016403,0.9531229708890764,-2.03662756207339,1.5243071781289237,0.005933591709878719,0.00706629134705105,25802.5456126484,9097.302763926584,25800.611288568154,14085.499283762521,1.0002998799603233,-0.22063214685605664,-1.1784621487771751,0.7214196130089672
y_offset[46],0.16443721675209463,0.9619617994902393,-1.6447797455294717,1.989274391825486,0.0058078234864558835,0.007869797525892171,27433.981085813502,7471.235850371693,27405.59609208716,12840.733862283181,1.000316721099623,0.16254875196394447,-0.7917490489086915,1.1211605822892037
y_offset[47],0.07216121148782118,0.9483971568146563,-1.6790253388491612,1.885323121114117,0.005398227048616089,0.007776201180196281,30865.846550123995,7437.887046631848,30848.586637536217,13595.289284667928,1.0001905233997537,0.07021294536519183,-0.8637863303077499,1.0057728336515543
y_offset[48],-0.06056646915179991,0.9546808363376095,-1.8588403246689276,1.7600346787752945,0.0058487063353873225,0.007538076118937361,26643.837606876743,8020.417325740301,26634.518234043073,13494.977800350718,1.000159722404151,-0.0666971695178343,-0.9933281580649429,0.8877082883969165
y_offset[49],0.027390947723235127,0.9468908706774295,-1.7079106134228297,1.8335128933163083,0.005920490846531933,0.007407275604213546,25579.051172416188,8171.162758959546,25594.289529788744,14340.092418484375,1.000030392390329,0.020668247296343666,-0.918550491324977,0.9712414574905806
y_offset[50],0.20401956725694181,0.9507805925370171,-1.5957262514829476,1.9771530636023849,0.005204550536386492,0.007731365840750132,33372.91610654792,7562.261167555037,33392.37890730866,13406.827836416373,1.0001381406707976,0.2072794801686368,-0.7425996249283648,1.1403965328885242
y_offset[51],0.06515054844700573,0.9508287508001463,-1.7291605228474038,1.8398442865843394,0.005671592917224662,0.007941811286889653,28105.70655625657,7167.551746893412,28098.71734096076,13544.603337531233,1.000312729094951,0.06912097323029073,-0.8863780347061,1.011304713059087
y_offset[52],-0.09501800829719605,0.9558159274184778,-1.8652349897045895,1.7251456083762708,0.006134485732504932,0.00791196411701878,24276.842732969646,7297.676833485054,24272.77186952048,12652.718628582785,1.0000062957177684,-0.09411838542382303,-1.044213538534801,0.8474435840629251
y_offset[53],0.10412042199417354,0.9538762288109544,-1.7396329752563195,1.8252420997715604,0.006597792306039413,0.007228058688791225,20901.948425306164,8708.428920731016,20912.761859742066,13641.028248521023,0.9999515964093144,0.1037359041910357,-0.8539977649408257,1.0524460067127517
y_offset[54],0.05479986489321503,0.9547256186532825,-1.746801774039658,1.8306764256514203,0.006212403020924824,0.007392521342655537,23617.71667171206,8340.121183162182,23606.70022952823,13658.769077957797,1.0003625804067633,0.050262279559437864,-0.8947507499016092,1.00685174369012
y_offset[55],-0.04613556937976057,0.9493415782856434,-1.8441616771317835,1.7263412421924316,0.00543159035465218,0.00781700110282307,30548.577164504037,7375.118710468205,30499.34574630748,13186.73002948188,1.0000344257005929,-0.04758996751859271,-0.9889552274856055,0.9037212923498237
y_offset[56],0.07784483374091082,0.9565017405109119,-1.7060523008441215,1.8920516283649573,0.005651438003779779,0.007784559492796704,28645.314432460753,7549.305675223429,28664.762016016277,13707.888725290311,1.000122124976399,0.07200683874799119,-0.8781415298345484,1.043625186912978
y_offset[57],-0.05648305701694046,0.9687368440591135,-1.861383200635992,1.7494630093053192,0.006300446967784943,0.007626067615069911,23641.16719901375,8068.851697354242,23639.682214671982,13411.665103283187,1.0003217507697317,-0.0596009452352169,-1.022281293773517,0.9123971437189903
y_offset[58],0.07417472354736296,0.9587557569313993,-1.7639855164598246,1.8030686315839282,0.005718800871538721,0.0077337913276891235,28106.451604282538,7684.826082533211,28116.635208378095,13520.197744273359,1.0002257232547016,0.07397941636368541,-0.8749444414620808,1.0331685888357263
y_offset[59],0.043625245346593164,0.9608370588675952,-1.7622233078675629,1.8639011313089995,0.0054111292153186915,0.008074270056532828,31529.97894449891,7081.0674798361915,31570.624716057013,13394.02925673231,1.0000378091512983,0.047298121234727264,-0.8994405661914651,1.0009927706907962
y_offset[60],0.07401506991961505,0.9425817244825457,-1.7418809024356618,1.800222219428113,0.005826993699184668,0.007446381034765711,26166.698668078556,8012.151352897158,26300.201601607696,13382.599188275282,1.0001005756111356,0.08084188093623523,-0.8553477868146345,1.0181472346104103
y_offset[61],-0.0010312037962179892,0.9463807207576868,-1.780988067624698,1.7857470431645548,0.005335712077711998,0.007554724328932976,31459.15086249724,7846.876450953724,31449.58125778488,14256.497053812744,0.9999436859450944,-0.0034684110277709585,-0.9437061567481544,0.9357182585554908
y_offset[62],0.1269680205004757,0.9441832282735891,-1.6025684770813156,1.9868238525281863,0.005535070599266121,0.007602268311397616,29098.207340275494,7713.101197851848,29150.424627378685,13798.517843190002,1.0002753335598604,0.12169701679825701,-0.7994301100163648,1.0462994748559105
y_offset[63],0.055495827328735085,0.9689126606562415,-1.8181903993295732,1.832820852745179,0.005904272473622061,0.008138457779158097,26930.007784359106,7087.462679957035,26900.7105714585,13230.812012373344,1.0001517665500874,0.05719638470456137,-0.9093425615352805,1.0136778601823218
y_offset[64],0.1536501760102821,0.9607074126724157,-1.5801208305189816,2.0056552949125206,0.006552640859990723,0.007328421956486351,21495.599018404886,8593.317040765955,21507.476300832896,14233.4978872779,1.000270703291678,0.15203433349597248,-0.8190726199277543,1.1179583858582196
mlt_offset[0],0.008066039760587305,0.9881906696432378,-1.8200635102070104,1.9040065209157837,0.0053883264873111816,0.008719674242110854,33633.62619880945,6422.297654771524,33610.24894719443,12425.075125270332,1.0000015476877553,0.007000663440689071,-0.9821407498962699,0.9838521608916515
mlt_offset[1],-0.0381011624800003,0.9789194671761904,-1.8561297883370673,1.8523912481929616,0.0055365869970740375,0.008271553369973176,31261.48997879725,7003.674509212683,31273.728685101425,13719.110521166369,1.000524586795121,-0.0372697271164513,-1.013079802239588,0.9184596624273139
mlt_offset[2],-0.09842829999030278,0.9739555694388717,-1.904710534800511,1.754379810231273,0.006395997619589474,0.007535875105215396,23187.915223891723,8352.399170336255,23229.322194237942,13882.065451067157,1.0000836223844944,-0.09612726871669051,-1.0591371257138658,0.8662591923008858
mlt_offset[3],0.042596911059397995,0.9668376519146481,-1.8035148329955686,1.843608922383994,0.005468517266716703,0.008109177852272612,31258.48565805346,7108.191300271235,31280.025851950882,13098.23708410589,1.0000479470182326,0.0367245262459206,-0.911611254651529,1.0020689575090458
mlt_offset[4],-0.05016348504513024,0.9900331272660383,-1.905346617027341,1.813093225054948,0.005639414183684586,0.00824571600533415,30819.91728184239,7208.549026277885,30802.494094219426,13654.898406955639,1.000033437506753,-0.05737160787346039,-1.0353551471100948,0.9386936114518327
mlt_offset[5],-0.03029757537874843,0.9927271364875964,-1.9219322771034775,1.7931553503014317,0.005679395540279082,0.008466189966091876,30553.11924443446,6875.28372094063,30582.129683603445,12935.579203785117,1.0005550983537546,-0.03212641829962662,-1.0168211313576436,0.9673565306338553
mlt_offset[6],0.07416538417856794,0.9609664361759082,-1.7820181019372783,1.8414690144420534,0.005628691016931175,0.0077909422403870734,29147.520772573647,7607.461709479114,29140.386904646828,13428.417245107881,1.0003409120109659,0.07593167291145989,-0.8832576799354711,1.0323620644596023
mlt_offset[7],-0.03168550636792073,0.9926575460119108,-1.8763252058144682,1.8102826967341292,0.006113723780919421,0.008108138051836609,26362.541114320047,7494.806641392086,26396.0016460304,13527.333669649473,1.0000813088433296,-0.02714798291431396,-1.0156175341647424,0.954558001976314
mlt_offset[8],0.015122728111651614,0.9803662706777196,-1.778463262543635,1.907770520544972,0.0058450466201020145,0.007923239569985993,28132.01000132743,7655.512069853708,28110.30771615953,13435.789572034717,1.0002011230588994,0.009154277121777302,-0.955834602945095,0.9882243909578471
mlt_offset[9],0.010829104368370786,0.9892513383642545,-1.8716132068499598,1.8863152309017046,0.005682654530537074,0.008672698943338804,30304.755469571908,6505.994587008317,30320.7320200412,12620.355705694677,1.000205103993642,0.00241064660211084,-0.9623071350636561,0.990874148073946
mlt_offset[10],0.009333608665614444,0.9844887800671238,-1.8379070426953337,1.8879478353947432,0.006684423274053712,0.007834273402112445,21691.703353799327,7896.346241621279,21783.086414299116,11740.448013711335,1.0000912091186904,0.013540473073942568,-0.9544566993392112,0.9804195364827878
mlt_offset[11],-0.06175365542938303,0.9876674006127185,-1.9742165363084163,1.7581066231246376,0.006020246770577131,0.008214537094711946,26914.905057393466,7228.701686548408,26912.09556347449,12820.330887369868,1.0003362102669948,-0.06276498081665671,-1.0337751169083058,0.9165787824341511
mlt_offset[12],-0.02094485399552232,0.9902567299047079,-1.8858203697904137,1.8347737486014997,0.006510376611336716,0.007700478166865298,23135.739231729756,8269.149854064133,23148.348092186345,13334.045183423366,0.9999864222708705,-0.015497426293325529,-1.0028428222784638,0.9636830328790482
mlt_offset[13],0.07770957091007784,0.9687189329089402,-1.718549763748803,1.9263663241064457,0.005291521132099307,0.008154338406844593,33514.63591948213,7057.063406368262,33473.78348064673,13559.806926521243,1.0003599730224189,0.07333700165548289,-0.8728923134661988,1.03303458174264
mlt_offset[14],0.032100906174310474,0.9821226602696267,-1.817090034626508,1.8823215145534575,0.005619823924673369,0.008132159448396363,30541.196367285225,7293.305999485364,30523.197014508536,14235.315766059592,1.0000424299025665,0.03731323044184594,-0.9444999847470972,1.0054727390696112
mlt_offset[15],-0.00439675917244165,0.9733405795315073,-1.9185676156480405,1.749773614240101,0.005734915761962566,0.00785482691679066,28805.510322255162,7678.200003421061,28818.919730769052,13232.407138781286,1.0001424988638525,-0.007344162851383621,-0.9769742605273513,0.9698361198446733
mlt_offset[16],0.0643372611250411,0.9736088485405487,-1.7960583775380268,1.837731167959475,0.006721498545966947,0.007127773931236847,20981.513197068238,9329.499610490016,20977.813029488152,14089.78409551904,1.0004692140777574,0.06583533668300662,-0.9222993158562494,1.0521674601713853
mlt_offset[17],-0.08587463578056165,0.9697547791488791,-1.9408535694478521,1.7030897351129368,0.005862927467384245,0.007986014678349997,27358.659502716648,7373.403686140164,27377.704414106953,13022.269923397515,1.0000760473382468,-0.09259032118583485,-1.050639981269889,0.8896722226614295
mlt_offset[18],-0.05412074409522687,0.9717356364345535,-1.8372147341396954,1.8105873162258763,0.00602938870566506,0.007597955822163558,25974.64936159657,8179.066017106683,25984.449136733656,13496.839416543813,1.0000325765078215,-0.0629534472849097,-1.0293206134150836,0.9192781704847253
mlt_offset[19],-0.08426480967162436,0.9860509463341388,-1.925527600268416,1.7999847930160702,0.005947165898108079,0.008460600241635502,27490.244440112463,6792.093632408397,27523.673751265644,12588.623235921606,1.0000785372520602,-0.08842902630677837,-1.0573110818396387,0.8975725738397067
mlt_offset[20],-0.025062980480574152,0.9692387087140952,-1.9014749052059923,1.7496274590063223,0.005591939624105335,0.00798171890052246,30042.533439889903,7373.488541589839,30032.735548077573,11770.232765759605,1.0000688154067974,-0.019513248802164047,-0.9686454524175034,0.9226966641971922
mlt_offset[21],0.12746050138914333,0.9679718914836123,-1.7165861935832245,1.9263503198276932,0.0060262220704411585,0.007494336554497817,25800.922191015452,8341.79445501933,25844.486100726353,13146.274768717047,1.0001179876766852,0.12894739965843394,-0.8435085945198206,1.0914301033279468
mlt_offset[22],-0.017592984366809932,0.9775599347270961,-1.8765040932472443,1.7856290110906736,0.006291737815661694,0.00783356701730721,24140.460697001177,7787.000498884436,24147.09704978196,13863.023170080789,1.000019735500252,-0.013311461648073423,-0.9732703261074034,0.9546046514762948
mlt_offset[23],0.017897728486718164,0.9718851704440459,-1.833701876987982,1.8288873198835056,0.0061189605351240975,0.008088106600339026,25227.52275584404,7220.067763116739,25240.315522761797,12978.900610477747,1.0001173944306732,0.017507709018044413,-0.9546935992288356,0.9811959209610777
mlt_offset[24],-0.03015578678365939,0.9730585492390527,-1.8828613702215378,1.7641847408010847,0.005155248727444622,0.008452240593872918,35626.95440361165,6627.389193130258,35600.83266811692,12811.917847942372,1.0004676876367888,-0.036766991928461015,-0.9954046524815487,0.9333618633259424
mlt_offset[25],-0.028777519544388463,0.9624190774793672,-1.8433296996863358,1.7682640983145694,0.005874328539770155,0.007523888654482352,26841.821388927245,8181.721536288113,26892.703339088617,13416.891178138887,1.0002930831480281,-0.021508144574790646,-0.9792850897356402,0.9226985364001621
mlt_offset[26],0.001252587667793278,0.9667381614043975,-1.8585053008096535,1.7727060960082077,0.005416151851561145,0.008111510217195436,31859.287625435045,7102.64253314997,31808.826167862986,12971.091481431158,1.0000370527660045,0.0031566276053696714,-0.9588366363770441,0.9614762659092442
mlt_offset[27],-0.11070382426361271,0.9838226332363479,-1.9635556406852828,1.7184203754549405,0.005578051385922512,0.008264549093429168,31107.74981244064,7085.998427881888,31058.760863315776,13313.564552307176,1.000079864169725,-0.11208389921441644,-1.087912328477812,0.8687215388337775
mlt_offset[28],-0.03913561518732475,0.9745640178121442,-1.8557746592276902,1.814649719975456,0.005998726725552762,0.007796265131283191,26393.840590477274,7813.578418447217,26381.157758863563,13911.940610877022,0.999998506051596,-0.03614458052799491,-1.0082246923314173,0.9372702200767523
mlt_offset[29],0.046055576390550544,0.96860398398459,-1.8089428592179364,1.825542333011525,0.005712305444783715,0.007719187752358624,28752.10585077861,7873.2034810474015,28759.057196593825,14142.631843084655,1.0000249769133105,0.05907020922804896,-0.9234504851243494,1.0069264650306213
mlt_offset[30],-0.007088146556712751,0.9693704125134762,-1.7930268245566814,1.830820719313251,0.006230600762973363,0.007860944838475367,24205.812890738962,7603.846544500818,24200.686608858152,13495.773898734447,1.000303225215835,-0.0055427671819698494,-0.9777591507345464,0.9495036066511897
mlt_offset[31],-0.012989706602282141,0.9812165032774298,-1.8738583896738954,1.839001671596345,0.005503700826812551,0.008197090353031197,31784.841614549878,7164.990331337843,31834.17239992545,13321.723952427958,1.000039919223387,-0.014084076372739687,-0.9774718350264988,0.9635516616354849
mlt_offset[32],-0.04688916106629688,0.9820487615190592,-1.884105255073274,1.8012530352772969,0.005548286518389464,0.008271315523074101,31329.13065461802,7048.924766253435,31362.254871817484,13504.133464815091,1.0000395378567986,-0.050932053746163566,-1.0221933611650493,0.924116003238321
mlt_offset[33],0.11554170396968927,0.9708042229431529,-1.6733929853189984,1.9611214458738064,0.0055065291176068665,0.008052303169421992,31081.891032748725,7268.217946989622,31124.204847747198,13205.177374360197,1.0001399910058362,0.11825964190259056,-0.8581993695161301,1.088362559836863
mlt_offset[34],0.04594129943596002,0.9643430818926534,-1.858493918925051,1.8070109758026864,0.005601992883476703,0.008027860478797217,29633.164570484973,7215.536424476004,29733.97102849317,13411.867002711013,0.9999498093696387,0.03916029449899676,-0.890760756223168,0.9964973772912132
mlt_offset[35],-0.047628230117545065,0.974137493624867,-1.860632170074231,1.78574934486386,0.005364149903018107,0.008002341211741353,32979.09295392554,7409.869887858275,32976.88129614547,13841.108408780241,1.000177705609432,-0.05830666472919367,-1.0144791406176066,0.9325984028759324
mlt_offset[36],0.05882451244881336,0.9727600617823619,-1.7392040788265934,1.8926234465443177,0.005863163524827948,0.007978288581777371,27526.275322647012,7433.5466065024875,27547.242317448072,12844.477668773521,1.0005085631318857,0.05660421007170409,-0.9092617491800058,1.0294810143583506
mlt_offset[37],-0.08630524558969137,0.979536158938291,-1.928585442369703,1.7640410099668526,0.006249052037104981,0.007785042327786375,24570.424645728155,7916.277251385783,24550.87629330039,13908.7288885292,1.000148475829679,-0.09191423897814709,-1.0530684802795653,0.8914305861348918
mlt_offset[38],-0.00694050597296266,0.9694122351920076,-1.8947644573211846,1.76555845906631,0.0064377313007952025,0.007985867264167935,22675.209140744453,7368.468042974881,22724.630593075904,13646.811345796566,1.0001159584726331,-0.0147961538285921,-0.9601783933458626,0.9538296631051267
mlt_offset[39],-0.05315411932264488,0.9812166057175014,-1.947875584972266,1.7241836938559254,0.005563210541904899,0.00786314742579853,31108.47962778483,7786.449695103839,31130.70896122862,13962.826484451854,1.0000866392306844,-0.056874885225180666,-1.0372868216341489,0.9262792265187625
mlt_offset[40],-0.021932512147566113,0.9746811045626246,-1.873724779669118,1.7988527920500097,0.005499467214392701,0.0080887610824199,31411.1516092358,7260.490726331008,31446.66968564164,13453.281666009063,1.0000581886791724,-0.02568782620047653,-0.9881584260555473,0.9510455651591974
mlt_offset[41],0.024556939850873583,0.9784580153109366,-1.7901361838923588,1.8905987711730579,0.005857839576059157,0.007883074662118825,27900.336600591138,7703.640423075024,27883.158821486228,13632.209445951225,1.0003558073188652,0.0235945778680149,-0.9481923291137472,1.0007068693818144
mlt_offset[42],-0.05757956098276179,0.9639479055811908,-1.8892001895426993,1.7015721007483477,0.005463524519947486,0.007843751948054686,31128.72516571451,7552.017285257813,31164.484194088865,13696.024158237156,1.0000972009178792,-0.05758372396120156,-1.0300765190981467,0.905475883418148
mlt_offset[43],-0.05324356779772601,0.9796524526185183,-1.9069888151128316,1.7790789366112072,0.006567865120701491,0.007666047626079428,22248.237365558856,8165.862547473943,22234.650563315306,13593.930029490299,1.0000476458524206,-0.04817625517498447,-1.0291096535099336,0.9156490769639202
mlt_offset[44],-0.05043804234963432,0.9629072202814134,-1.8420528705230306,1.7475041178818032,0.006571875738492307,0.007298705033204425,21467.93146412232,8703.148076663354,21441.35008055405,13035.70033579925,0.9999478588301811,-0.05299159643803256,-1.0145460975992284,0.9050296321556879
mlt_offset[45],0.05745090125317191,0.9941984723941866,-1.8215330763468227,1.9115668200796583,0.005762121221232169,0.008108184653431112,29770.175979795862,7518.005256869591,29780.23009802767,13178.460112853923,1.0002127550410171,0.06073404894548259,-0.9331505817147091,1.0502966572722718
mlt_offset[46],0.04198509856846585,1.0104325395322817,-1.8291539114670905,1.959061620097648,0.006241717223717327,0.00835883866353091,26206.345864325805,7306.803686953273,26246.21780736937,12255.040766085545,1.0003581299969002,0.03673030636751716,-0.9620853149294087,1.0451617758018885
mlt_offset[47],-0.06709585108100226,0.9872043628415373,-1.889602405549246,1.8338998077817483,0.005337439628378882,0.008276502252419668,34209.61451822029,7114.200074477842,34188.73536154526,13231.275375895244,1.000226536800643,-0.07030830594577929,-1.0474253009477226,0.9060363416200932
mlt_offset[48],0.07046706115888281,0.9775082884394002,-1.709858509685202,1.967337025165677,0.005935555143439198,0.00785669473531551,27121.781251522923,7740.408374504511,27112.319930444424,13837.718494634175,1.0001344971662514,0.07570911259191257,-0.910089528309276,1.0363151393276206
mlt_offset[49],0.0756893593190011,0.9635640005901753,-1.7175245323245092,1.909681858917109,0.005423172788764651,0.00834700176729052,31568.521953568958,6663.588123293631,31566.656566710208,12976.820729962947,1.0005899021378595,0.07284176547511495,-0.8775579242315438,1.032226752517003
mlt_offset[50],0.06497691458664394,0.9852252796484045,-1.7900897830686575,1.9320797746148428,0.005433706342450425,0.008322724327155188,32875.984411369565,7007.227784767853,32899.032139844196,13176.918791341886,1.0005533637207753,0.06489211322205429,-0.9080199879292076,1.0410991452874354
mlt_offset[51],-0.012227736805870384,0.976969666720987,-1.8316365868619737,1.8422682073395737,0.005815551190453885,0.008081419040403067,28221.519536315212,7307.882874656825,28214.676349686397,13747.833612958177,1.0000095037476178,-0.01842352910439294,-0.9756518655877652,0.943856843770565
mlt_offset[52],0.08952660319809369,0.9665536167210429,-1.7079394529592657,1.9048171636074462,0.0056010112581755915,0.007930114722579536,29779.610234383945,7428.430560315503,29773.480380559788,13368.477744905902,1.000883235802768,0.08870820867830759,-0.8722108570641747,1.0604326515277727
mlt_offset[53],-0.05805910727999534,0.9824131638644193,-1.8641554474811464,1.8229351453398626,0.005990915745055565,0.008062935937916155,26890.688551681294,7423.454646700404,26931.075369247497,13512.094167058754,1.0000663048232927,-0.05412486093072846,-1.032421856603478,0.9130313889384728
mlt_offset[54],0.05803543540778355,0.9695762594334661,-1.6751212098651662,1.9449723760247608,0.00573909761668301,0.007888947540986785,28541.49532149292,7553.171689844781,28550.870241453886,13756.289499893364,1.0002735893522685,0.06213584405618827,-0.9212989558667447,1.0213859035467732
mlt_offset[55],0.025245637717757775,0.971882296297968,-1.7678024911849148,1.891413346299969,0.005895130416919831,0.008075416737320052,27179.44019973522,7242.7323982988255,27190.87193529547,13537.371469050122,1.0001430525170518,0.023784646277678907,-0.9416527651280842,0.9850749550192389
mlt_offset[56],-0.03700288191371006,0.9852506535204717,-1.8711955864163232,1.8035581954841795,0.005674294602914036,0.008187811475790382,30148.777243650584,7240.403842091205,30149.607090146783,14100.479094761698,1.0003139072416445,-0.030901854053600086,-1.0226548780609108,0.9559466741709258
mlt_offset[57],0.007377375771215089,0.9742117231562306,-1.8813859086433198,1.7650911487190377,0.00599454967712418,0.00789572752082059,26411.53092800026,7612.471521191573,26428.51763918665,13131.224915327064,0.9999700331117486,0.01098573068980225,-0.9736766155834314,0.9721642452225245
mlt_offset[58],0.022549688203625934,0.983178939334323,-1.7917202260817657,1.9074451457366186,0.006065070935098967,0.008091823832952472,26278.06392138863,7382.043854328515,26262.846635065544,12961.165291302166,0.999965571131083,0.027052305045323927,-0.9493661135932838,1.0021258085775069
mlt_offset[59],-0.009226654441346715,0.9716556093937552,-1.8140538362913052,1.8389129652300198,0.0053725747114208066,0.00810437273423941,32708.437440242775,7187.720182822493,32702.23695593894,13765.489325743185,1.0001271250269335,-0.004864948653897657,-0.972482201654166,0.9519357708506121
mlt_offset[60],-0.002274650265559043,0.9735160575403062,-1.8411602701212688,1.8068211787061836,0.00590478196354165,0.007947974149152878,27181.81843244712,7502.001032399804,27188.310532376992,13534.185287156784,1.000141713827874,-0.00205942347679788,-0.9690448124526123,0.9670948569963963
mlt_offset[61],-0.03764769938346004,0.9796974327889015,-1.8663614195450915,1.8103888734230191,0.0062398578184710285,0.0076963949807300445,24651.00059270281,8102.340977636426,24645.985118418044,13986.058625809485,1.0000499427124447,-0.035756293708148285,-1.0139217535684848,0.9387827146415608
mlt_offset[62],-0.055637861057410615,0.9720996415225974,-1.9040994467209638,1.7402626582592582,0.0055694737373426124,0.007926541346485185,30464.443218843346,7520.69192496932,30431.98674814593,13920.247612166462,0.9999959295086398,-0.058483999598851366,-1.0162912370204011,0.9105440029473173
mlt_offset[63],0.04789178461820364,0.9584030581449303,-1.7824036676749249,1.8554075122951985,0.005637739619674045,0.007821039893821642,28899.235470300588,7508.810169249532,28916.071987263884,13180.683614331714,1.000895452820818,0.04903511697242639,-0.900484657956309,0.9888551786324216
mlt_offset[64],0.0663053151954396,0.9712414550650637,-1.786894505056867,1.8654888262783182,0.005720111239821283,0.008150918334728084,28830.055107404736,7099.814887322185,28817.54786139887,12391.422982275906,1.000272950079486,0.07735251791483831,-0.9051950330325724,1.0222137424924316
dydz_offset,0.4232580118757809,0.051800778895702254,0.32518161412536334,0.5205172052533437,0.00033227528559747014,0.00023623167949028264,24303.929687895707,24042.34685939069,24306.782658382166,14215.993157939696,1.000137915331456,0.42291338468865847,0.37166123094549003,0.47434654331904436
dydz,1.6930320475031235,0.20720311558280902,1.3007264565014534,2.0820688210133746,0.0013291011423898806,0.0009449267179611306,24303.929687895707,24042.34685939069,24306.782658382166,14215.993157939696,1.000137915331456,1.6916535387546339,1.4866449237819601,1.8973861732761774
sigma_yi,0.00764421298341217,0.002451246134912212,0.0032156409427899026,0.012217158384078844,1.6709551165675863e-05,1.2483041756684423e-05,21520.099490004355,19280.40485262662,21534.36889869523,13824.246724578925,0.9999411314188394,0.0074413401171935095,0.005238023311397961,0.010028358382031923
mu_mlt_offset,0.4531102829022252,0.04049757181872073,0.3752927216431299,0.5275683194876031,0.00025073343006030475,0.00017729729221688335,26087.56142918937,26087.56142918937,26100.05156283309,14335.567050849904,1.0000036382837671,0.4535041781214974,0.41247977133691194,0.49325866270449903
mu_mlt,1.9531102829022253,0.04049757181872073,1.8752927216431299,2.027568319487603,0.00025073343006030486,0.00017729729221996432,26087.56142918935,26087.56142918935,26100.05156283309,14335.567050849904,1.000003430321271,1.9535041781214972,1.9124797713369117,1.993258662704499
sigma_mlt,0.0677623158340667,0.027454623885414853,0.019705243653257615,0.1182664598068954,0.00017115377117084315,0.00012954971496933486,25731.082156283,22456.35984153804,25163.6073525406,13900.283231640804,1.0002420838955337,0.06463397032233761,0.04071409215170918,0.09473870422201715
y_pred[0],0.26923353073534056,0.008400489739696504,0.25365964910207334,0.28549054469083385,5.172185497407911e-05,3.669874836056107e-05,26379.16394553063,26199.099327235755,27041.460161288785,14100.596418193474,1.0002439951638242,0.26909061773093373,0.26125827417522496,0.2772461770588309
y_pred[1],0.2611722979538097,0.007855928153702417,0.24640800158427703,0.27612103208527927,5.304918230959717e-05,3.7703446809806555e-05,21929.948794410204,21707.738017113512,22943.390163801654,14323.029766636213,1.0000345452944344,0.26094800462677137,0.25379929599434364,0.2686101902055076
y_pred[2],0.26121082646750626,0.007660616979791116,0.24639918304356148,0.27563572652631746,5.284279241510177e-05,3.736601591134024e-05,21016.286433253812,21016.286433253812,21295.74197153345,14276.798487645616,1.000103340831555,0.2612150453555362,0.2541479622756959,0.26845938523570956
y_pred[3],0.26806066602356526,0.008353960592503708,0.25192678675256397,0.28341556799930856,5.1731690869902915e-05,3.663570066319263e-05,26077.83283665263,25998.93675570436,26658.633613770522,13168.883709101932,1.0001293078838205,0.2680469188523359,0.26014332088983394,0.27603474361953156
y_pred[4],0.2633491823583501,0.008041184411226015,0.24803933305673,0.27864433573308345,5.3498620159828284e-05,3.7829724459012664e-05,22592.01056590109,22592.01056590109,23241.857644056185,12990.775118338492,1.0001236645419793,0.2632439074637617,0.2558174323124227,0.27102319239732175
y_pred[5],0.2707056178304813,0.008172880183183746,0.25551881802577897,0.2865057580500099,5.436661336438698e-05,3.849425349003248e-05,22598.816883196683,22539.26339005748,23010.03637470791,14062.682990968333,1.000130127043041,0.27063317080690386,0.26299521196165515,0.27850672756116623
y_pred[6],0.26999112388644037,0.008390801943305125,0.25414259752936696,0.28580788970403936,5.0195257236010314e-05,3.549377847529907e-05,27943.54954728267,27943.54954728267,28326.058395533575,14389.43153070413,0.9999455858615759,0.270144100170824,0.2618581721539691,0.27807061700431746
y_pred[7],0.2711033823476519,0.008559384346391965,0.25514296867846364,0.2877179655265994,5.3203556561785176e-05,3.774448197687429e-05,25882.351217488624,25713.308715639767,26433.673134673867,13755.44724008164,1.0003717980533806,0.270955309219676,0.26286371231007716,0.279191699148691
y_pred[8],0.2690652600277937,0.008277730026059794,0.25327814744289284,0.2847490641695969,5.2357792073432403e-05,3.7153769623795834e-05,24995.387148908812,24819.72625629609,25833.140363360784,13892.50640608836,1.0002289580060695,0.26891618935590145,0.2613761550779069,0.2768498072468588
y_pred[9],0.27303163017976917,0.00892945076648285,0.25628441846328387,0.28993322448389375,5.4534429571697824e-05,3.857924918602957e-05,26810.68712668419,26786.834410300286,27050.387827445364,14449.200235975813,1.0004640026331115,0.27292727557689056,0.2644844933210081,0.28165193348834916
y_pred[10],0.29103267983093106,0.010440513191742684,0.27141834647156976,0.31036971201608504,6.497289304592419e-05,4.606221797288427e-05,25821.370121650798,25688.210334525946,25924.064601611888,13777.868148448115,1.000327852863688,0.2908683908665083,0.2808947551396873,0.30128230186457083
y_pred[11],0.26737453547271745,0.008004215827061576,0.2522887154785705,0.2830633838124232,5.39631456060357e-05,3.816170892155783e-05,22001.032672750734,21997.000793901178,22569.19913989154,14014.236272730823,1.00024755711053,0.2672700619015955,0.2599274218607287,0.27481986503417455
y_pred[12],0.262958417596314,0.007987760795224173,0.24830624527085599,0.27881967242415334,5.46773590633314e-05,3.876778070792929e-05,21341.9963860126,21227.076208841892,22219.223545170837,13637.508478396834,1.0001868609991142,0.26274645533017804,0.2555589270505883,0.2704122741697646
y_pred[13],0.2923836938059005,0.010735990846404251,0.2720603936675902,0.31231694335618737,6.562111914718047e-05,4.640164309646984e-05,26766.833616872547,26766.833616872547,26851.374646118344,14887.203791517879,1.0000752883990853,0.292250288363805,0.28181783583968467,0.30286865638955096
y_pred[14],0.26956286969579885,0.008529441830163784,0.25372665048759674,0.28602289704790373,5.6846532956711896e-05,4.0227468879375985e-05,22512.994154209126,22479.003792084593,22963.046848109978,13767.149750693185,1.0001017509767685,0.26939714309005336,0.2614449336305431,0.2777383360691366
y_pred[15],0.26954809865571394,0.008572620375588853,0.253351035565488,0.28593396808022226,5.161454746058251e-05,3.6540620141338725e-05,27585.631878326534,27520.38827946666,28038.983449604315,14148.192398834748,1.0000357590083269,0.2694202611564679,0.26144966557715343,0.27771524376990037
y_pred[16],0.27424638244955796,0.008648856969539069,0.2574849090626217,0.2900519803503112,5.457722787283852e-05,3.86862724692696e-05,25112.76220383503,24991.010475167117,25313.072091528127,13912.769712038324,0.9999968680996744,0.27412779115494057,0.26608846778716266,0.2826030177653581
y_pred[17],0.27940794455243756,0.009386675380085634,0.2610909149103864,0.29662475715209224,5.9022243985317e-05,4.1800034498483896e-05,25292.5235871144,25214.50112097536,25600.04332828382,13260.306056182315,0.9999631396023599,0.2793259251847647,0.27035208204392813,0.28847755172447304
y_pred[18],0.27692096623321116,0.009190577696081689,0.25944631344213703,0.29403262656669793,5.3650053912634905e-05,3.801338250476598e-05,29345.75560158641,29227.47045982362,29607.75897140625,13047.308034669719,1.000702253207015,0.27676727456467953,0.26801645881923536,0.28585577836923404
y_pred[19],0.27790518055563257,0.009416698187621189,0.2612450064003162,0.296947813003441,6.0781189199981494e-05,4.305392337191847e-05,24002.634751827318,23919.51740999683,24206.749463524164,13992.265090394667,1.0005538735013915,0.2778445371822066,0.2688308881352756,0.2870755801845834
y_pred[20],0.27009659818105325,0.008646169486600939,0.2540686501267417,0.28665097586354793,5.303924661675133e-05,3.763884449066546e-05,26573.74699721589,26384.84533983733,27215.073957612625,13789.076454078233,1.0000500049395522,0.26992837799536895,0.26179606766991953,0.27842951600194477
y_pred[21],0.266299579379736,0.008352994923969561,0.2501815874661809,0.2818188792203975,5.1563100801830086e-05,3.6541239983296745e-05,26242.571099948153,26127.48431859145,26976.99241790973,13917.31388126178,1.0002635686434092,0.26608258555837516,0.2583985430907936,0.2741683223408432
y_pred[22],0.28028365172765685,0.009485448938152577,0.26236259420397734,0.29832290168169406,6.222383585339778e-05,4.400015865378589e-05,23238.18585102284,23237.43659881892,23466.657882874046,14003.065298110096,0.9999688450395414,0.2802501356920878,0.271137614543509,0.28945898023227157
y_pred[23],0.30065066934603857,0.010452011660286005,0.28154994708950815,0.3206259945107289,6.0944536011067005e-05,4.3185795729043604e-05,29412.383578904086,29288.460593764063,29516.892696293544,15481.032171552424,1.0003684086550224,0.30061974154437454,0.2903068552157906,0.3108241205893968
y_pred[24],0.2701831881237481,0.008373503674188085,0.25468495387141976,0.28646563031411265,5.230146921393464e-05,3.698314338914602e-05,25632.24541768437,25632.24541768437,26146.5916978501,12989.39737549472,1.0001868998336385,0.2700169181551154,0.26225250325613897,0.27814288935826703
y_pred[25],0.2765689881158418,0.008887454863480304,0.2604855241711335,0.29385940657189075,5.462064208903716e-05,3.8623051768128303e-05,26475.31974945025,26475.31974945025,26868.12072734944,14205.21411038629,1.0001186589676752,0.2765990534529212,0.2680598846009937,0.2850993632157919
y_pred[26],0.26856833112220047,0.008271439234067101,0.2531199969517949,0.2845630513274167,5.216615278904452e-05,3.699785800958182e-05,25141.1158360701,24991.316309071783,25683.823213258926,13898.040844470168,1.0000104790968085,0.26839869779340714,0.2606978299296866,0.2765200005436495
y_pred[27],0.2731587526228714,0.008817249173605598,0.2567801829601322,0.29011696666718606,6.0504324367661774e-05,4.285653152514621e-05,21237.01123101343,21164.79939400838,21543.12397566761,14425.794783457452,0.9999978399987415,0.2731083957456265,0.26479435963866266,0.28165831200843405
y_pred[28],0.2697847655523939,0.008570799457110123,0.2529177599131865,0.28571999119684066,5.49714059471616e-05,3.891956028983104e-05,24309.105455019417,24248.633043352802,24596.337540592427,13492.286493745032,1.000065159938812,0.2697055312504299,0.2615824089956656,0.27796189818697786
y_pred[29],0.26903475146116623,0.008558066918098378,0.25271107773635554,0.28514590303707094,5.386843812633767e-05,3.816380182851373e-05,25239.607020980893,25143.64254627184,25684.712460925126,14608.284375824976,1.0002753974926175,0.26881470930340906,0.2608940816174817,0.2772482754869014
y_pred[30],0.2719182750267058,0.008588393874278198,0.25526572347115734,0.28782669576315634,5.5238042492233374e-05,3.91214350460916e-05,24173.934854675103,24097.659253539558,24576.755122464026,13727.872686799139,0.9999877351286471,0.27186132336499236,0.26369020288463124,0.28010883079896354
y_pred[31],0.26015791863599186,0.007828786477927991,0.24477135580430406,0.2747800711096294,5.033982655536174e-05,3.574543095752244e-05,24186.078986844732,23984.374015980105,25469.90210863402,12608.798495770046,1.000119052140475,0.25989521263907106,0.25295958069883334,0.26749596499418843
y_pred[32],0.29141514624686726,0.010735950022758473,0.2716295078334629,0.3120044884250519,6.453482622327245e-05,4.563349256270853e-05,27675.321351353898,27675.321351353898,27715.719445512364,14948.470768604526,1.0000290776866527,0.29128587206239887,0.2809405123223415,0.3020132801922878
y_pred[33],0.27118622897684186,0.008558587543980584,0.25496435488078517,0.2873860238185255,5.2966026407447925e-05,3.763874824363088e-05,26110.15255038728,25853.159794094754,26740.543439763373,13508.780469435253,1.0002149497935375,0.2709873520887667,0.2630424904868315,0.279304294875226
y_pred[34],0.29062274705366803,0.010433279511866164,0.2713027503867192,0.31075177279951627,6.4412494460696e-05,4.556957720716394e-05,26236.23115990488,26210.263566201418,26261.181492137188,13813.866031676489,1.0000339828501417,0.2904830123781401,0.2804526471645822,0.30074118276086237
y_pred[35],0.2764130250917774,0.008690951063285338,0.260321817261513,0.2927822422523442,5.6452594621243744e-05,3.997766255198858e-05,23701.006769450414,23630.914300803834,24081.570426740942,13749.322227166325,0.9999370183212976,0.2762855206395684,0.268094081685843,0.28486375682188203
y_pred[36],0.27599026410088406,0.008746411957936642,0.2591112114458197,0.29220797220499944,5.4418911254782095e-05,3.848041643100644e-05,25832.12659120035,25832.12659120035,26222.237021199915,13512.731034794304,0.99999969352173,0.27599546898460897,0.26755856155857877,0.2843277406634711
y_pred[37],0.2697608158778518,0.008129674400106292,0.2543342987319815,0.28540677345235976,5.507256625925887e-05,3.897365672133925e-05,21790.92550389448,21756.33009651246,22434.40130732695,14167.836395767754,0.99995552108328,0.26977648490418227,0.26212424603641016,0.277451330401353
y_pred[38],0.26480721858156997,0.007864008304997974,0.2505711701527387,0.2805482158159974,4.982205973561246e-05,3.522992873616747e-05,24914.063712806255,24914.063712806255,25803.72356618035,13883.432787586062,0.999958338335528,0.26471454805975,0.2574000581666234,0.27223567841463353
y_pred[39],0.2609846852132952,0.007840823811361955,0.2458629936890034,0.27578090219239126,5.1698699270279016e-05,3.6622317328507325e-05,23001.923631741734,22919.905118864866,23724.10624604546,13730.758792051192,1.0002244438032464,0.2609224642418474,0.2536666235421704,0.2682895840625915
y_pred[40],0.27182045799764903,0.008560293784267408,0.25607319374598264,0.2887317915602525,5.222423724495734e-05,3.692851462329566e-05,26867.86317668338,26867.86317668338,27195.909611378487,13367.440605032758,0.9999715738422826,0.2716991492525288,0.2636393632163644,0.2800548627393845
y_pred[41],0.2663680033090478,0.008340125802858983,0.25104821658628806,0.2826164120684024,5.1855680270672364e-05,3.6667917744446566e-05,25867.385257723286,25867.385257723286,26413.160730530715,12673.277652422297,1.0000392012328951,0.26633177735015506,0.25841947514950186,0.27428755056279047
y_pred[42],0.279799380337473,0.00922879478987819,0.2625292166495944,0.2974419996249103,5.661481197569464e-05,4.011746008369795e-05,26572.342388327394,26460.782825180922,26915.45999449227,14281.812590079435,1.0000197335067584,0.2797240065154094,0.2708899139617709,0.2887661846996614
y_pred[43],0.27739756447914515,0.008930767819287267,0.26073974134069344,0.29444934571785564,5.406250570852952e-05,3.832679591392778e-05,27288.851390407362,27148.877449563326,27572.491181191403,14135.237736598407,1.00086132089882,0.27728700927842254,0.2687977082163363,0.2860749555979963
y_pred[44],0.2745023975659816,0.009343951227486007,0.2571900872812093,0.29247527295929804,5.8906524863250154e-05,4.167691209380381e-05,25161.37210283881,25133.33541292748,25633.804253453254,13484.003808855123,1.0004692935355113,0.2744771058735978,0.26555048478539584,0.2834139553651476
y_pred[45],0.2932319197813236,0.010567789061499622,0.27214848597230407,0.3124546969013614,6.305082130631136e-05,4.458412758593085e-05,28092.266237692835,28092.266237692835,28237.91081863191,14851.520841372814,1.0000955804624465,0.29325085710147847,0.28295222183150326,0.30349906623575296
y_pred[46],0.26549726731620243,0.00817245499847507,0.2507952238383707,0.281920750672906,5.224476579032095e-05,3.706151338037749e-05,24469.184885677565,24313.03550449637,24805.218730846307,13873.305404691178,1.0002149771081612,0.2653167660925504,0.2577535365309336,0.2732670636147268
y_pred[47],0.259164090791332,0.007679792958611176,0.24506402030994776,0.2744495194371912,4.8234586966167544e-05,3.420203043690472e-05,25350.229525890587,25210.143520365484,26313.16473704396,13943.800743314407,0.9999589914671989,0.25909580195200466,0.2520424451651843,0.2662057646132548
y_pred[48],0.28767934089571895,0.00974851806373638,0.26942216373138467,0.30612695274982993,6.0657118082471046e-05,4.2950174721904764e-05,25829.360671806407,25758.89072332768,26063.33131433387,15195.601638789845,1.0000921490163774,0.28758720204884936,0.2782498481795879,0.2971301878612778
y_pred[49],0.28254330317589954,0.009524810205832183,0.2652978165626358,0.3010684161230532,5.988525675426647e-05,4.2468172710954575e-05,25297.221842962124,25151.599383002875,25508.10459769467,13776.440426002342,1.0000848704376646,0.2824547738796708,0.27321518180381665,0.29174798080789893
y_pred[50],0.2661554016891665,0.008235315898807456,0.25062120938870874,0.28202722885919673,4.9764497323939456e-05,3.526877511013479e-05,27385.538346571175,27262.08336014511,28023.207457049357,13272.015755004133,1.0000489292213932,0.265974823334994,0.25832583130393144,0.27401524242763703
y_pred[51],0.27543622641072585,0.008327597005753999,0.2597850526458283,0.29138373211722557,5.306422657519949e-05,3.75830971354755e-05,24628.373056304958,24549.04473098734,24947.578767149953,13985.548064778617,1.000004690552667,0.2753466355332982,0.267386137526149,0.28344562075281415
y_pred[52],0.2858873305185512,0.009843107321795247,0.2679206344351563,0.3051795942873761,6.097341524431456e-05,4.3126872156215575e-05,26060.539243350726,26046.432779234106,26323.58355210072,14544.130108807052,0.9999671151663465,0.2858634924384744,0.2763855972109399,0.2954070663702422
y_pred[53],0.2652041508586177,0.008089502972191713,0.24993661915628748,0.28032841137696674,5.9530509729643817e-05,4.2178667065540184e-05,18465.64471744525,18392.541279465324,18576.505897933723,14026.11420828369,0.9999991190335843,0.265078108699734,0.25753235307859895,0.2728745286933588
y_pred[54],0.2738696078087872,0.008707007074099313,0.25720498552123294,0.2903700683020079,5.64718627454692e-05,3.995415092170981e-05,23772.42948994959,23746.229896942794,23961.52684765925,14704.72476303413,1.000158811698935,0.2738159522070767,0.2655571067588859,0.28225208511326466
y_pred[55],0.28748354303678464,0.00994220932319984,0.26874295467987,0.30608351256767746,6.0442821616981666e-05,4.292117116197682e-05,27056.794613307862,26828.854008059716,27299.984879375326,14132.05350263405,1.000019317406937,0.2874250194175535,0.27772868908690024,0.297279844592918
y_pred[56],0.2741816940508926,0.00878861812059338,0.2581500758552244,0.29153552016527967,5.787133496095279e-05,4.101877804775595e-05,23062.914387836106,22953.915993712446,23531.630243481035,14081.614573799901,1.0000521126516533,0.27400518333904844,0.26582149782524345,0.2826478015695408
y_pred[57],0.2798585252682412,0.009336302127873973,0.2620970559705818,0.2971909392208546,6.167202633699602e-05,4.360926381981019e-05,22917.82286016014,22917.82286016014,23155.786680741243,13702.407579065934,1.0000199470552358,0.2797880359360143,0.2708639082877047,0.2888378576511056
y_pred[58],0.263710967379585,0.008035874863331035,0.2482413661165223,0.2788166411432428,5.29946948986258e-05,3.755853720827484e-05,22993.312299171666,22889.171750670233,23757.470589872984,14007.645182784705,1.0001395028854252,0.26359049558686265,0.2561355991323319,0.2712592327319855
y_pred[59],0.2718417793481755,0.008326676880739826,0.25579966151222644,0.28747701193711767,5.1837693713901066e-05,3.667184200412644e-05,25801.923395393744,25778.50783157006,26361.055518043897,14289.713209096752,1.0000175431082392,0.2718052065408407,0.2639642564534661,0.27971612743918556
y_pred[60],0.2750691631541571,0.008510408473700336,0.2587001956901404,0.291254814452158,5.5838836479606985e-05,3.9520286941352367e-05,23228.87036368142,23186.838592738088,23424.66807445935,14019.636555234503,1.0001232084163254,0.2750123610697861,0.2668836140408545,0.2831770135296512
y_pred[61],0.27089689821250595,0.008664722329877686,0.2545966572424678,0.2877102571409734,5.4176473872114404e-05,3.8323885753900373e-05,25579.25134746093,25559.368802783767,25979.816438784364,14933.067016282741,1.0001404952357198,0.27084717366501776,0.2626472632488734,0.27913837838505695
y_pred[62],0.2637788046125569,0.007978057005173959,0.2486124548554318,0.27928489184666744,5.1456153338315146e-05,3.649317406066581e-05,24039.17928218253,23897.450598514522,24813.087244841056,13781.348427988063,1.0001193922376013,0.2635561537640845,0.25640994233464104,0.27128090991060094
y_pred[63],0.2721048124472583,0.008902358126413693,0.2554604777754953,0.2892612236986029,5.749273081442109e-05,4.0716440932738314e-05,23976.415026139588,23902.92679335938,24462.2974974095,14612.678788990286,1.000020659753439,0.27191663652199083,0.2635925886976189,0.28067352671265683
y_pred[64],0.267451894592356,0.00832310052032305,0.25190610969898974,0.2833093428042983,6.0407612960169925e-05,4.2775541822317145e-05,18983.96524583735,18930.523512356776,19342.97223808954,13197.300775233529,1.0001703678919476,0.26736605053981033,0.2595642570936455,0.2754235559327501
mlt_pred[0],1.9536895130373515,0.08137398751762609,1.7956370700554345,2.108458365518235,0.0005391619029006606,0.00038233505797181363,22778.90278257819,22649.78672517782,23942.040228428035,13346.988441566587,0.9999899826989321,1.9533776674035903,1.8792097468300755,2.0295002206557626
mlt_pred[1],1.950116465593244,0.08020469769851853,1.7917064809037355,2.0995020667843076,0.0005139000440114993,0.00036396421472969094,24358.037948322875,24280.78200931505,25212.041773240402,14433.144021523593,1.000105652178321,1.9505166194949934,1.875557679495253,2.02364294692127
mlt_pred[2],1.9455095511688585,0.0804699583597122,1.788643172075529,2.093854161991699,0.000571428126044368,0.0004040666395837802,19830.986896059378,19830.986896059378,20402.35810088812,14194.527284363978,0.9999558069487217,1.9473247141954875,1.8705017599312077,2.019896080697245
mlt_pred[3],1.9564029492536217,0.0802227710649317,1.805851256175574,2.1149739972657042,0.000519539583856479,0.00036737446629145213,23842.842743910645,23842.842743910645,24660.84381510036,14031.51995852799,1.0000375597370221,1.9564783202963083,1.8816959420836092,2.030503813577001
mlt_pred[4],1.949480412542925,0.08115710786043667,1.7940073192355899,2.1025726001305967,0.0005391607456677109,0.0003820068637159513,22657.740234995104,22567.944851054523,23436.038358900838,13827.798919307146,1.000383668513983,1.9505200358463068,1.8733804564668688,2.0245744582757808
mlt_pred[5],1.9505439933256752,0.0810271270500048,1.7923385424293876,2.103462938557424,0.0005445112658864685,0.0003850326731881357,22143.544623882077,22143.544623882077,23251.22943714624,12999.050960598963,1.0001354524770807,1.9512251553823898,1.8755136204788492,2.0260628738067172
mlt_pred[6],1.9591191723874724,0.0768281806443651,1.8097750038268918,2.104733363670826,0.0005039183563985533,0.0003574778691092831,23244.528436532633,23095.307705943495,24007.84641096081,14050.353990939413,0.9999906144346352,1.957702827654746,1.8871374486968653,2.03148340019204
mlt_pred[7],1.9507992696187735,0.08086353903828641,1.79720065499623,2.1052787984822863,0.0005452277361375508,0.0003855943216785146,21996.298665763898,21990.027765467956,22464.043394656095,14418.928669461124,1.0000712114861257,1.9516063414379978,1.8759032269992542,2.025592218242381
mlt_pred[8],1.9540504166953208,0.08044467349077115,1.805675015604319,2.113296854175381,0.0005370504822136737,0.0003797569809415512,22436.978142852884,22436.978142852884,23217.77890792158,13148.648029120197,0.9999768292992144,1.9534824509714348,1.879922083096892,2.0282751734706648
mlt_pred[9],1.9538499949626915,0.08068508221448735,1.7999308974420218,2.1085395609804825,0.000529152564044913,0.0003746391743980003,23250.092335402845,23192.151021579473,24121.12830460717,12654.804932313327,1.0000501442602177,1.953372391434249,1.8792036055360555,2.0284055402522267
mlt_pred[10],1.9537436334713905,0.08022907826714835,1.7994330512047547,2.104986695276274,0.0005714810957801391,0.00040411659313803277,19708.78572558039,19707.570978250933,20452.57194428478,13035.659483647867,1.0001245563161913,1.9543031423868182,1.8793083515096538,2.027038265997446
mlt_pred[11],1.948447609992023,0.08062771480223963,1.7887396154550994,2.097379649508817,0.000553672737649916,0.00039164067302495435,21206.17897167555,21192.15285735163,22143.61250629403,13317.035435791857,1.0001652734974855,1.9494109733761136,1.8737702443166782,2.0224976675326425
mlt_pred[12],1.9515897018338249,0.0812628797816036,1.7920773192040353,2.101869889074464,0.0005689453836543389,0.00040234417749744183,20400.615074583515,20397.23981854821,20860.05966564188,14085.436167842352,0.9999266405612208,1.9516290156145835,1.8759693181140566,2.0266536207308645
mlt_pred[13],1.9589187492383826,0.07950136775726917,1.8132078322684917,2.115926097663498,0.0005031764604357623,0.0003558036491371119,24963.677837042545,24963.677837042545,25796.005852924503,14081.214151767968,1.0000832894669847,1.9582713201369897,1.8855130551135983,2.0321650938368245
mlt_pred[14],1.9556886463065697,0.08079267723301656,1.8097742464797675,2.1178620597177646,0.0005405260057439785,0.0003827237352905758,22341.422014386957,22282.02020100488,23138.714000255404,13424.871901383016,1.0000271044609985,1.9553780144234842,1.8803396148316398,2.0306107987694935
mlt_pred[15],1.9527992113840287,0.0798011848800935,1.8051813582769038,2.1112265228846883,0.0005401544933339527,0.00038367943092259025,21826.42930881591,21630.341024104382,22536.308467539715,14009.288658730567,1.0001584102809853,1.952905599407699,1.8788154774306962,2.0267279974425016
mlt_pred[16],1.9580230495574997,0.07979209350475708,1.8010064123630332,2.1071999759311715,0.0005748899365016282,0.0004066473620996967,19264.170213287496,19251.605259739943,19720.31194052026,14360.126458308656,1.0001269847083847,1.956948421903848,1.8831599032280673,2.033047088922015
mlt_pred[17],1.9465156079125168,0.08003829834007432,1.7910518862331726,2.0966116602560816,0.0005287511510490405,0.0003738882765941585,22913.584932361675,22913.584932361675,23771.201768904135,14028.980629701082,1.0002166498698755,1.9480841940934555,1.8717312233527164,2.0199740597240097
mlt_pred[18],1.9490551686894797,0.08076198660877175,1.7938212244052627,2.1004718234909796,0.0005571919812242482,0.00039407823811411194,21008.946312772005,21000.57225765755,21594.542107976988,13233.535430578298,1.000226765135251,1.949421717015401,1.874646145760298,2.0237286355769935
mlt_pred[19],1.9462866129765188,0.08081151194258439,1.787986650159893,2.0975053587970525,0.0005365567408176241,0.0003794077908295095,22683.765756041852,22683.765756041852,23384.880592936483,13329.237213539913,1.0001273987746995,1.9472316943219854,1.8728713010079545,2.021302477221207
mlt_pred[20],1.9510400602162339,0.08014284870093413,1.8006602428808913,2.106000765363684,0.0005295837879889453,0.0003744770593277585,22901.30272606431,22901.30272606431,23966.611752925775,13328.30110566689,1.0001123255724635,1.9515360930607057,1.877643313503493,2.025414358118961
mlt_pred[21],1.962745438624838,0.07992025995876241,1.8140971700535575,2.118269653628424,0.0005440661097384678,0.00038484741397648846,21577.96216395455,21563.45683005755,22162.01835320673,13558.662611184713,1.0001161516110975,1.96073585425848,1.8890733493593315,2.036794588521285
mlt_pred[22],1.9515874450702322,0.07987626062832194,1.8034430419333822,2.107350496220034,0.0005586384413606507,0.0003950226574879539,20444.373950836478,20444.373950836478,21129.53313149583,14117.957254084144,0.9999715282939767,1.9519951925904568,1.878800063664139,2.0255160720079926
mlt_pred[23],1.9536880565894397,0.07920700262680444,1.7986412618688894,2.1034413397965643,0.0005328767629558676,0.00037820843997506766,22093.9614998097,21930.38625310033,22799.44275928711,13063.478740141869,1.0001907578477747,1.9544445119398457,1.8801309369373533,2.0261748291271737
mlt_pred[24],1.9512292356227332,0.0792199947360603,1.7988719213037847,2.101844190648988,0.0005054955308359478,0.00035927839924301835,24560.374113200814,24310.162131478417,25816.320384713184,13982.26828922956,1.0001214170447872,1.9514496860415522,1.8779204102720826,2.0238391839737337
mlt_pred[25],1.9510500014067893,0.07957281478732223,1.7990846211275047,2.102503121713451,0.0005343182103739592,0.0003778250045105962,22178.363141647482,22178.363141647482,22741.855404333466,14851.680571286346,1.0001430031939194,1.9516469137332209,1.877188627331973,2.0256589477775813
mlt_pred[26],1.952718711364783,0.07966540867587552,1.8029216530913885,2.1074026756863247,0.0005150526865433841,0.0003642016989977392,23924.136030359536,23924.136030359536,24738.636584533942,13551.044076707822,1.0001224337044476,1.9532765680136928,1.879566684292798,2.026526621530704
mlt_pred[27],1.9444100931798247,0.08036306876557722,1.790728019549906,2.09582220626694,0.0005495255033691283,0.00038888276799387656,21386.38198068101,21352.930851710895,22119.364766538478,14325.97166381816,1.0001085332288808,1.9457501725474744,1.869462557891352,2.0193373860993042
mlt_pred[28],1.9502212846507632,0.08081888544161221,1.7930990712802974,2.103788269813516,0.0005488890428907256,0.0003907621039256197,21679.86587574178,21388.615328402127,22694.64371271564,14071.128827573642,1.0003837287597455,1.9505442201659993,1.8756288647760742,2.0248317007191554
mlt_pred[29],1.9564342133115071,0.07918752577559611,1.8033220649551975,2.1066842852635204,0.0005150558262883035,0.0003642039516833977,23637.684880591136,23637.684880591136,24259.36147900589,14408.664398290466,1.000014634037431,1.9568989753152426,1.8827008910885836,2.029404786791833
mlt_pred[30],1.95256653358861,0.07958291609085533,1.8036613069071976,2.107406555099186,0.0005470941642666114,0.0003868795533539605,21159.9936304796,21157.78134499227,21740.891011295807,14018.878741449305,0.9999442026057404,1.9524912056111097,1.8788069949111774,2.026261015866742
mlt_pred[31],1.9522929155732665,0.0800211213303206,1.799684330099565,2.1047996883820503,0.0005181807048125551,0.0003674961322821261,23847.715988475928,23707.427752072836,24740.734835372634,13224.639647496533,0.9999287530118786,1.9522905716983265,1.8790593165613338,2.0258119609808416
mlt_pred[32],1.9495701784487978,0.0805684579945306,1.7912971991115798,2.0978885993751497,0.0005286699450590565,0.0003739068370399658,23225.274766747647,23215.82921663353,24224.39719141886,13963.240997834257,1.0000475600581642,1.950349783554703,1.8750364992087585,2.024069821872333
mlt_pred[33],1.9619065690542612,0.07914134529501925,1.8091840066341838,2.1118883666769315,0.0005113616337614371,0.00036244619788566656,23952.48490475067,23839.679769430055,24746.71382664359,14268.583011205636,1.0001109999201336,1.9608405865721226,1.8878983993204665,2.0346133424035777
mlt_pred[34],1.9562265911902963,0.0801121419466761,1.80225404647509,2.1067290783790114,0.0005523982833870689,0.0003906099946609743,21032.555640812174,21032.555640812174,22243.84927400157,13600.012676439255,1.0001101246440651,1.9564025283628084,1.8833429561399773,2.0293332520274157
mlt_pred[35],1.949567308038009,0.07980787762856202,1.7959944534840868,2.10105660147518,0.0005216870830936815,0.0003688930798486882,23402.990457487813,23402.990457487813,24194.044038050233,13700.007110632774,1.000155978518075,1.9496199513193346,1.8753909528900032,2.0238511521262157
mlt_pred[36],1.957076648061661,0.08009848094044987,1.8058405951692207,2.1101043885378914,0.000543215568146523,0.0003841165671099501,21742.232904099426,21742.232904099426,22763.782933226015,13182.243870732176,1.0002192980865987,1.9566847725601013,1.8825341336396741,2.0308910390600534
mlt_pred[37],1.9469964797911623,0.08081116064085937,1.798632901327905,2.1098012902756906,0.0005636334813319752,0.00039855470610860075,20556.497592860047,20556.497592860047,20997.1704124137,14652.79325881875,1.0001405215738275,1.9474642119683079,1.8720160707608193,2.0217272507137523
mlt_pred[38],1.9529772312004345,0.08044953047105045,1.7999790377173686,2.105993046883467,0.0005763748907271225,0.0004084024622713621,19482.151746467312,19402.30718257684,20192.2702531897,13647.57732754525,1.0001099307279815,1.952437677943319,1.8793034719174884,2.02703437690211
mlt_pred[39],1.9490382614830615,0.08067140277646176,1.796190785212639,2.103606318071302,0.0005369706165173173,0.00037970047707667186,22570.343824040527,22570.343824040527,23412.158529264514,14311.8060976688,1.0002467298327518,1.9491319363620723,1.8750651910738705,2.0240539496500642
mlt_pred[40],1.9518771546546527,0.07992751396243256,1.8007643351923557,2.104627022660469,0.0005114997138996566,0.000361936056366578,24417.535050640436,24384.243148257632,25213.849273981272,14022.1611545248,1.0000015803231421,1.951566685559271,1.8773939936068742,2.0262717319812893
mlt_pred[41],1.9547161519418856,0.08083297255198812,1.802293867016923,2.1081153396472208,0.0005317226382338948,0.0003766016172191804,23110.36463653515,23035.29238366262,23790.752862537625,14867.097109295391,0.9999640927402694,1.9546385087735203,1.8789708011525008,2.0297942571943604
mlt_pred[42],1.948124674920683,0.080401729018753,1.787638854294485,2.0941991398675133,0.000516230764169497,0.0003650346547570764,24257.330867695975,24257.330867695975,24918.95944516666,13974.634209222148,1.0000004947227228,1.949854089229128,1.8724295192624307,2.0223463271045277
mlt_pred[43],1.9486105427804357,0.08063524326416503,1.7965862284604404,2.104547248524645,0.0005738914587119188,0.0004065884123279668,19741.96050257602,19666.301714503355,20260.19293336191,13545.516347461496,1.0002238951283755,1.9493105834384317,1.8744032427539874,2.022962417140092
mlt_pred[44],1.9495931955416246,0.07976658199522937,1.7969538143032047,2.101419827222425,0.0005778873734066545,0.00040863433433273213,19052.65725925887,19052.65725925887,19606.283366560965,14340.843754731764,1.000095658653172,1.9506002167325254,1.8758750848172192,2.023134484915645
mlt_pred[45],1.9573422639440055,0.08173491089021102,1.8010954215872679,2.113564105384701,0.0005376660007028167,0.0003801920736823213,23109.472773761103,23109.472773761103,23928.067894350235,13732.733432242874,0.999973563296246,1.9574260267515498,1.881926326959707,2.033443656388268
mlt_pred[46],1.956411027552783,0.08211720367945705,1.7982473968387,2.11439571133144,0.0005650691484042692,0.0004012800964277629,21118.599359200358,20938.962397101714,21597.808285916348,13375.288591129642,1.0001003192001454,1.9560174907063368,1.880202719567844,2.0319766144975664
mlt_pred[47],1.9480376125561025,0.080722707742984,1.7944247121240622,2.1004554976798913,0.0005200854944869397,0.00036978885348876926,24090.286239449528,23826.72892585002,24920.69206283939,13295.998444754923,1.0001994538962287,1.9492283367729115,1.8732815572223982,2.0227537839600918
mlt_pred[48],1.95870515806482,0.07994815313237805,1.8120502349910608,2.1174679926291557,0.0005344593759190363,0.0003786586612097637,22376.25851536266,22289.608952854214,22991.67955006992,13667.867793855137,1.000186300922752,1.9575544244067955,1.8844551772899196,2.0333478853403726
mlt_pred[49],1.9589005502370462,0.07881369960383351,1.81101566530909,2.1108315151476904,0.0005188816727736145,0.0003681891764120351,23071.01840712576,22910.917188525207,24012.26987866098,13772.735387269135,1.00047664937216,1.957225830583888,1.8866237668784036,2.030889669457474
mlt_pred[50],1.9584023600299587,0.0808566680793653,1.8028720285945627,2.1133176477317837,0.0005209037665067606,0.00036861813111745205,24094.431667005178,24057.962130155393,25305.034908656202,12977.193245985185,1.000074669662751,1.9574859750238578,1.8831894724520337,2.0332120967078535
mlt_pred[51],1.9521866071959288,0.0796309930951505,1.7999919097063473,2.1063189888107745,0.0005383318564967631,0.0003806631829429121,21880.84566258894,21880.84566258894,22615.383911951998,13297.059040034512,1.0000201160551612,1.9519989165774665,1.8787377349454784,2.026439280813074
mlt_pred[52],1.9596091190994138,0.07967320157244766,1.8105539228815528,2.111935175346501,0.0005395538371551888,0.000382198674499733,21804.94358160447,21728.405428289516,22543.940944408594,13360.319102575353,1.0002365182147606,1.959316698206635,1.885135961658119,2.034817228652521
mlt_pred[53],1.9482704215594793,0.08073873450621988,1.7894256335943404,2.0950878497133005,0.0005538526652485759,0.0003916383494337685,21250.804508136225,21250.804508136225,22092.826053782304,13074.34617329876,1.0000354195416221,1.949963637015435,1.8727040353169295,2.0226777720046525
mlt_pred[54],1.9575611333161174,0.07994087896666398,1.8063510306573658,2.111534383538565,0.0005300854735134088,0.00037491169953569496,22742.90997651606,22733.22360671405,23339.644201354004,14208.556708944248,1.0001859993875797,1.95663062421876,1.8832896160863795,2.0319048656949983
mlt_pred[55],1.955024007458166,0.08043141466600015,1.800717019368631,2.106041451095219,0.0005424890128924943,0.00038376018372950505,21982.117306706183,21964.08605778067,22681.24769782388,14540.31747765532,1.0000124698589439,1.95499692086772,1.8809506180206534,2.0295352552069246
mlt_pred[56],1.9503464738781258,0.08078742733508809,1.7959550421510624,2.105249128913579,0.0005303380790888169,0.0003755713321260587,23205.01930742849,23135.753225390825,23736.831423115604,14210.132801597572,0.9999874632617523,1.9506697791276388,1.8750562911596997,2.025033989621648
mlt_pred[57],1.9534969568786942,0.07985986820571862,1.8003263687990831,2.1025530773086842,0.000534550381805384,0.00037798914447455554,22319.265074170045,22319.265074170045,22949.27180498459,14453.466854525675,1.0000935333114382,1.9535525976450565,1.8796073083909388,2.0277903693314845
mlt_pred[58],1.954706224274873,0.08051445224371774,1.8019779407433416,2.1077500015225956,0.0005617807854693772,0.00039812181366343506,20540.63774288341,20450.226324489646,21113.219141079626,13551.280072823685,0.9999360052984364,1.9543910861011784,1.880145390335097,2.0305566084762
mlt_pred[59],1.9525720011804588,0.07982888429463356,1.7998089989860322,2.104768833456304,0.0005348285223377386,0.0003781858364304042,22278.759171410275,22278.759171410275,23168.811977253627,13230.149785626447,1.0000068227096972,1.9523071408723323,1.8786937961869814,2.0259973733822747
mlt_pred[60],1.952927914603498,0.07974911257757111,1.8021399982171853,2.1046340529378957,0.0005194181983597388,0.00036728868020930464,23573.137808495863,23573.137808495863,23964.204344507925,13996.082879559524,1.0000889224703406,1.9534477533316912,1.877843634127526,2.0275169706542258
mlt_pred[61],1.9502395667622543,0.08039276804706798,1.7961057198627097,2.102504267714583,0.0005588070666221397,0.0003957468163306764,20697.132770903994,20633.903020516216,21177.39673759778,13899.505426859772,1.0000671360169429,1.9512422003869445,1.8759085370229585,2.0242546647224806
mlt_pred[62],1.9487091724082442,0.08035517689048696,1.7956975478115655,2.1015844004320794,0.0005284941100103406,0.00037387936328033586,23117.84885028088,23096.474094142257,24202.133119136037,14095.229734105065,1.0001312389675134,1.9495127375140606,1.8743217667854386,2.022745257698376
mlt_pred[63],1.9566821799098573,0.07879489159751396,1.8111287714942403,2.111899362196058,0.0005287296814243925,0.0003751193988961155,22208.986616429185,22061.67990989488,22998.01976550848,14132.981179443372,1.0004781493200834,1.9562636515421732,1.8842301830057255,2.0298770922007248
mlt_pred[64],1.957917241538368,0.07835309937644598,1.8116155680355015,2.106511481269989,0.0005206357438726399,0.00036814980741020864,22648.758380925665,22648.758380925665,23496.34562418225,13866.504375635974,1.0003728670479823,1.9575733174843268,1.8848662283216329,2.0304954239011153
